fsa,hous_frac_type_single_detached,hous_frac_type_highrise,hous_frac_type_other_attached,hous_frac_type_movable,hous_avg_rooms,hous_frac_major_repair,hous_frac_age_pre_1980,hous_frac_age_1981_2000,hous_frac_age_post_2001,hous_median_value,demogr_pop_2016,demogr_num_total_dwellings,demogr_num_occ_dwellings,demogr_median_age,demogr_avg_household_size,demogr_frac_tenure_owned,demogr_frac_tenure_rented,demogr_frac_tenure_band,socioeco_frac_low_income,socioeco_median_income,socioeco_frac_high_income,socioeco_frac_govt_transfers,socioeco_frac_unemployment_rate,socioeco_frac_nonlaborer,socioeco_frac_bachelor_plus,socioeco_frac_overcrowded,socioeco_frac_unsuitable_housing,socioeco_frac_housing_burden
A0A,0.9230571281523418,0.0002573340195573855,0.07102418939783839,0.005661348430262481,7.0,0.07734092084842215,0.5312984997413347,0.26875323331608897,0.1999482669425763,200209.0,46587.0,26155.0,19426.0,48.5,2.4,0.8613195342820181,0.1386804657179819,0.0,0.17,63866.0,0.025411454904542462,0.207,0.16399999999999998,0.4556621880998081,0.10614192009540847,0.0028453181583031556,0.020693222969477496,0.11599999999999999
A0B,0.9477272727272728,0.0,0.03977272727272727,0.0125,6.9,0.07879818594104308,0.5751559841179807,0.28587634713556437,0.13896766874645491,150155.0,19792.0,13658.0,8792.0,54.2,2.2,0.8922902494331065,0.10770975056689343,0.0,0.165,59154.0,0.023056458764410287,0.237,0.185,0.4838893641288851,0.0730098916627414,0.002834467120181406,0.011337868480725623,0.095
A0C,0.9339875111507583,0.0,0.05263157894736842,0.013380909901873328,6.6,0.06582506762849413,0.5915238954012624,0.2867448151487827,0.12173128944995491,105093.0,12587.0,8010.0,5606.0,53.1,2.2,0.871841155234657,0.12815884476534295,0.0,0.205,52112.0,0.00942507068803016,0.298,0.268,0.47597042513863214,0.060495626822157436,0.0,0.009918845807033363,0.08900000000000001
A0E,0.9338541666666667,0.0005208333333333333,0.05520833333333333,0.010416666666666666,6.9,0.07232049947970863,0.6612903225806451,0.24193548387096775,0.0967741935483871,120199.0,22294.0,12293.0,9603.0,51.0,2.3,0.8688183237896928,0.13118167621030713,0.0,0.171,60954.0,0.025302826379542395,0.217,0.235,0.48757763975155277,0.07221542227662178,0.0015608740894901144,0.014575741801145237,0.079
A0G,0.9361842105263158,0.0,0.057236842105263155,0.006578947368421052,6.9,0.08755760368663594,0.5765054294175715,0.29713721618953604,0.1263573543928924,119920.0,35266.0,21750.0,15200.0,52.8,2.3,0.8824884792626728,0.1175115207373272,0.0,0.207,53342.0,0.012956017729287419,0.28600000000000003,0.275,0.507715036112935,0.06316348195329087,0.003620803159973667,0.012837393021724819,0.08199999999999999
A0H,0.8830065359477124,0.0,0.11176470588235295,0.00522875816993464,6.8,0.08678756476683938,0.6297734627831715,0.24401294498381876,0.1262135922330097,100022.0,17804.0,9928.0,7651.0,51.6,2.3,0.8220064724919094,0.17346278317152103,0.004530744336569579,0.228,52847.0,0.010803511141120865,0.28,0.252,0.4992055926278996,0.06458123107971746,0.0012953367875647669,0.018134715025906734,0.09
A0J,0.8817518248175182,0.0,0.11532846715328467,0.00291970802919708,7.0,0.06901615271659324,0.5498533724340176,0.30498533724340177,0.14516129032258066,129635.0,7880.0,4813.0,3426.0,52.9,2.2,0.8237885462555066,0.1762114537444934,0.0,0.212,52352.0,0.01918649270913277,0.259,0.28,0.5304606240713224,0.07203907203907203,0.0,0.013215859030837005,0.075
A0K,0.9296663660955816,0.0,0.05590622182146077,0.014427412082957619,7.1,0.10099188458070334,0.5421741091565179,0.37167343256653135,0.08615245827695084,89669.0,26058.0,15159.0,11090.0,51.8,2.3,0.8940964398377648,0.10590356016223525,0.0,0.174,60533.0,0.015891032917139614,0.264,0.363,0.46504492658338814,0.07929362880886427,0.0031559963931469793,0.016681695220919748,0.055
A0L,0.9355345911949685,0.0,0.06289308176100629,0.0015723270440251573,7.3,0.06356589147286822,0.5116279069767442,0.31007751937984496,0.17829457364341086,199906.0,7643.0,3769.0,3178.0,48.3,2.4,0.8763523956723338,0.12364760432766615,0.0,0.132,69449.0,0.017377567140600316,0.209,0.21100000000000002,0.4436885865457294,0.13846153846153847,0.0046439628482972135,0.02321981424148607,0.087
A0M,0.8756756756756757,0.005405405405405406,0.11171171171171171,0.007207207207207207,6.7,0.07871198568872988,0.696969696969697,0.21746880570409982,0.0855614973262032,100046.0,6200.0,3247.0,2769.0,52.6,2.2,0.8303571428571429,0.16964285714285715,0.0,0.166,57165.0,0.009643201542912247,0.244,0.278,0.48476454293628807,0.08882521489971347,0.0,0.017857142857142856,0.075
A0N,0.9380392156862745,0.0,0.05254901960784314,0.009411764705882352,6.6,0.11559778305621536,0.5794466403162055,0.3138339920948617,0.1067193675889328,100348.0,13815.0,8027.0,6370.0,53.2,2.1,0.8473101265822784,0.15268987341772153,0.0,0.299,42787.0,0.006068487212830516,0.331,0.29600000000000004,0.5602334305960817,0.06873315363881402,0.0031645569620253164,0.01819620253164557,0.11900000000000001
A0P,0.7740899357601713,0.0,0.22376873661670235,0.0021413276231263384,6.3,0.14331550802139037,0.3426124197002141,0.354389721627409,0.3029978586723769,260048.0,13721.0,5123.0,4677.0,34.5,2.9,0.6224598930481283,0.2887700534759358,0.08877005347593583,0.106,99631.0,0.027709054923305294,0.107,0.147,0.3252380952380952,0.13703208556149732,0.052406417112299465,0.09197860962566845,0.064
A0R,0.5618556701030928,0.0,0.41237113402061853,0.02577319587628866,7.0,0.04639175257731959,0.7668393782383419,0.05699481865284974,0.17616580310880828,239708.0,2543.0,1293.0,966.0,35.4,2.6,0.6113989637305699,0.38860103626943004,0.0,0.027999999999999997,130048.0,0.06084656084656084,0.059000000000000004,0.08900000000000001,0.26700251889168763,0.11186440677966102,0.0,0.010309278350515464,0.084
A1A,0.5578822599762939,0.0150138285262742,0.42670881074674044,0.0003951007506914263,7.1,0.03157063930544594,0.47418210484824597,0.2668506109578242,0.25896728419392984,341922.0,30382.0,13545.0,12663.0,42.7,2.4,0.6823204419889503,0.31767955801104975,0.0,0.11,83560.0,0.056599876058665566,0.09,0.083,0.3617781305814646,0.43108682452944747,0.005919494869771113,0.01617995264404104,0.11699999999999999
A1B,0.34508670520231216,0.013294797687861272,0.6416184971098265,0.0,6.5,0.047674418604651166,0.5534883720930233,0.17209302325581396,0.2744186046511628,349459.0,19867.0,10051.0,8653.0,33.0,2.2,0.5014543339150669,0.4985456660849331,0.0,0.233,61043.0,0.04120879120879121,0.099,0.11699999999999999,0.3728813559322034,0.41610414657666345,0.009889470622454915,0.03257707969749855,0.18100000000000002
A1C,0.2393493415956623,0.0023237800154918666,0.7575522850503486,0.000774593338497289,5.7,0.09264931087289434,0.8264525993883792,0.09403669724770643,0.07951070336391437,250564.0,12712.0,7438.0,6453.0,39.1,1.9,0.5137825421133231,0.48621745788667686,0.0,0.243,52608.0,0.030677655677655676,0.122,0.10300000000000001,0.3564835164835165,0.40340218712029163,0.005359877488514548,0.02218821729150727,0.177
A1E,0.35273017138302115,0.017138302112395375,0.6301315265045835,0.0,6.5,0.047016989332279734,0.5861660079051383,0.3067193675889328,0.10711462450592886,299259.0,27115.0,13704.0,12553.0,45.1,2.1,0.5807981035163967,0.41920189648360334,0.0,0.171,61758.0,0.024315443592552027,0.14,0.087,0.39568345323741005,0.28543752018082014,0.004741209008297116,0.023706045041485577,0.151
A1G,0.48088531187122735,0.002012072434607646,0.5171026156941649,0.0,6.7,0.030364372469635626,0.4596774193548387,0.25,0.2903225806451613,300271.0,5777.0,2646.0,2483.0,41.3,2.3,0.7131313131313132,0.2868686868686869,0.0,0.10400000000000001,73927.0,0.022340425531914895,0.12,0.086,0.32676348547717843,0.22451994091580502,0.0,0.022267206477732792,0.19399999999999998
A1H,0.5904522613065326,0.0,0.4020100502512563,0.007537688442211055,7.5,0.005012531328320802,0.0,0.08,0.92,425756.0,5493.0,2102.0,1984.0,36.1,2.8,0.85,0.15,0.0,0.037000000000000005,129792.0,0.08635794743429287,0.05,0.040999999999999995,0.24910607866507747,0.43720190779014306,0.0,0.01,0.1
A1K,0.8511837655016911,0.0011273957158962795,0.14656144306651633,0.0011273957158962795,7.7,0.03824521934758155,0.29504504504504503,0.3108108108108108,0.39414414414414417,349599.0,12253.0,4646.0,4438.0,40.0,2.7,0.8627671541057368,0.1372328458942632,0.0,0.062,105612.0,0.0563230605738576,0.08199999999999999,0.083,0.3057553956834532,0.26441631504922647,0.0,0.007874015748031496,0.11599999999999999
A1L,0.6699875466998755,0.0,0.3300124533001245,0.0,7.3,0.023024268823895456,0.12266500622665007,0.25840597758405975,0.6189290161892902,349571.0,21376.0,8659.0,8035.0,35.7,2.6,0.8069738480697385,0.1930261519302615,0.0,0.057,107512.0,0.049890863735578425,0.07,0.069,0.2464597770412775,0.2674007078254031,0.0012453300124533001,0.010578718108276292,0.11800000000000001
A1M,0.8966666666666666,0.0,0.10166666666666667,0.0016666666666666668,7.6,0.06030150753768844,0.304857621440536,0.31825795644891125,0.3768844221105528,370858.0,8058.0,3181.0,2996.0,41.3,2.7,0.8795986622073578,0.12040133779264214,0.0,0.068,107194.0,0.06270096463022508,0.08199999999999999,0.08,0.31148804934464147,0.3030949839914621,0.0033500837520938024,0.01507537688442211,0.126
A1N,0.45393024466423737,0.0005205622071837585,0.5455491931285789,0.0,7.2,0.03800104112441437,0.4528400208441897,0.416362688900469,0.13079729025534131,299337.0,22957.0,10381.0,9605.0,44.5,2.4,0.7244791666666667,0.2755208333333333,0.0,0.09,78232.0,0.024237685691946835,0.11699999999999999,0.077,0.35239294710327457,0.210188679245283,0.0026028110359187923,0.014575741801145237,0.13699999999999998
A1S,0.702819956616052,0.0,0.2603036876355748,0.0368763557483731,7.5,0.0449438202247191,0.3550561797752809,0.38202247191011235,0.26292134831460673,300542.0,6142.0,2374.0,2304.0,42.6,2.6,0.8183856502242153,0.18161434977578475,0.0,0.09300000000000001,87723.0,0.02727272727272727,0.12,0.064,0.33367139959432046,0.1380813953488372,0.004484304932735426,0.015730337078651686,0.114
A1V,0.6496424923391215,0.0040858018386108275,0.3452502553626149,0.0010214504596527069,6.9,0.04805725971370143,0.5515832482124617,0.20326864147088866,0.24514811031664965,250197.0,11698.0,5172.0,4892.0,43.2,2.3,0.6595092024539877,0.34049079754601225,0.0,0.121,72896.0,0.03685636856368564,0.127,0.1,0.37355110642781875,0.19309262166405022,0.0,0.013292433537832311,0.081
A1W,0.7540983606557377,0.0,0.2459016393442623,0.0,7.5,0.020905923344947737,0.2930232558139535,0.3941860465116279,0.3127906976744186,313797.0,11209.0,4549.0,4269.0,42.3,2.6,0.8199767711962834,0.1800232288037166,0.0,0.07,94620.0,0.04,0.096,0.096,0.3198051948051948,0.21695178849144633,0.0023228803716608595,0.011627906976744186,0.122
A1X,0.784452296819788,0.0,0.21554770318021202,0.0,7.2,0.032830523513753325,0.2987588652482269,0.2845744680851064,0.4166666666666667,299911.0,15003.0,6007.0,5668.0,40.3,2.6,0.8315602836879432,0.16843971631205673,0.0,0.08900000000000001,86989.0,0.026166593981683386,0.11900000000000001,0.091,0.32653061224489793,0.15493790656416323,0.0,0.013297872340425532,0.128
A1Y,0.8663793103448276,0.0,0.1336206896551724,0.0,6.7,0.07526881720430108,0.5364806866952789,0.26824034334763946,0.19527896995708155,198770.0,5669.0,2627.0,2321.0,49.4,2.3,0.8086021505376344,0.1913978494623656,0.0,0.163,60448.0,0.025555555555555557,0.20800000000000002,0.18600000000000003,0.42433862433862435,0.12,0.0,0.01935483870967742,0.11199999999999999
A2A,0.6310679611650486,0.0,0.36771844660194175,0.0012135922330097086,7.2,0.06396063960639606,0.5852760736196319,0.20736196319018405,0.20736196319018405,200458.0,9610.0,4345.0,4118.0,46.2,2.3,0.7023370233702337,0.2976629766297663,0.0,0.142,67533.0,0.024804177545691905,0.157,0.14800000000000002,0.424968474148802,0.21648460774577954,0.0024600246002460025,0.012285012285012284,0.086
A2B,0.6713615023474179,0.002347417840375587,0.32629107981220656,0.0,6.5,0.09601873536299765,0.6338028169014085,0.21830985915492956,0.14788732394366197,150292.0,4909.0,2740.0,2127.0,49.0,2.2,0.6378504672897196,0.3621495327102804,0.0,0.221,50341.0,0.007537688442211055,0.243,0.2,0.4700854700854701,0.06716417910447761,0.0,0.01873536299765808,0.106
A2H,0.6959038290293855,0.0004452359750667854,0.2947462154942119,0.008904719501335707,6.8,0.05756358768406961,0.6164139161462979,0.2256913470115968,0.15789473684210525,224335.0,26092.0,12628.0,11227.0,47.0,2.3,0.6801962533452275,0.3198037466547725,0.0,0.152,62056.0,0.01676109537299339,0.175,0.13,0.4187214611872146,0.205988455988456,0.0022301516503122213,0.0191793041926851,0.11
A2N,0.6205191594561187,0.027194066749072928,0.3411619283065513,0.011124845488257108,6.6,0.0687960687960688,0.6236162361623616,0.22140221402214022,0.15498154981549817,200650.0,8904.0,4348.0,4048.0,49.0,2.2,0.6125461254612546,0.3874538745387454,0.0,0.253,49963.0,0.01607267645003494,0.22,0.179,0.48241539482415396,0.15618448637316562,0.0,0.00984009840098401,0.095
A2V,0.5255102040816326,0.01870748299319728,0.37244897959183676,0.08333333333333333,6.7,0.05326460481099656,0.8664383561643836,0.039383561643835614,0.09417808219178082,250755.0,7288.0,3500.0,2933.0,37.4,2.5,0.7873070325900514,0.21269296740994853,0.0,0.052000000000000005,125483.0,0.06111603188662533,0.059000000000000004,0.086,0.2874251497005988,0.14656144306651633,0.0,0.012006861063464836,0.039
A5A,0.7838660578386606,0.0,0.2100456621004566,0.0060882800608828,7.1,0.06726457399103139,0.4176646706586826,0.3083832335329341,0.27395209580838326,229883.0,8111.0,3830.0,3284.0,43.4,2.4,0.7458893871449925,0.25411061285500747,0.0,0.127,69589.0,0.03213166144200627,0.149,0.121,0.37925925925925924,0.1664779161947905,0.0029895366218236174,0.014947683109118086,0.07400000000000001
A8A,0.8269230769230769,0.0,0.1520979020979021,0.02097902097902098,6.9,0.07005253940455342,0.48336252189141854,0.2504378283712785,0.266199649737303,200155.0,6901.0,4041.0,2865.0,49.2,2.4,0.7740805604203153,0.22591943957968477,0.0,0.17300000000000001,60902.0,0.01948627103631532,0.218,0.22,0.4470284237726098,0.10092961487383798,0.0,0.01576182136602452,0.14300000000000002
B0C,0.9051724137931034,0.0,0.034482758620689655,0.0603448275862069,6.3,0.08658008658008658,0.5869565217391305,0.2782608695652174,0.13478260869565217,139789.0,2649.0,1689.0,1161.0,50.4,2.2,0.8869565217391304,0.11304347826086956,0.0,0.152,56597.0,0.0069605568445475635,0.32,0.33299999999999996,0.3797752808988764,0.10687022900763359,0.0,0.021645021645021644,0.094
B0E,0.8521970705725699,0.0004438526409232135,0.08655126498002663,0.06080781180648025,6.5,0.10706352732119058,0.6127886323268206,0.24955595026642985,0.13765541740674955,139303.0,25881.0,14997.0,11258.0,52.1,2.2,0.8095026642984015,0.14653641207815277,0.04396092362344583,0.16399999999999998,55125.0,0.011390602752728999,0.24600000000000002,0.182,0.4532967032967033,0.15545060999606455,0.003996447602131439,0.03108348134991119,0.095
B0H,0.8424657534246576,0.0,0.03995433789954338,0.11757990867579908,6.5,0.11717861205915814,0.5820045558086561,0.26993166287015946,0.1480637813211845,107856.0,9953.0,5827.0,4388.0,51.7,2.3,0.8545454545454545,0.12045454545454545,0.025,0.187,55040.0,0.012844036697247707,0.23600000000000002,0.16899999999999998,0.46354475400118555,0.13359920239282153,0.0,0.013636363636363636,0.10099999999999999
B0J,0.8870694522868436,0.0,0.07622811970638058,0.03670242800677583,6.6,0.1018202502844141,0.6199146514935988,0.24665718349928875,0.13342816500711238,199910.0,39302.0,23591.0,17707.0,51.8,2.2,0.8304409672830726,0.16671408250355618,0.002844950213371266,0.171,57705.0,0.013694414525311586,0.18600000000000003,0.098,0.43748125937031485,0.17526277193840137,0.0025604551920341396,0.017354196301564723,0.132
B0K,0.8095087163232964,0.0003169572107765452,0.1318541996830428,0.05832012678288431,6.5,0.12042051608792609,0.6346828179789608,0.224418233981511,0.1408989480395282,139366.0,35895.0,20689.0,15775.0,49.7,2.2,0.7920382165605095,0.19904458598726116,0.008917197452229299,0.18899999999999997,55522.0,0.011109182433605277,0.2,0.124,0.43842281879194633,0.15487938596491227,0.003504300732717426,0.02548582351067219,0.11800000000000001
B0L,0.919431279620853,0.0,0.04265402843601896,0.037914691943127965,6.4,0.15714285714285714,0.7142857142857143,0.19523809523809524,0.09047619047619047,89755.0,2364.0,1657.0,1056.0,52.3,2.2,0.9047619047619048,0.09523809523809523,0.0,0.207,51371.0,0.005012531328320802,0.249,0.145,0.5256723716381418,0.0912863070539419,0.009523809523809525,0.03349282296650718,0.13
B0M,0.8635761589403973,0.0,0.08940397350993377,0.04701986754966887,6.6,0.12956810631229235,0.6954787234042553,0.22539893617021275,0.07912234042553191,100249.0,16997.0,9995.0,7548.0,49.9,2.2,0.8283433133732535,0.17165668662674652,0.0,0.22699999999999998,50082.0,0.006535947712418301,0.218,0.11900000000000001,0.4493160294633462,0.11560693641618497,0.0026560424966799467,0.023240371845949535,0.11900000000000001
B0N,0.8312312312312312,0.0006006006006006006,0.0966966966966967,0.07147147147147147,6.7,0.11739915713425647,0.5743527995183624,0.27874774232390126,0.1468994581577363,174291.0,39559.0,19157.0,16644.0,46.7,2.3,0.8080048149262714,0.17514294312368342,0.01685224195004514,0.177,59691.0,0.007677543186180422,0.179,0.092,0.4012875536480687,0.139943741209564,0.004515352197471403,0.023780854906682723,0.132
B0P,0.8283096926713948,0.0002955082742316785,0.13977541371158392,0.031619385342789595,7.0,0.09985272459499264,0.5378497790868925,0.30486008836524303,0.1572901325478645,184391.0,40417.0,18766.0,16913.0,46.6,2.4,0.7664212076583211,0.2300441826215022,0.0035346097201767305,0.17300000000000001,59980.0,0.009061084205592877,0.16899999999999998,0.091,0.40330920372285417,0.17618040873854826,0.0014727540500736377,0.01826215022091311,0.127
B0R,0.9416195856873822,0.0,0.032015065913371,0.026365348399246705,6.8,0.13549618320610687,0.6901140684410646,0.22053231939163498,0.08935361216730038,150114.0,5779.0,3771.0,2656.0,54.3,2.2,0.9047619047619048,0.09523809523809523,0.0,0.23199999999999998,51237.0,0.00815494393476045,0.221,0.085,0.5099206349206349,0.11686143572621036,0.0038095238095238095,0.015238095238095238,0.115
B0S,0.8466373350094281,0.0,0.14079195474544312,0.01257071024512885,6.8,0.13753943217665615,0.7162673392181589,0.2005044136191677,0.0832282471626734,145325.0,17212.0,9892.0,7954.0,53.5,2.1,0.7848580441640378,0.2082018927444795,0.00694006309148265,0.264,46305.0,0.0063604240282685515,0.237,0.139,0.48153214774281805,0.1409356725146199,0.005681818181818182,0.02334384858044164,0.139
B0T,0.8537490720118782,0.0,0.09725315515961395,0.04899777282850779,6.6,0.13864306784660768,0.7390983000739099,0.19216555801921656,0.06873614190687362,129953.0,14607.0,9029.0,6737.0,52.9,2.1,0.7927728613569321,0.20353982300884957,0.003687315634218289,0.245,48407.0,0.011221945137157107,0.239,0.127,0.48994082840236686,0.1163251817580965,0.0014749262536873156,0.024336283185840708,0.11699999999999999
B0V,0.7858439201451906,0.0,0.19056261343012704,0.023593466424682397,6.5,0.13123844731977818,0.725925925925926,0.18888888888888888,0.08518518518518518,119972.0,5809.0,3253.0,2758.0,51.6,2.1,0.6931608133086876,0.3068391866913124,0.0,0.27399999999999997,43776.0,0.009394572025052192,0.249,0.17,0.4450154162384378,0.125,0.0036968576709796672,0.024029574861367836,0.136
B0W,0.9364089775561097,0.0,0.043640897755610975,0.0199501246882793,7.0,0.1026600166251039,0.6601578728707935,0.271292064810968,0.06855006231823847,125060.0,26951.0,14465.0,12029.0,50.3,2.2,0.8715176715176716,0.1284823284823285,0.0,0.16699999999999998,58417.0,0.012362030905077263,0.207,0.113,0.3986660929432014,0.12307692307692308,0.0024937655860349127,0.017456359102244388,0.087
B1A,0.6971631205673758,0.0,0.29929078014184396,0.0035460992907801418,6.3,0.11331444759206799,0.7462897526501767,0.16890459363957597,0.08480565371024736,109867.0,15937.0,7593.0,7051.0,49.2,2.2,0.6841359773371105,0.31586402266288954,0.0,0.245,47659.0,0.008527131782945736,0.275,0.191,0.49296296296296294,0.14087061668681983,0.0028328611898017,0.038924274593064405,0.11599999999999999
B1B,0.8468468468468469,0.0,0.04504504504504504,0.10810810810810811,6.5,0.1388888888888889,0.6574074074074074,0.24074074074074073,0.10185185185185185,100074.0,1196.0,643.0,550.0,54.6,2.2,0.8796296296296297,0.12037037037037036,0.0,0.155,56491.0,0.009569377990430622,0.267,0.223,0.5141509433962265,0.13709677419354838,0.0,0.0,0.126
B1C,0.8986486486486487,0.0,0.033783783783783786,0.06756756756756757,6.7,0.08609271523178808,0.7218543046357616,0.23178807947019867,0.046357615894039736,100073.0,1654.0,859.0,738.0,54.0,2.2,0.881578947368421,0.11842105263157894,0.0,0.127,65536.0,0.01384083044982699,0.28600000000000003,0.374,0.4276729559748428,0.13259668508287292,0.0,0.02631578947368421,0.052000000000000005
B1E,0.8333333333333334,0.0,0.13768115942028986,0.028985507246376812,6.7,0.14814814814814814,0.7426470588235294,0.16176470588235295,0.09558823529411764,114967.0,1564.0,729.0,682.0,48.8,2.3,0.7720588235294118,0.22794117647058823,0.0,0.195,52608.0,0.007751937984496124,0.264,0.19399999999999998,0.5126353790613718,0.1509433962264151,0.014814814814814815,0.02962962962962963,0.124
B1G,0.6863905325443787,0.0,0.25443786982248523,0.05917159763313609,6.5,0.1242603550295858,0.6666666666666666,0.22023809523809523,0.1130952380952381,99266.0,1867.0,898.0,843.0,51.4,2.2,0.7142857142857143,0.2857142857142857,0.0,0.217,48192.0,0.006349206349206349,0.282,0.16899999999999998,0.5259938837920489,0.10638297872340426,0.0,0.023668639053254437,0.10099999999999999
B1H,0.7494172494172494,0.0,0.23076923076923078,0.019813519813519812,6.3,0.10981308411214953,0.6950934579439252,0.2371495327102804,0.06775700934579439,100043.0,9642.0,4539.0,4296.0,50.7,2.2,0.7476635514018691,0.2523364485981308,0.0,0.215,49499.0,0.006265664160401002,0.293,0.185,0.5275590551181102,0.130859375,0.002336448598130841,0.036214953271028034,0.13
B1J,0.8958333333333334,0.0,0.020833333333333332,0.08333333333333333,6.9,0.05102040816326531,0.594059405940594,0.2871287128712871,0.1188118811881188,199967.0,969.0,707.0,479.0,58.7,2.0,0.8969072164948454,0.10309278350515463,0.0,0.11900000000000001,64640.0,0.023121387283236993,0.193,0.23600000000000002,0.5187165775401069,0.2222222222222222,0.0,0.0,0.057
B1K,0.9467680608365019,0.0,0.022813688212927757,0.030418250950570342,6.9,0.09022556390977443,0.5263157894736842,0.3007518796992481,0.17293233082706766,185296.0,3049.0,1951.0,1321.0,52.2,2.3,0.9360902255639098,0.06390977443609022,0.0,0.107,69230.0,0.01937984496124031,0.192,0.19399999999999998,0.4386973180076628,0.24050632911392406,0.0,0.0,0.098
B1L,0.8403990024937655,0.0,0.029925187032418952,0.12967581047381546,7.0,0.062034739454094295,0.5049751243781094,0.38308457711442784,0.11194029850746269,182637.0,4905.0,2086.0,2007.0,49.2,2.4,0.9106699751861043,0.08933002481389578,0.0,0.078,75975.0,0.015990159901599015,0.162,0.102,0.3962040332147094,0.2897196261682243,0.0,0.017369727047146403,0.07400000000000001
B1M,0.875,0.0,0.041666666666666664,0.08333333333333333,7.1,0.04081632653061224,0.43,0.43,0.14,199726.0,1130.0,534.0,476.0,50.3,2.3,0.9191919191919192,0.08080808080808081,0.0,0.10300000000000001,83627.0,0.010416666666666666,0.161,0.127,0.3853658536585366,0.2753623188405797,0.0,0.0,0.099
B1N,0.7586206896551724,0.0,0.22718052738336714,0.014198782961460446,6.3,0.09292929292929293,0.8279352226720648,0.12348178137651822,0.048582995951417005,99991.0,5705.0,2640.0,2465.0,47.1,2.3,0.6888888888888889,0.3111111111111111,0.0,0.25,46624.0,0.00437636761487965,0.275,0.19399999999999998,0.46113989637305697,0.10561056105610561,0.0,0.03434343434343434,0.136
B1P,0.5772893772893772,0.01978021978021978,0.389010989010989,0.01391941391941392,5.9,0.10051357300073367,0.7945707997065297,0.13646368305209097,0.06896551724137931,140245.0,14296.0,7456.0,6820.0,46.8,2.1,0.5553925165077036,0.4446074834922964,0.0,0.25,45926.0,0.007633587786259542,0.231,0.156,0.4485022568732048,0.22266666666666668,0.003668378576669112,0.0344574780058651,0.153
B1R,0.8638888888888889,0.0,0.1361111111111111,0.0,7.2,0.08333333333333333,0.6398891966759003,0.2299168975069252,0.13019390581717452,179790.0,4318.0,1850.0,1799.0,46.1,2.4,0.8282548476454293,0.17174515235457063,0.0,0.095,73664.0,0.01276595744680851,0.16,0.129,0.40654843110504774,0.2800875273522976,0.0,0.019444444444444445,0.081
B1S,0.6600846262341326,0.021156558533145273,0.31875881523272215,0.0,6.6,0.08498583569405099,0.6274787535410765,0.24645892351274787,0.12606232294617564,190051.0,8548.0,3832.0,3541.0,51.1,2.2,0.6152758132956153,0.33946251768033947,0.04526166902404526,0.145,57842.0,0.022727272727272728,0.171,0.127,0.45,0.3354673495518566,0.0028328611898017,0.021246458923512748,0.11
B1T,1.0,0.0,0.0,0.0,6.9,0.09375,0.42424242424242425,0.45454545454545453,0.12121212121212122,160195.0,354.0,315.0,175.0,58.6,2.0,0.9354838709677419,0.06451612903225806,0.0,0.127,56768.0,0.015873015873015872,0.228,0.25,0.5555555555555556,0.16129032258064516,0.06451612903225806,0.0,0.1
B1V,0.7292418772563177,0.0,0.2003610108303249,0.0703971119133574,6.3,0.10251798561151079,0.6953405017921147,0.21863799283154123,0.08602150537634409,99932.0,6311.0,2942.0,2770.0,48.6,2.2,0.7176258992805755,0.2823741007194245,0.0,0.24,48213.0,0.005923000987166831,0.285,0.20600000000000002,0.49953227315247895,0.11585365853658537,0.00539568345323741,0.03776978417266187,0.13
B1W,0.7452830188679245,0.0,0.23113207547169812,0.02358490566037736,5.5,0.2783018867924528,0.2383177570093458,0.3691588785046729,0.3925233644859813,,3422.0,1114.0,1059.0,23.5,3.2,0.2037914691943128,0.24644549763033174,0.5497630331753555,,23317.0,0.0024875621890547263,0.317,0.247,0.611353711790393,0.1840277777777778,0.07547169811320754,0.14622641509433962,0.0
B1X,0.9324324324324325,0.0,0.02702702702702703,0.04054054054054054,7.4,0.12987012987012986,0.4666666666666667,0.3333333333333333,0.2,199808.0,843.0,593.0,366.0,52.3,2.3,0.9473684210526315,0.05263157894736842,0.0,0.11900000000000001,67584.0,0.02857142857142857,0.205,0.18899999999999997,0.41935483870967744,0.21505376344086022,0.0,0.0,0.083
B1Y,0.863905325443787,0.0,0.06903353057199212,0.0670611439842209,6.4,0.0873015873015873,0.5833333333333334,0.28174603174603174,0.1349206349206349,150192.0,5885.0,2836.0,2535.0,51.1,2.3,0.852882703777336,0.147117296222664,0.0,0.153,63982.0,0.011190233977619531,0.23399999999999999,0.21899999999999997,0.4476003917727718,0.12,0.007952286282306162,0.027833001988071572,0.096
B2A,0.7424892703862661,0.0,0.24034334763948498,0.017167381974248927,6.4,0.12303290414878398,0.7722063037249284,0.166189111747851,0.06160458452722063,125399.0,8017.0,3713.0,3497.0,51.4,2.2,0.7357142857142858,0.2642857142857143,0.0,0.2,52437.0,0.007668711656441718,0.258,0.155,0.4689807976366322,0.14233576642335766,0.005714285714285714,0.03862660944206009,0.114
B2C,0.8518518518518519,0.0,0.1111111111111111,0.037037037037037035,7.0,0.15384615384615385,0.42857142857142855,0.39285714285714285,0.17857142857142858,120257.0,290.0,231.0,139.0,56.1,2.0,0.9230769230769231,0.07692307692307693,0.0,0.175,52928.0,0.02,0.215,0.312,0.40384615384615385,0.07692307692307693,0.0,0.07692307692307693,0.0
B2E,0.8333333333333334,0.0,0.16666666666666666,0.0,6.0,0.4,0.6666666666666666,0.0,0.3333333333333333,,41.0,139.0,26.0,63.2,1.8,1.0,0.0,0.0,,39040.0,,,0.0,0.625,0.0,0.0,0.0,
B2G,0.639344262295082,0.004098360655737705,0.20573770491803278,0.15081967213114755,6.5,0.060655737704918035,0.45768282662284304,0.32621199671322926,0.2161051766639277,200267.0,14361.0,7542.0,6097.0,45.1,2.3,0.7219031993437244,0.2780968006562756,0.0,0.139,65077.0,0.019188835586567816,0.151,0.10800000000000001,0.36153198653198654,0.3405142460041696,0.004918032786885246,0.02459016393442623,0.087
B2H,0.691131498470948,0.0007645259938837921,0.27293577981651373,0.035168195718654434,6.4,0.09111617312072894,0.6474164133738601,0.20896656534954408,0.14361702127659576,150159.0,14477.0,7277.0,6540.0,48.9,2.2,0.6772968868640851,0.32270311313591493,0.0,0.198,55637.0,0.02070750647109577,0.16699999999999998,0.11199999999999999,0.43243243243243246,0.21386138613861386,0.0030372057706909645,0.020516717325227963,0.109
B2J,0.8571428571428571,0.0,0.0,0.14285714285714285,7.3,0.3333333333333333,0.5,0.0,0.5,,68.0,116.0,35.0,55.7,2.0,1.0,0.0,0.0,,48512.0,,,0.0,0.5714285714285714,0.0,0.0,0.0,
B2N,0.47959724430312667,0.0,0.465818759936407,0.054583995760466346,5.8,0.09009009009009009,0.6187698833510075,0.2163308589607635,0.16489925768822905,159983.0,19842.0,10195.0,9436.0,46.7,2.0,0.49946977730646874,0.47879109225874866,0.021739130434782608,0.24,45558.0,0.009785353535353536,0.19,0.10300000000000001,0.4328177130724901,0.21583459404942007,0.005302226935312832,0.02545068928950159,0.12
B2R,0.9035532994923858,0.005076142131979695,0.09137055837563451,0.0,7.9,0.08542713567839195,0.6482412060301508,0.17587939698492464,0.17587939698492464,300160.0,2459.0,1030.0,981.0,47.8,2.5,0.9095477386934674,0.09045226130653267,0.0,0.053,99686.0,0.03950617283950617,0.085,0.059000000000000004,0.3302325581395349,0.38275862068965516,0.0,0.010050251256281407,0.094
B2S,0.785958904109589,0.0,0.19006849315068494,0.023972602739726026,7.0,0.05782312925170068,0.3378839590443686,0.3924914675767918,0.2696245733788396,230341.0,7583.0,3018.0,2919.0,41.1,2.6,0.8228279386712095,0.17717206132879046,0.0,0.081,82219.0,0.011854360711261643,0.109,0.08,0.28966639544344996,0.1633835457705678,0.0034071550255536627,0.030664395229982964,0.11199999999999999
B2T,0.8751007252215954,0.0,0.10233682514101532,0.022562449637389202,7.9,0.05233494363929147,0.3081255028157683,0.3572003218020917,0.33467417538214,320846.0,16980.0,6446.0,6208.0,42.3,2.7,0.8680611423974256,0.13193885760257443,0.0,0.061,102674.0,0.039615384615384615,0.073,0.06,0.2803362573099415,0.3141821946169772,0.0,0.010458567980691875,0.09
B2V,0.7532327586206896,0.0,0.24676724137931033,0.0,7.9,0.03735325506937033,0.4014909478168264,0.47071352502662406,0.12779552715654952,259986.0,12230.0,4725.0,4643.0,43.0,2.6,0.8110992529348986,0.18463180362860193,0.004268943436499467,0.06,94344.0,0.0194672131147541,0.092,0.064,0.32177734375,0.3509933774834437,0.0021321961620469083,0.02454642475987193,0.085
B2W,0.5950381679389313,0.03206106870229008,0.3549618320610687,0.017938931297709924,7.3,0.05309396485867074,0.46659030164184806,0.2997327224131348,0.23367697594501718,234800.0,32537.0,13419.0,13095.0,45.2,2.4,0.7620320855614974,0.23796791443850268,0.0,0.085,80512.0,0.015154421638212161,0.11699999999999999,0.065,0.35652494018037917,0.28919071873231467,0.0030557677616501145,0.021764032073310423,0.109
B2X,0.6211640211640211,0.042328042328042326,0.33544973544973544,0.0010582010582010583,7.3,0.08139534883720931,0.5328389830508474,0.3527542372881356,0.11440677966101695,259414.0,11629.0,4983.0,4725.0,42.9,2.4,0.7132275132275132,0.2867724867724868,0.0,0.14400000000000002,77602.0,0.021691973969631236,0.106,0.07,0.3392299687825182,0.2935285053929122,0.0,0.03171247357293869,0.11900000000000001
B2Y,0.3049693669162696,0.09257998638529612,0.5813478556841388,0.02110279101429544,5.5,0.09159261790840738,0.7222982216142271,0.15800273597811218,0.11969904240766074,250752.0,14595.0,7961.0,7340.0,43.4,1.9,0.43403964456596034,0.5659603554340397,0.0,0.20800000000000002,53466.0,0.01394585726004922,0.131,0.077,0.35610932475884244,0.3604368932038835,0.002050580997949419,0.02734107997265892,0.129
B2Z,0.9572784810126582,0.0,0.023734177215189875,0.0189873417721519,7.8,0.0768025078369906,0.3761755485893417,0.43103448275862066,0.19278996865203762,250581.0,8258.0,3291.0,3158.0,46.0,2.6,0.9246467817896389,0.07535321821036106,0.0,0.10800000000000001,84631.0,0.014847809948032665,0.114,0.086,0.3363957597173145,0.20041322314049587,0.0031397174254317113,0.02511773940345369,0.127
B3A,0.27302174919018973,0.10967144840351689,0.6140675613142064,0.003239241092086997,5.1,0.08599167822468794,0.6574330563250231,0.23407202216066483,0.1084949215143121,250434.0,20131.0,11840.0,10808.0,43.4,1.8,0.3133086876155268,0.6866913123844732,0.0,0.24600000000000002,45739.0,0.011685655857435,0.146,0.091,0.3588218634947607,0.26228831061544816,0.00878003696857671,0.047597042513863215,0.13699999999999998
B3B,0.0380952380952381,0.06666666666666667,0.8952380952380953,0.0,5.7,0.16,0.6568627450980392,0.049019607843137254,0.29411764705882354,,1438.0,584.0,524.0,31.0,2.5,0.03,0.97,0.0,0.20199999999999999,65280.0,0.01015228426395939,0.113,0.086,0.20098039215686275,0.23178807947019867,0.0,0.039603960396039604,0.0
B3E,0.9582542694497154,0.0,0.024667931688804556,0.017077798861480076,7.2,0.045889101338432124,0.3549618320610687,0.4122137404580153,0.23282442748091603,245364.0,6782.0,2749.0,2637.0,44.1,2.5,0.8948374760994264,0.10516252390057361,0.0,0.087,83161.0,0.015165876777251185,0.106,0.08199999999999999,0.30514705882352944,0.1844532279314888,0.0,0.021032504780114723,0.11199999999999999
B3G,0.5162846803377563,0.0,0.3884197828709288,0.09529553679131483,7.0,0.05676328502415459,0.2746987951807229,0.4674698795180723,0.25783132530120484,200147.0,10593.0,4263.0,4142.0,38.6,2.6,0.8743961352657005,0.12560386473429952,0.0,0.091,80043.0,0.00548780487804878,0.11,0.065,0.2814511410181393,0.1744,0.0024125452352231603,0.022919179734620022,0.10099999999999999
B3H,0.2315270935960591,0.39408866995073893,0.37438423645320196,0.0,5.1,0.0703380588876772,0.6677577741407529,0.2067648663393344,0.1254773595199127,650903.0,18814.0,11098.0,9135.0,29.2,2.0,0.32697547683923706,0.6730245231607629,0.0,0.252,51309.0,0.07253232418795333,0.055,0.11699999999999999,0.36231003039513676,0.7356253704801423,0.013079019073569483,0.06379498364231188,0.17600000000000002
B3J,0.010101010101010102,0.683982683982684,0.3059163059163059,0.0,3.6,0.05194805194805195,0.4603174603174603,0.2510822510822511,0.2886002886002886,450227.0,5901.0,4326.0,3464.0,27.8,1.7,0.11527377521613832,0.8847262247838616,0.0,0.318,44920.0,0.03064066852367688,0.05,0.09300000000000001,0.2817531305903399,0.6868537666174298,0.015873015873015872,0.09798270893371758,0.316
B3K,0.17177033492822966,0.2507177033492823,0.5775119617224881,0.0,4.8,0.09235209235209235,0.6796536796536796,0.1568061568061568,0.16354016354016354,320865.0,20591.0,11773.0,10448.0,35.9,1.9,0.31697931697931697,0.683020683020683,0.0,0.23199999999999998,52792.0,0.012034047549163486,0.105,0.084,0.2894585253456221,0.47892561983471077,0.00962000962000962,0.04184704184704185,0.195
B3L,0.4017094017094017,0.17216117216117216,0.4255189255189255,0.0006105006105006105,5.7,0.08068459657701711,0.8547008547008547,0.1043956043956044,0.040903540903540904,399732.0,17534.0,8922.0,8188.0,35.3,2.1,0.4221136224801466,0.5778863775198534,0.0,0.212,57486.0,0.023448275862068966,0.095,0.07400000000000001,0.32662487627845593,0.5393878575012544,0.009773976786805132,0.047648136835675016,0.172
B3M,0.2109090909090909,0.20330578512396694,0.5771900826446281,0.00859504132231405,5.5,0.051815181518151815,0.41815181518151817,0.33861386138613864,0.24323432343234325,300378.0,32204.0,16023.0,15123.0,37.9,2.1,0.3443380653681083,0.6556619346318917,0.0,0.203,57061.0,0.018846373500856654,0.115,0.07200000000000001,0.3307860262008734,0.42475192943770673,0.020138659623638165,0.057095709570957096,0.161
B3N,0.3672055427251732,0.14395688991531946,0.4880677444187837,0.0007698229407236335,5.8,0.0581039755351682,0.5637891520244461,0.2261268143621085,0.21008403361344538,299885.0,13604.0,6983.0,6495.0,41.4,2.1,0.518348623853211,0.481651376146789,0.0,0.166,62240.0,0.026083112290008842,0.10300000000000001,0.069,0.3370118845500849,0.4190296156269691,0.0076511094108645756,0.02981651376146789,0.179
B3P,0.4699248120300752,0.11403508771929824,0.41604010025062654,0.0,6.3,0.08056265984654731,0.6309067688378033,0.20434227330779056,0.16475095785440613,270174.0,9347.0,4237.0,3990.0,44.5,2.2,0.6081946222791293,0.39180537772087065,0.0,0.168,64142.0,0.028591352859135284,0.109,0.07200000000000001,0.35206499661475965,0.3786802030456853,0.010230179028132993,0.03324808184143223,0.175
B3R,0.38471502590673573,0.0012953367875647669,0.594559585492228,0.019430051813471502,5.8,0.12627551020408162,0.7061068702290076,0.1743002544529262,0.11959287531806616,207531.0,8484.0,4109.0,3860.0,40.6,2.2,0.48148148148148145,0.5185185185185185,0.0,0.304,44777.0,0.0052434456928838954,0.187,0.09699999999999999,0.3940677966101695,0.17220543806646527,0.003821656050955414,0.03826530612244898,0.132
B3S,0.10723626852659111,0.5597210113339146,0.3330427201394943,0.0,5.1,0.007867132867132868,0.019197207678883072,0.2931937172774869,0.68760907504363,320976.0,12895.0,5872.0,5734.0,41.1,2.2,0.22532751091703057,0.7746724890829695,0.0,0.184,63488.0,0.014598540145985401,0.122,0.075,0.3672237697307335,0.4327354260089686,0.028846153846153848,0.062062937062937064,0.188
B3T,0.7421383647798742,0.0,0.2240566037735849,0.03380503144654088,7.3,0.0625494853523357,0.3478605388272583,0.42393026941362916,0.22820919175911253,250075.0,16884.0,6648.0,6360.0,40.2,2.6,0.8811410459587956,0.11885895404120443,0.0,0.08199999999999999,88192.0,0.011489850631941785,0.096,0.053,0.2841793256761764,0.2858580775037745,0.00395882818685669,0.025336500395882817,0.10099999999999999
B3V,0.8770833333333333,0.0,0.0375,0.08541666666666667,7.4,0.06918238993710692,0.46555323590814196,0.3277661795407098,0.20668058455114824,250604.0,5999.0,2542.0,2393.0,44.9,2.5,0.9267782426778243,0.07322175732217573,0.0,0.091,81883.0,0.02044989775051125,0.11,0.069,0.3330058939096267,0.23922114047287898,0.0,0.027196652719665274,0.11900000000000001
B3Z,0.9680511182108626,0.0,0.022364217252396165,0.009584664536741214,7.9,0.049206349206349205,0.3515873015873016,0.373015873015873,0.2753968253968254,315391.0,16905.0,6839.0,6263.0,43.9,2.7,0.9365079365079365,0.06349206349206349,0.0,0.069,101363.0,0.03229483282674772,0.081,0.061,0.30511527377521613,0.36706869428421607,0.002380952380952381,0.006349206349206349,0.114
B4A,0.5455177206393329,0.0729673384294649,0.38082001389854064,0.0006949270326615705,7.1,0.039638386648122394,0.25416666666666665,0.49027777777777776,0.25555555555555554,348404.0,17900.0,7586.0,7199.0,43.3,2.5,0.7067407922168172,0.29325920778318276,0.0,0.11199999999999999,86286.0,0.051209103840682786,0.08,0.065,0.34577536477774007,0.5184016824395373,0.006258692628650904,0.021542738012508687,0.156
B4B,0.8160919540229885,0.059770114942528735,0.06896551724137931,0.05517241379310345,8.2,0.028735632183908046,0.10114942528735632,0.367816091954023,0.5310344827586206,369347.0,13028.0,4485.0,4347.0,39.6,2.9,0.8872266973532796,0.11277330264672036,0.0,0.067,119698.0,0.05463310123192287,0.055,0.049,0.26862645717181954,0.456884561891516,0.006896551724137931,0.010344827586206896,0.11699999999999999
B4C,0.6036960985626283,0.0,0.3607118412046543,0.03559206023271732,7.2,0.07152682255845942,0.5564738292011019,0.34917355371900827,0.0943526170798898,219557.0,18195.0,7512.0,7307.0,43.4,2.5,0.7484536082474227,0.2515463917525773,0.0,0.111,73098.0,0.005754908598510494,0.135,0.06,0.3377092221857565,0.19888663967611336,0.004814305364511692,0.02200825309491059,0.10400000000000001
B4E,0.6076589595375722,0.0,0.21098265895953758,0.1813583815028902,7.1,0.05547550432276657,0.2602739726027397,0.4275414563806777,0.31218457101658253,245572.0,18259.0,7090.0,6920.0,39.9,2.6,0.8586878154289834,0.14131218457101657,0.0,0.091,83100.0,0.010934744268077601,0.102,0.06,0.2720859926100101,0.18612283169245195,0.002881844380403458,0.02595529920692141,0.11599999999999999
B4G,0.9666666666666667,0.0,0.025,0.008333333333333333,7.9,0.05191256830601093,0.3442622950819672,0.3087431693989071,0.3469945355191257,269816.0,5055.0,1851.0,1803.0,40.5,2.8,0.9426229508196722,0.05737704918032787,0.0,0.07,93739.0,0.009162303664921465,0.09699999999999999,0.071,0.3121098626716604,0.20526315789473684,0.0,0.00546448087431694,0.13699999999999998
B4H,0.6163934426229508,0.0,0.2901639344262295,0.09344262295081968,6.4,0.11500815660685156,0.6549755301794453,0.21125611745513867,0.13376835236541598,136185.0,13422.0,7122.0,6096.0,48.6,2.2,0.6900489396411092,0.3099510603588907,0.0,0.225,50675.0,0.008882655446470314,0.201,0.105,0.42730102267674525,0.1484149855907781,0.0024469820554649264,0.02202283849918434,0.127
B4N,0.6151849448410124,0.0,0.34068786502271253,0.04412719013627515,6.4,0.08961960025789813,0.5383623468729851,0.3049645390070922,0.15667311411992263,189777.0,17382.0,8158.0,7706.0,45.9,2.2,0.6167741935483871,0.3832258064516129,0.0,0.213,52569.0,0.007936507936507936,0.179,0.094,0.4013840830449827,0.20507166482910694,0.003870967741935484,0.024500322372662798,0.125
B4P,0.6163793103448276,0.0,0.3735632183908046,0.010057471264367816,6.3,0.07868383404864092,0.5544412607449857,0.2507163323782235,0.19484240687679083,250045.0,7784.0,4290.0,3482.0,50.1,2.1,0.64,0.36,0.0,0.2,57181.0,0.01728201099764336,0.145,0.125,0.4181002243829469,0.3984272608125819,0.004285714285714286,0.024285714285714285,0.121
B4R,0.8085106382978723,0.00851063829787234,0.13191489361702127,0.05106382978723404,7.4,0.03389830508474576,0.2869198312236287,0.510548523206751,0.20253164556962025,200545.0,2985.0,1199.0,1175.0,44.1,2.5,0.8008474576271186,0.19915254237288135,0.0,0.10400000000000001,75930.0,0.00847457627118644,0.13,0.061,0.3465346534653465,0.2276923076923077,0.0,0.0211864406779661,0.085
B4V,0.7134925041643532,0.007773459189339256,0.1804553026096613,0.0982787340366463,6.4,0.08820286659316427,0.5817281232801321,0.25866813428728674,0.15960374243258119,174613.0,20167.0,9999.0,9002.0,49.8,2.2,0.7458654906284454,0.2541345093715546,0.0,0.18600000000000003,54717.0,0.009104704097116844,0.187,0.086,0.4228870171362184,0.15175276752767528,0.0011025358324145535,0.020948180815876516,0.109
B5A,0.7150035893754487,0.0007178750897343862,0.271356783919598,0.012921751615218953,6.4,0.11874105865522175,0.6886184681460272,0.21975662133142448,0.09162491052254831,135071.0,15479.0,7929.0,6969.0,48.8,2.2,0.6556907659269864,0.33428775948460987,0.010021474588403722,0.24,47985.0,0.009229534510433388,0.212,0.095,0.41117533718689786,0.14959145191703332,0.004294917680744453,0.024320457796852647,0.11900000000000001
B6L,0.8386783284742468,0.0,0.08746355685131195,0.0738581146744412,7.0,0.06796116504854369,0.41125121241513096,0.39670223084384093,0.19204655674102813,179406.0,13007.0,5380.0,5144.0,44.3,2.5,0.8454810495626822,0.14480077745383868,0.009718172983479106,0.127,70784.0,0.01262135922330097,0.13699999999999998,0.081,0.33612273361227335,0.22507122507122507,0.003883495145631068,0.018446601941747572,0.07200000000000001
B9A,0.648936170212766,0.0,0.24202127659574468,0.10904255319148937,6.7,0.07466666666666667,0.6417112299465241,0.24598930481283424,0.11229946524064172,150004.0,4492.0,2178.0,1880.0,47.0,2.3,0.728,0.272,0.0,0.185,63488.0,0.011235955056179775,0.17600000000000002,0.147,0.40710382513661203,0.20842572062084258,0.0,0.018666666666666668,0.073
C0A,0.8465234595816846,0.0002826455624646693,0.09694742792538157,0.05624646693046919,6.9,0.10112994350282486,0.5196272239480373,0.2728042925727196,0.20756848347924314,160096.0,44095.0,23867.0,17692.0,45.1,2.4,0.8372881355932204,0.15875706214689267,0.0039548022598870055,0.146,65046.0,0.010629129560471129,0.184,0.13,0.3249198159252545,0.20893561103810776,0.00423728813559322,0.016944365998305563,0.10800000000000001
C0B,0.8491789109766638,0.000432152117545376,0.11063094209161625,0.03975799481417459,6.9,0.08239861949956859,0.5666235446313066,0.26002587322121606,0.17335058214747737,129916.0,28575.0,14826.0,11570.0,46.2,2.4,0.8123382226056945,0.18334771354616047,0.004314063848144953,0.155,61106.0,0.00763025942882058,0.223,0.168,0.32725731242051714,0.13087248322147652,0.0021570319240724763,0.02070750647109577,0.09
C1A,0.38435228730226595,0.002992731936725096,0.6053869174861052,0.007268063274903805,5.5,0.058497011101622545,0.662964545066211,0.21315677061085006,0.12387868432293891,195289.0,24839.0,12631.0,11691.0,43.3,2.0,0.4180187873612297,0.5819812126387702,0.0,0.258,47753.0,0.013157894736842105,0.163,0.114,0.37664198710293767,0.32990912682734097,0.00982066609735269,0.04058094831268689,0.145
C1B,0.7254138266796495,0.0009737098344693282,0.249269717624148,0.024342745861733205,6.9,0.053974484789008834,0.34052993130520115,0.27085377821393525,0.3886162904808636,219700.0,13203.0,5549.0,5128.0,40.4,2.6,0.7634936211972522,0.2365063788027478,0.0,0.11900000000000001,76876.0,0.019627085377821395,0.11599999999999999,0.073,0.30389363722697055,0.35855728429985856,0.004906771344455349,0.026522593320235755,0.11699999999999999
C1C,0.5441988950276243,0.0055248618784530384,0.34806629834254144,0.10220994475138122,6.2,0.054945054945054944,0.30386740331491713,0.3149171270718232,0.3812154696132597,170924.0,4266.0,1888.0,1804.0,41.6,2.4,0.6391184573002755,0.3608815426997245,0.0,0.14400000000000002,64977.0,0.008746355685131196,0.153,0.085,0.3494475138121547,0.21585903083700442,0.005494505494505495,0.027472527472527472,0.08800000000000001
C1E,0.7305045871559633,0.0,0.23279816513761467,0.03669724770642202,6.8,0.04243119266055046,0.30045871559633025,0.3440366972477064,0.3555045871559633,219969.0,11466.0,4617.0,4362.0,42.8,2.5,0.7488532110091743,0.2511467889908257,0.0,0.14400000000000002,73108.0,0.018296169239565466,0.11800000000000001,0.092,0.28929765886287623,0.3550200803212851,0.006880733944954129,0.021788990825688075,0.11800000000000001
C1N,0.5491689750692521,0.0,0.37742382271468145,0.07340720221606649,6.3,0.07569444444444444,0.5604166666666667,0.2611111111111111,0.17847222222222223,150114.0,16463.0,7741.0,7225.0,47.3,2.2,0.6023594725884802,0.3976405274115198,0.0,0.18600000000000003,54683.0,0.008695652173913044,0.19699999999999998,0.113,0.37380073800738006,0.17692767483562463,0.004861111111111111,0.019444444444444445,0.11900000000000001
E1A,0.48927982407916437,0.019791094007696537,0.4725123694337548,0.018416712479384277,6.4,0.040990371389270974,0.32269601100412654,0.25694635488308115,0.4203576341127923,184542.0,43012.0,19597.0,18190.0,39.6,2.3,0.6518151815181518,0.3481848184818482,0.0,0.145,66896.0,0.018534994068801897,0.114,0.08,0.3137142857142857,0.30606125508674237,0.0049504950495049506,0.0231023102310231,0.10800000000000001
E1B,0.6447688564476886,0.020072992700729927,0.2895377128953771,0.04562043795620438,7.0,0.038905775075987845,0.5200729927007299,0.21958637469586376,0.26034063260340634,160108.0,19667.0,8537.0,8224.0,43.7,2.4,0.7696048632218845,0.2303951367781155,0.0,0.10400000000000001,69474.0,0.01589825119236884,0.132,0.085,0.3230440097799511,0.2317014057198255,0.00182370820668693,0.0121580547112462,0.11599999999999999
E1C,0.3361884368308351,0.032119914346895075,0.6316916488222698,0.0,5.5,0.07547974413646055,0.6717817561807332,0.1845694799658994,0.14364876385336744,150152.0,23686.0,13424.0,11680.0,43.1,1.9,0.40298507462686567,0.5970149253731343,0.0,0.28600000000000003,42452.0,0.007605559926567008,0.184,0.094,0.38488488488488487,0.2052384675527756,0.008528784648187633,0.037526652452025584,0.174
E1E,0.5141129032258065,0.09375,0.3326612903225806,0.059475806451612906,6.2,0.06395939086294417,0.6449643947100712,0.1963377416073245,0.15869786368260427,170153.0,11006.0,5316.0,4970.0,44.6,2.1,0.6626016260162602,0.33739837398373984,0.0,0.155,59703.0,0.017663817663817662,0.138,0.059000000000000004,0.3548387096774194,0.2463393626184324,0.0040609137055837565,0.019289340101522844,0.115
E1G,0.6535061873895109,0.0,0.32822628167354156,0.018267530936947555,7.3,0.033608490566037735,0.2359882005899705,0.2902654867256637,0.4737463126843658,195008.0,22554.0,8799.0,8482.0,39.5,2.6,0.8644667059516794,0.13553329404832057,0.0,0.095,83322.0,0.021147161066048668,0.096,0.06,0.2803452115812918,0.30493971217425125,0.005306603773584905,0.015330188679245283,0.10400000000000001
E1H,0.608424336973479,0.0,0.0499219968798752,0.3416536661466459,6.1,0.06501547987616099,0.31993817619783615,0.4420401854714065,0.23802163833075735,105193.0,7421.0,3344.0,3203.0,45.9,2.3,0.9178294573643411,0.08217054263565891,0.0,0.125,64943.0,0.013082583810302535,0.14300000000000002,0.069,0.3346394984326019,0.1616499442586399,0.0046439628482972135,0.02321981424148607,0.102
E1J,0.9216417910447762,0.0,0.029850746268656716,0.048507462686567165,7.5,0.09225092250922509,0.47601476014760147,0.33210332103321033,0.1918819188191882,180212.0,3436.0,1384.0,1339.0,45.7,2.6,0.9446494464944649,0.055350553505535055,0.0,0.09,79476.0,0.014311270125223614,0.124,0.078,0.3293918918918919,0.17206982543640897,0.0,0.025925925925925925,0.113
E1N,0.7489711934156379,0.0,0.18415637860082304,0.0668724279835391,6.6,0.09548254620123203,0.6546762589928058,0.23638232271325796,0.10894141829393628,125392.0,11344.0,5478.0,4858.0,49.8,2.3,0.7566735112936345,0.2433264887063655,0.0,0.168,57239.0,0.008771929824561403,0.214,0.14800000000000002,0.4400428265524625,0.16237799467613132,0.003080082135523614,0.013347022587268994,0.09699999999999999
E1V,0.7580372250423012,0.0,0.16751269035532995,0.07445008460236886,6.7,0.08999158957106812,0.5626576955424727,0.30613961312026916,0.1312026913372582,139529.0,13544.0,6364.0,5909.0,47.1,2.3,0.7811447811447811,0.19696969696969696,0.021885521885521887,0.155,59846.0,0.013611615245009074,0.185,0.138,0.3969335604770017,0.1864754098360656,0.0033613445378151263,0.020185029436501262,0.09300000000000001
E1W,0.8075117370892019,0.001564945226917058,0.14710485133020346,0.04381846635367762,6.4,0.09627329192546584,0.5981308411214953,0.29595015576323985,0.1059190031152648,125285.0,6935.0,3550.0,3197.0,51.9,2.1,0.7888198757763976,0.2111801242236025,0.0,0.18100000000000002,53168.0,0.01446808510638298,0.237,0.11699999999999999,0.4056761268781302,0.18134034165571616,0.003110419906687403,0.013975155279503106,0.109
E1X,0.760337552742616,0.0,0.20253164556962025,0.03713080168776371,6.1,0.07731520815632965,0.5136054421768708,0.31802721088435376,0.1683673469387755,125177.0,14040.0,6509.0,5927.0,49.2,2.3,0.7909940526762956,0.20900594732370434,0.0,0.198,54039.0,0.006501950585175552,0.26899999999999996,0.179,0.4426644182124789,0.11818181818181818,0.003395585738539898,0.022939677145284623,0.09699999999999999
E2A,0.6896333754740834,0.0,0.2945638432364096,0.01580278128950695,6.3,0.0914826498422713,0.6702395964691047,0.24148802017654478,0.08827238335435057,100337.0,17205.0,8966.0,7913.0,51.9,2.1,0.7088846880907372,0.28418399495904223,0.006931316950220542,0.21100000000000002,51355.0,0.016283185840707964,0.20600000000000002,0.132,0.47885402455661663,0.156056338028169,0.0031525851197982345,0.012618296529968454,0.096
E2E,0.8055555555555556,0.0,0.19444444444444445,0.0,7.7,0.042538354253835425,0.41114982578397213,0.3184668989547038,0.27038327526132405,249995.0,19526.0,7421.0,7198.0,42.2,2.7,0.8486750348675035,0.15132496513249652,0.0,0.081,95782.0,0.0477326968973747,0.084,0.066,0.3422840504691039,0.4044265593561368,0.002789400278940028,0.014634146341463415,0.096
E2G,0.7440633245382586,0.0,0.044854881266490766,0.21108179419525067,7.4,0.049868766404199474,0.32105263157894737,0.36578947368421055,0.3131578947368421,224406.0,5079.0,1943.0,1888.0,40.7,2.7,0.931758530183727,0.06824146981627296,0.0,0.079,94208.0,0.02967741935483871,0.099,0.07400000000000001,0.3165644171779141,0.2697594501718213,0.0,0.010498687664041995,0.091
E2H,0.76657824933687,0.0,0.1883289124668435,0.04509283819628647,7.4,0.079155672823219,0.7678100263852242,0.18469656992084432,0.047493403693931395,200619.0,4700.0,2004.0,1884.0,45.1,2.5,0.8236842105263158,0.1763157894736842,0.0,0.163,74240.0,0.05858310626702997,0.102,0.084,0.40283140283140284,0.3596673596673597,0.0,0.013157894736842105,0.11199999999999999
E2J,0.46604046242774566,0.11271676300578035,0.3793352601156069,0.04190751445086705,6.1,0.06479481641468683,0.7007194244604317,0.18129496402877698,0.11798561151079137,149763.0,15813.0,7512.0,6919.0,44.6,2.2,0.619150467962563,0.380849532037437,0.0,0.16899999999999998,54498.0,0.004433696090286175,0.177,0.085,0.3640926640926641,0.1412327947336924,0.0035971223021582736,0.023741007194244605,0.15
E2K,0.2713375796178344,0.054140127388535034,0.6668789808917197,0.007643312101910828,5.8,0.08673469387755102,0.6883365200764818,0.15678776290630975,0.15487571701720843,170210.0,17495.0,8939.0,7847.0,43.2,2.1,0.44423199490121096,0.555768005098789,0.0,0.314,45605.0,0.016929588303193535,0.162,0.113,0.42405745062836625,0.2664804469273743,0.012755102040816327,0.0248565965583174,0.182
E2L,0.030805687203791468,0.13981042654028436,0.8281990521327014,0.001184834123222749,4.4,0.11890606420927467,0.8196915776986952,0.09608540925266904,0.08422301304863583,199725.0,7566.0,5203.0,4212.0,38.8,1.7,0.11414982164090369,0.8858501783590963,0.0,0.43200000000000005,31488.0,0.008340283569641367,0.188,0.11699999999999999,0.38193343898573695,0.265807962529274,0.00831353919239905,0.04518430439952437,0.198
E2M,0.5637834474175483,0.0,0.4163036714374611,0.019912881144990666,6.7,0.0945273631840796,0.7498444306160548,0.16925948973242066,0.08089607965152458,160470.0,18715.0,8739.0,8039.0,46.4,2.3,0.7151741293532339,0.2848258706467662,0.0,0.14400000000000002,64338.0,0.009048257372654156,0.147,0.083,0.3699421965317919,0.1915841584158416,0.0012437810945273632,0.01927860696517413,0.12
E2N,0.8630952380952381,0.0,0.05654761904761905,0.08035714285714286,7.1,0.11890243902439024,0.5823170731707317,0.23170731707317074,0.18597560975609756,174229.0,4275.0,1771.0,1678.0,44.9,2.5,0.9573170731707317,0.042682926829268296,0.0,0.098,77483.0,0.010130246020260492,0.129,0.095,0.3550624133148405,0.13991769547325103,0.0060790273556231,0.021341463414634148,0.11800000000000001
E2P,0.954954954954955,0.0,0.04504504504504504,0.0,7.0,0.10909090909090909,0.831858407079646,0.09734513274336283,0.07079646017699115,129786.0,1391.0,575.0,556.0,43.0,2.5,0.9009009009009009,0.0990990990990991,0.0,0.083,70912.0,0.004484304932735426,0.147,0.09,0.3232758620689655,0.11392405063291139,0.0,0.0,0.12
E2R,,,,,,,,,,,10.0,5.0,5.0,,,,,,,,,,,,,,,
E2S,0.8773946360153256,0.0,0.04789272030651341,0.07471264367816093,7.2,0.06415094339622641,0.40943396226415096,0.4226415094339623,0.16792452830188678,180021.0,6822.0,2757.0,2613.0,41.7,2.6,0.9188679245283019,0.08113207547169811,0.0,0.1,79808.0,0.013133208255159476,0.12,0.094,0.3333333333333333,0.12317073170731707,0.0037735849056603774,0.024528301886792454,0.08800000000000001
E2V,0.6952983725135624,0.0081374321880651,0.24593128390596744,0.05063291139240506,6.9,0.07497741644083107,0.47468354430379744,0.2757685352622061,0.24954792043399637,200274.0,14649.0,6034.0,5530.0,33.3,2.5,0.6482820976491862,0.33634719710669075,0.015370705244122965,0.064,75639.0,0.005193578847969783,0.102,0.068,0.3140161725067385,0.1641123882503193,0.006323396567299007,0.023486901535682024,0.094
E3A,0.5987473903966597,0.0025052192066805845,0.38288100208768266,0.015866388308977037,6.5,0.06722338204592902,0.5258980785296575,0.22807017543859648,0.24603174603174602,180175.0,28167.0,12655.0,11979.0,41.9,2.3,0.6663883089770355,0.31022964509394574,0.02338204592901879,0.175,61271.0,0.011675824175824176,0.142,0.087,0.36633879781420764,0.31066666666666665,0.0041753653444676405,0.024634655532359082,0.11900000000000001
E3B,0.42259541984732824,0.026259541984732824,0.43206106870229005,0.11908396946564885,6.1,0.0672782874617737,0.48792418220727607,0.2901253439315194,0.22195047386120453,219499.0,36946.0,18200.0,16373.0,37.5,2.2,0.5847094801223242,0.41529051987767585,0.0,0.18600000000000003,61699.0,0.022252653200958577,0.102,0.09300000000000001,0.32053773890508586,0.425439714504206,0.013761467889908258,0.036085626911314984,0.10300000000000001
E3C,0.7397563676633444,0.0,0.2026578073089701,0.05758582502768549,7.7,0.03512623490669594,0.33881578947368424,0.36403508771929827,0.29714912280701755,225050.0,11594.0,4659.0,4515.0,42.7,2.6,0.8747252747252747,0.12527472527472527,0.0,0.057999999999999996,90880.0,0.02643171806167401,0.09,0.053,0.3219895287958115,0.442246835443038,0.0021953896816684962,0.012087912087912088,0.08900000000000001
E3E,0.9169139465875371,0.0,0.04451038575667656,0.03857566765578635,7.7,0.08902077151335312,0.3264094955489614,0.40059347181008903,0.27299703264094954,240519.0,4600.0,1726.0,1688.0,41.6,2.7,0.8635014836795252,0.04451038575667656,0.09198813056379822,0.069,87859.0,0.02601156069364162,0.099,0.09,0.3566621803499327,0.3034623217922607,0.008875739644970414,0.029585798816568046,0.091
E3G,0.7283582089552239,0.0,0.14776119402985075,0.12388059701492538,7.1,0.056129985228951254,0.2618343195266272,0.27662721893491127,0.46153846153846156,200581.0,8687.0,3452.0,3355.0,40.2,2.6,0.871301775147929,0.128698224852071,0.0,0.106,80167.0,0.019637462235649546,0.106,0.07200000000000001,0.2955840455840456,0.3440643863179074,0.0073964497041420114,0.023668639053254437,0.106
E3L,0.7390728476821192,0.0,0.1947019867549669,0.06622516556291391,6.6,0.08994708994708994,0.6344370860927152,0.23841059602649006,0.1271523178807947,120274.0,8618.0,4147.0,3774.0,47.3,2.2,0.76221928665786,0.23778071334214002,0.0,0.23199999999999998,50859.0,0.006612784717119765,0.195,0.13,0.4192872117400419,0.13666666666666666,0.0,0.02913907284768212,0.12300000000000001
E3N,0.6803953871499177,0.0,0.28912685337726524,0.030477759472817133,6.2,0.08573784006595218,0.7051070840197694,0.22817133443163098,0.06672158154859967,100080.0,13533.0,6539.0,6068.0,51.4,2.1,0.7318481848184818,0.26815181518151815,0.0,0.20800000000000002,49012.0,0.00683371298405467,0.22899999999999998,0.146,0.44326710816777043,0.13995801259622112,0.004122011541632316,0.023907666941467436,0.09300000000000001
E3V,0.5709057639524245,0.012808783165599268,0.39432753888380606,0.021957913998170174,5.9,0.07937956204379562,0.6633211678832117,0.23813868613138686,0.09854014598540146,125179.0,11742.0,5898.0,5463.0,51.6,2.0,0.6444849589790337,0.35551504102096626,0.0,0.207,48224.0,0.011840688912809472,0.188,0.086,0.4377260981912145,0.21862011637572734,0.004562043795620438,0.014598540145985401,0.122
E3Y,0.7719869706840391,0.0,0.21335504885993486,0.014657980456026058,6.5,0.06677265500794913,0.5309033280507132,0.3312202852614897,0.13787638668779714,149821.0,7355.0,3299.0,3073.0,47.0,2.3,0.7774244833068362,0.22257551669316375,0.0,0.18,57280.0,0.005115089514066497,0.196,0.11599999999999999,0.36799350121852153,0.12773722627737227,0.006349206349206349,0.014285714285714285,0.11800000000000001
E3Z,0.6639784946236559,0.002688172043010753,0.28763440860215056,0.0456989247311828,6.3,0.10382513661202186,0.6174863387978142,0.22950819672131148,0.15300546448087432,140049.0,4080.0,1988.0,1861.0,47.7,2.2,0.6958904109589041,0.3041095890410959,0.0,0.184,52336.0,0.008995502248875561,0.19,0.114,0.42877906976744184,0.17620137299771166,0.005479452054794521,0.021917808219178082,0.099
E4A,0.9166666666666666,0.0,0.04513888888888889,0.03819444444444445,6.3,0.1413427561837456,0.6232394366197183,0.28169014084507044,0.09507042253521127,79991.0,2926.0,1959.0,1444.0,54.8,2.0,0.8763250883392226,0.12367491166077739,0.0,0.239,46409.0,0.005905511811023622,0.263,0.158,0.5222437137330754,0.04745762711864407,0.0,0.024734982332155476,0.11
E4B,0.8542199488491049,0.0,0.08184143222506395,0.0639386189258312,6.2,0.1388888888888889,0.6050632911392405,0.26582278481012656,0.1291139240506329,85409.0,4190.0,2531.0,1955.0,52.9,2.1,0.8488664987405542,0.15113350125944586,0.0,0.245,46208.0,0.00430416068866571,0.252,0.188,0.4578804347826087,0.10657596371882086,0.0,0.030226700251889168,0.113
E4C,0.9242424242424242,0.0,0.010101010101010102,0.06565656565656566,6.8,0.09595959595959595,0.5510204081632653,0.30612244897959184,0.14285714285714285,149606.0,2186.0,2061.0,998.0,56.6,2.1,0.914572864321608,0.08542713567839195,0.0,0.218,52864.0,0.014044943820224719,0.222,0.14400000000000002,0.5287958115183246,0.07804878048780488,0.010101010101010102,0.01507537688442211,0.10300000000000001
E4E,0.6793893129770993,0.002544529262086514,0.2455470737913486,0.07251908396946564,6.5,0.0793854033290653,0.578005115089514,0.27365728900255754,0.1483375959079284,150503.0,8906.0,4323.0,3923.0,46.8,2.2,0.7426376440460948,0.2573623559539053,0.0,0.22,53120.0,0.014904187366926898,0.17600000000000002,0.131,0.41678035470668484,0.1537598204264871,0.00639386189258312,0.016624040920716114,0.10300000000000001
E4G,0.9136363636363637,0.0,0.022727272727272728,0.06363636363636363,6.9,0.09251101321585903,0.5350877192982456,0.32894736842105265,0.13596491228070176,150194.0,2737.0,1183.0,1104.0,46.6,2.5,0.8628318584070797,0.13716814159292035,0.0,0.172,60544.0,0.01834862385321101,0.16399999999999998,0.142,0.3936842105263158,0.1347517730496454,0.0,0.02643171806167401,0.109
E4H,0.8898305084745762,0.0,0.07627118644067797,0.03389830508474576,7.0,0.1404494382022472,0.699438202247191,0.18258426966292135,0.11797752808988764,115143.0,4014.0,2115.0,1771.0,50.3,2.2,0.8764044943820225,0.12359550561797752,0.0,0.19699999999999998,53344.0,0.006134969325153374,0.223,0.188,0.4233576642335766,0.13970588235294118,0.0,0.016901408450704224,0.08199999999999999
E4J,0.8405063291139241,0.0,0.09620253164556962,0.06329113924050633,6.6,0.10539845758354756,0.5629820051413882,0.2519280205655527,0.18508997429305912,140258.0,4840.0,2098.0,1980.0,45.3,2.4,0.8256410256410256,0.17435897435897435,0.0,0.171,58453.0,0.005277044854881266,0.182,0.086,0.3860103626943005,0.09941520467836257,0.005128205128205128,0.020512820512820513,0.098
E4K,0.8613445378151261,0.0,0.09453781512605042,0.04411764705882353,6.7,0.10272536687631027,0.6457023060796646,0.18238993710691823,0.1719077568134172,129721.0,6315.0,2593.0,2379.0,46.7,2.4,0.8742138364779874,0.11949685534591195,0.006289308176100629,0.12,67375.0,0.007551240560949299,0.159,0.106,0.3552769070010449,0.13069908814589665,0.004201680672268907,0.01680672268907563,0.07
E4L,0.7715231788079471,0.0,0.20860927152317882,0.019867549668874173,6.7,0.10231023102310231,0.6198347107438017,0.23305785123966943,0.14710743801652892,159978.0,7009.0,3877.0,3019.0,47.8,2.3,0.7739273927392739,0.22607260726072606,0.0,0.15,61426.0,0.014414414414414415,0.154,0.109,0.3798977853492334,0.2894736842105263,0.0033003300330033004,0.01485148514851485,0.085
E4M,0.9263803680981595,0.0,0.03680981595092025,0.03680981595092025,6.8,0.13924050632911392,0.6835443037974683,0.2088607594936709,0.10759493670886076,125184.0,1772.0,1462.0,817.0,56.2,2.1,0.910828025477707,0.08917197452229299,0.0,0.254,47712.0,0.006734006734006734,0.266,0.128,0.48184818481848185,0.09876543209876543,0.0,0.03164556962025317,0.153
E4N,0.8093645484949833,0.0,0.14046822742474915,0.05016722408026756,6.7,0.09539473684210527,0.5672131147540984,0.24918032786885247,0.18360655737704917,149623.0,3712.0,1765.0,1498.0,49.4,2.4,0.8157894736842105,0.18421052631578946,0.0,0.114,63744.0,0.006359300476947536,0.23600000000000002,0.162,0.3126934984520124,0.09133489461358314,0.006600660066006601,0.039603960396039604,0.09300000000000001
E4P,0.7531746031746032,0.02142857142857143,0.19365079365079366,0.031746031746031744,6.4,0.06730007917656373,0.46872525732383213,0.2509897070467142,0.28028503562945367,174774.0,14586.0,7799.0,6305.0,50.6,2.2,0.7688044338875692,0.23119556611243072,0.0,0.126,64137.0,0.011623080116230802,0.179,0.11699999999999999,0.3935824532900081,0.17691819911223844,0.00395882818685669,0.019809825673534072,0.08199999999999999
E4R,0.9183303085299456,0.0,0.06170598911070781,0.019963702359346643,6.5,0.07775768535262206,0.5507246376811594,0.2753623188405797,0.17391304347826086,170484.0,6285.0,3933.0,2753.0,52.1,2.3,0.9077757685352622,0.0922242314647378,0.0,0.121,65152.0,0.011183597390493943,0.18,0.098,0.4032846715328467,0.1470160116448326,0.0,0.012658227848101266,0.1
E4S,0.8052373158756138,0.0016366612111292963,0.16039279869067102,0.03273322422258593,6.4,0.09344262295081968,0.5582922824302134,0.27257799671592775,0.16912972085385877,139785.0,7013.0,3631.0,3052.0,51.3,2.2,0.7967213114754098,0.1901639344262295,0.013114754098360656,0.175,54464.0,0.003389830508474576,0.249,0.165,0.3932119205298013,0.1067193675889328,0.0049261083743842365,0.03284072249589491,0.125
E4T,0.9470899470899471,0.0,0.015873015873015872,0.037037037037037035,6.2,0.14736842105263157,0.6031746031746031,0.291005291005291,0.10582010582010581,82073.0,2159.0,1240.0,946.0,50.9,2.3,0.9047619047619048,0.09523809523809523,0.0,0.223,49024.0,0.0,0.27,0.165,0.48404255319148937,0.0625,0.0,0.02631578947368421,0.094
E4V,0.8011204481792717,0.0,0.18207282913165265,0.01680672268907563,6.4,0.062146892655367235,0.5240793201133145,0.26628895184135976,0.2096317280453258,150350.0,4246.0,1997.0,1784.0,46.9,2.3,0.7903682719546742,0.2096317280453258,0.0,0.136,62272.0,0.004316546762589928,0.18600000000000003,0.109,0.3629943502824859,0.12190082644628099,0.0056657223796034,0.022598870056497175,0.09
E4W,0.8156028368794326,0.0,0.14326241134751774,0.04113475177304964,6.0,0.15134370579915135,0.5056657223796034,0.34560906515580736,0.14872521246458922,107982.0,8069.0,4198.0,3529.0,47.5,2.3,0.6497175141242938,0.2076271186440678,0.1426553672316384,0.183,46067.0,0.003875968992248062,0.29100000000000004,0.25,0.44338235294117645,0.09801633605600933,0.009887005649717515,0.043785310734463276,0.091
E4X,0.8196078431372549,0.0,0.15294117647058825,0.027450980392156862,5.8,0.0873015873015873,0.6254980079681275,0.28286852589641437,0.09163346613545817,89813.0,2976.0,1416.0,1274.0,54.1,2.2,0.8095238095238095,0.19047619047619047,0.0,0.185,51904.0,0.0020408163265306124,0.29600000000000004,0.204,0.4384920634920635,0.0821917808219178,0.011904761904761904,0.011904761904761904,0.044000000000000004
E4Y,0.8376383763837638,0.0,0.12177121771217712,0.04059040590405904,6.0,0.14869888475836432,0.6356877323420075,0.26022304832713755,0.10408921933085502,80103.0,3038.0,1534.0,1355.0,54.4,2.2,0.7947761194029851,0.20522388059701493,0.0,0.226,46357.0,0.0019801980198019802,0.299,0.18100000000000002,0.46525096525096526,0.04672897196261682,0.0,0.018656716417910446,0.071
E4Z,0.9098712446351931,0.0,0.06652360515021459,0.023605150214592276,6.9,0.13333333333333333,0.6509635974304069,0.2291220556745182,0.11991434689507495,125246.0,5618.0,2783.0,2326.0,46.3,2.4,0.871244635193133,0.12875536480686695,0.0,0.2,54688.0,0.006872852233676976,0.21,0.14,0.37254901960784315,0.09137055837563451,0.004301075268817204,0.04086021505376344,0.102
E5A,0.9121621621621622,0.0,0.013513513513513514,0.07432432432432433,6.6,0.1310344827586207,0.5342465753424658,0.2876712328767123,0.1780821917808219,99946.0,1698.0,901.0,740.0,48.9,2.3,0.8896551724137931,0.1103448275862069,0.0,0.26,46775.0,0.0035971223021582736,0.23399999999999999,0.16699999999999998,0.3881118881118881,0.08900523560209424,0.013793103448275862,0.027777777777777776,0.14300000000000002
E5B,0.8597785977859779,0.0,0.11070110701107011,0.02952029520295203,7.0,0.10583941605839416,0.5289855072463768,0.3007246376811594,0.17028985507246377,200656.0,3037.0,1783.0,1354.0,52.5,2.2,0.8138686131386861,0.18613138686131386,0.0,0.168,60965.0,0.02032520325203252,0.162,0.12300000000000001,0.3984819734345351,0.32063492063492066,0.0,0.01818181818181818,0.126
E5C,0.841225626740947,0.0,0.06685236768802229,0.09192200557103064,6.6,0.10863509749303621,0.4860335195530726,0.3575418994413408,0.1564245810055866,139622.0,4221.0,2181.0,1795.0,46.1,2.3,0.8607242339832869,0.1392757660167131,0.0,0.149,61648.0,0.0103397341211226,0.18,0.128,0.38108882521489973,0.10267857142857142,0.0,0.027777777777777776,0.1
E5E,0.9868421052631579,0.0,0.013157894736842105,0.0,7.0,0.12,0.6447368421052632,0.2236842105263158,0.13157894736842105,125184.0,872.0,616.0,376.0,48.4,2.2,0.92,0.08,0.0,0.231,52139.0,0.014925373134328358,0.23600000000000002,0.228,0.34285714285714286,0.0989010989010989,0.0,0.02666666666666667,0.087
E5G,0.8820960698689956,0.0,0.09170305676855896,0.026200873362445413,6.5,0.13596491228070176,0.5826086956521739,0.2565217391304348,0.1608695652173913,134509.0,2505.0,1468.0,1143.0,45.5,2.2,0.8427947598253275,0.1572052401746725,0.0,0.156,62496.0,0.0525,0.14400000000000002,0.10800000000000001,0.3422982885085575,0.12109375,0.008771929824561403,0.021834061135371178,0.062
E5H,0.8333333333333334,0.004166666666666667,0.0875,0.075,6.3,0.11203319502074689,0.6694214876033058,0.2231404958677686,0.10743801652892562,100055.0,2825.0,1300.0,1196.0,46.7,2.3,0.8223140495867769,0.17768595041322313,0.0,0.179,57472.0,0.006741573033707865,0.19899999999999998,0.214,0.39029535864978904,0.08074534161490683,0.008298755186721992,0.029045643153526972,0.066
E5J,0.9310344827586207,0.0,0.022988505747126436,0.04597701149425287,6.5,0.09142857142857143,0.5485714285714286,0.28,0.17142857142857143,145112.0,1960.0,1137.0,868.0,48.9,2.2,0.9022988505747126,0.09770114942528736,0.0,0.14300000000000002,66150.0,0.015432098765432098,0.161,0.149,0.4264705882352941,0.12093023255813953,0.0,0.022857142857142857,0.077
E5K,0.8812056737588653,0.0017730496453900709,0.08333333333333333,0.03368794326241135,7.5,0.08657243816254417,0.5656028368794326,0.2907801418439716,0.14361702127659576,179753.0,7123.0,3025.0,2819.0,44.5,2.5,0.9256637168141593,0.0743362831858407,0.0,0.09300000000000001,80837.0,0.01412180052956752,0.122,0.062,0.3310810810810811,0.2103960396039604,0.0035335689045936395,0.030035335689045935,0.086
E5L,0.8630705394190872,0.0,0.04149377593360996,0.0954356846473029,6.5,0.10638297872340426,0.5780590717299579,0.270042194092827,0.1518987341772152,100239.0,2871.0,1382.0,1204.0,47.6,2.3,0.9106382978723404,0.08936170212765958,0.0,0.19,56064.0,0.004405286343612335,0.19399999999999998,0.142,0.4442013129102845,0.06228373702422145,0.00847457627118644,0.012711864406779662,0.071
E5M,0.9595375722543352,0.0,0.017341040462427744,0.023121387283236993,6.9,0.13966480446927373,0.6256983240223464,0.21787709497206703,0.1564245810055866,144486.0,2028.0,1069.0,867.0,53.1,2.2,0.9269662921348315,0.07303370786516854,0.0,0.179,58496.0,0.012422360248447204,0.187,0.16,0.45481049562682213,0.21568627450980393,0.0,0.0111731843575419,0.111
E5N,0.8743169398907104,0.0,0.07759562841530054,0.048087431693989074,7.1,0.08161044613710555,0.46564885496183206,0.33478735005452565,0.19956379498364232,179757.0,11668.0,5120.0,4577.0,44.5,2.5,0.9150326797385621,0.08496732026143791,0.0,0.136,70333.0,0.01505856107083101,0.14300000000000002,0.099,0.38052631578947366,0.16895715440582054,0.004357298474945534,0.023965141612200435,0.096
E5P,0.9246231155778895,0.0,0.04020100502512563,0.035175879396984924,6.8,0.11616161616161616,0.583756345177665,0.28426395939086296,0.1319796954314721,139318.0,2546.0,1099.0,999.0,45.1,2.5,0.9141414141414141,0.08585858585858586,0.0,0.147,61760.0,0.010178117048346057,0.152,0.12,0.3783132530120482,0.1,0.010101010101010102,0.03535353535353535,0.064
E5R,0.92,0.0,0.04,0.04,6.7,0.09166666666666666,0.5,0.25,0.25,120264.0,1446.0,800.0,625.0,48.2,2.3,0.9159663865546218,0.08403361344537816,0.0,0.16899999999999998,56448.0,0.012658227848101266,0.19,0.155,0.44396551724137934,0.0896551724137931,0.016666666666666666,0.041666666666666664,0.13
E5S,0.9617834394904459,0.0,0.006369426751592357,0.03184713375796178,6.9,0.0880503144654088,0.4873417721518987,0.35443037974683544,0.15822784810126583,160222.0,1774.0,1030.0,786.0,51.4,2.3,0.9559748427672956,0.0440251572327044,0.0,0.11900000000000001,67328.0,0.016835016835016835,0.14300000000000002,0.141,0.40186915887850466,0.16666666666666666,0.0,0.018867924528301886,0.06
E5T,0.8979591836734694,0.0,0.044897959183673466,0.05714285714285714,6.8,0.07916666666666666,0.6125,0.24166666666666667,0.14583333333333334,140876.0,3035.0,1925.0,1224.0,46.4,2.5,0.8713692946058091,0.12863070539419086,0.0,0.17800000000000002,59341.0,0.012552301255230125,0.17300000000000001,0.09,0.4346938775510204,0.09803921568627451,0.008333333333333333,0.02510460251046025,0.079
E5V,0.9130434782608695,0.0,0.057971014492753624,0.028985507246376812,6.7,0.1044776119402985,0.7058823529411765,0.22058823529411764,0.07352941176470588,100276.0,797.0,467.0,347.0,48.4,2.1,0.7313432835820896,0.26865671641791045,0.0,0.16699999999999998,56736.0,0.03968253968253968,0.17600000000000002,0.049,0.325,0.1,0.0,0.029411764705882353,0.122
E6A,0.9439252336448598,0.0,0.04672897196261682,0.009345794392523364,6.3,0.16822429906542055,0.5648148148148148,0.37037037037037035,0.06481481481481481,80168.0,1254.0,680.0,534.0,52.4,2.3,0.8584905660377359,0.14150943396226415,0.0,0.265,47488.0,0.0,0.32299999999999995,0.262,0.5046296296296297,0.07692307692307693,0.0,0.018867924528301886,0.11
E6B,0.9453125,0.0,0.015625,0.0390625,6.9,0.15079365079365079,0.648,0.28,0.072,100158.0,1590.0,816.0,647.0,49.6,2.4,0.8968253968253969,0.10317460317460317,0.0,0.23199999999999998,53824.0,0.004048582995951417,0.225,0.165,0.46124031007751937,0.10062893081761007,0.016,0.04,0.071
E6C,0.8771929824561403,0.0,0.005847953216374269,0.11695906432748537,6.7,0.12280701754385964,0.4502923976608187,0.38011695906432746,0.1695906432748538,134412.0,2044.0,923.0,860.0,45.3,2.4,0.9590643274853801,0.04093567251461988,0.0,0.18899999999999997,62080.0,0.0030581039755351682,0.16899999999999998,0.12300000000000001,0.36151603498542273,0.1638655462184874,0.0,0.011695906432748537,0.099
E6E,0.912,0.0,0.04,0.048,6.6,0.09482758620689655,0.591304347826087,0.2782608695652174,0.13043478260869565,85425.0,1512.0,762.0,621.0,45.4,2.4,0.896551724137931,0.10344827586206896,0.0,0.223,53376.0,0.008583690987124463,0.222,0.20800000000000002,0.44206008583690987,0.08609271523178808,0.0,0.034482758620689655,0.098
E6G,0.8648648648648649,0.0,0.07657657657657657,0.05855855855855856,6.9,0.09375,0.6547085201793722,0.2556053811659193,0.08968609865470852,124939.0,2519.0,1393.0,1115.0,49.6,2.2,0.8622222222222222,0.13777777777777778,0.0,0.191,58016.0,0.007481296758104738,0.19,0.175,0.4269406392694064,0.13043478260869565,0.008888888888888889,0.026785714285714284,0.042
E6H,0.9411764705882353,0.0,0.0196078431372549,0.0392156862745098,6.8,0.058823529411764705,0.6699029126213593,0.22330097087378642,0.10679611650485436,99849.0,1210.0,971.0,509.0,49.8,2.4,0.8921568627450981,0.10784313725490197,0.0,0.19899999999999998,56704.0,0.005235602094240838,0.205,0.127,0.45588235294117646,0.15503875968992248,0.0,0.0196078431372549,0.09
E6J,0.9532710280373832,0.0,0.037383177570093455,0.009345794392523364,6.6,0.17475728155339806,0.8207547169811321,0.12264150943396226,0.05660377358490566,64914.0,1185.0,664.0,537.0,52.7,2.1,0.883495145631068,0.11650485436893204,0.0,0.23,48448.0,0.005376344086021506,0.23,0.035,0.5425531914893617,0.04504504504504504,0.0,0.0,0.065
E6K,0.9254658385093167,0.0,0.024844720496894408,0.049689440993788817,7.0,0.12,0.556923076923077,0.28923076923076924,0.15384615384615385,149610.0,3787.0,2331.0,1613.0,49.9,2.3,0.9015384615384615,0.09846153846153846,0.0,0.163,62899.0,0.01461038961038961,0.16899999999999998,0.10800000000000001,0.40923566878980894,0.15217391304347827,0.0,0.012307692307692308,0.087
E6L,0.9023746701846965,0.0,0.036939313984168866,0.06068601583113457,7.1,0.09788359788359788,0.5396825396825397,0.2566137566137566,0.2037037037037037,179217.0,4660.0,2066.0,1896.0,45.6,2.5,0.9126984126984127,0.0873015873015873,0.0,0.158,64085.0,0.012195121951219513,0.156,0.111,0.3533246414602347,0.201171875,0.0,0.010582010582010581,0.105
E7A,0.7993920972644377,0.00303951367781155,0.182370820668693,0.015197568389057751,6.2,0.07598784194528875,0.6880733944954128,0.22629969418960244,0.0856269113149847,90094.0,3707.0,2024.0,1647.0,51.6,2.2,0.7720364741641338,0.22796352583586627,0.0,0.16399999999999998,52416.0,0.0065252854812398045,0.193,0.08199999999999999,0.40570522979397783,0.09245742092457421,0.0060790273556231,0.015197568389057751,0.08800000000000001
E7B,0.824847250509165,0.0,0.09775967413441955,0.07739307535641547,6.3,0.07770961145194274,0.5061475409836066,0.3709016393442623,0.12295081967213115,129586.0,5701.0,2587.0,2453.0,47.9,2.3,0.8568507157464212,0.14314928425357873,0.0,0.142,60117.0,0.007423117709437964,0.177,0.09300000000000001,0.3584905660377358,0.1674491392801252,0.0,0.006122448979591836,0.11800000000000001
E7C,0.8145695364238411,0.0,0.17218543046357615,0.013245033112582781,6.1,0.082039911308204,0.5964523281596452,0.29046563192904656,0.1130820399113082,120015.0,5229.0,2386.0,2267.0,50.4,2.2,0.8141592920353983,0.1747787610619469,0.011061946902654867,0.17300000000000001,54080.0,0.0047562425683709865,0.193,0.08900000000000001,0.3832752613240418,0.1362862010221465,0.0,0.01327433628318584,0.11599999999999999
E7E,0.8373983739837398,0.0,0.14363143631436315,0.018970189701897018,6.1,0.09809264305177112,0.6512261580381471,0.25340599455040874,0.09536784741144415,99864.0,4279.0,2024.0,1849.0,48.8,2.2,0.7983651226158038,0.2016348773841962,0.0,0.204,52032.0,0.0,0.23,0.10800000000000001,0.42165242165242167,0.10251046025104603,0.008174386920980926,0.021798365122615803,0.106
E7G,0.9166666666666666,0.0,0.0744047619047619,0.008928571428571428,6.3,0.12386706948640483,0.6234939759036144,0.2921686746987952,0.08433734939759036,79991.0,3720.0,2078.0,1678.0,51.5,2.2,0.8433734939759037,0.1566265060240964,0.0,0.253,47445.0,0.0016474464579901153,0.256,0.195,0.45641838351822506,0.07341772151898734,0.0,0.01812688821752266,0.12300000000000001
E7H,0.8410041841004184,0.0,0.13598326359832635,0.02301255230125523,6.5,0.18067226890756302,0.5263157894736842,0.36,0.11368421052631579,85056.0,5577.0,2685.0,2388.0,47.8,2.3,0.7247899159663865,0.22268907563025211,0.052521008403361345,0.265,42496.0,0.005813953488372093,0.253,0.16899999999999998,0.48083242059145676,0.11270125223613596,0.01050420168067227,0.029411764705882353,0.092
E7J,0.8713450292397661,0.0,0.0935672514619883,0.03508771929824561,6.6,0.09523809523809523,0.5952380952380952,0.3273809523809524,0.07738095238095238,89639.0,2069.0,941.0,855.0,47.1,2.4,0.8333333333333334,0.16666666666666666,0.0,0.217,51328.0,0.0061162079510703364,0.231,0.13,0.4035608308605341,0.14084507042253522,0.0,0.041666666666666664,0.07400000000000001
E7K,0.8115942028985508,0.004830917874396135,0.11594202898550725,0.06763285024154589,6.8,0.1346153846153846,0.6153846153846154,0.25961538461538464,0.125,99883.0,2564.0,1134.0,1036.0,45.0,2.5,0.7874396135265701,0.21256038647342995,0.0,0.228,52096.0,0.005012531328320802,0.203,0.087,0.3835294117647059,0.08118081180811808,0.009615384615384616,0.028985507246376812,0.12300000000000001
E7L,0.8658823529411764,0.0,0.10823529411764705,0.02588235294117647,6.9,0.10697674418604651,0.585081585081585,0.2867132867132867,0.1282051282051282,90090.0,5195.0,2421.0,2123.0,45.4,2.4,0.8181818181818182,0.18181818181818182,0.0,0.17800000000000002,56912.0,0.010962241169305725,0.174,0.10300000000000001,0.3930635838150289,0.17279411764705882,0.0069767441860465115,0.04428904428904429,0.07400000000000001
E7M,0.7014388489208633,0.0,0.23501199040767387,0.06354916067146282,6.6,0.08949880668257756,0.5321428571428571,0.29404761904761906,0.1738095238095238,149557.0,9908.0,4434.0,4172.0,44.2,2.3,0.6861575178997613,0.2935560859188544,0.02028639618138425,0.18899999999999997,56021.0,0.01299545159194282,0.161,0.075,0.36796536796536794,0.16904083570750236,0.00834326579261025,0.03218116805721097,0.09699999999999999
E7N,0.9106382978723404,0.0,0.059574468085106386,0.029787234042553193,6.9,0.11255411255411256,0.46320346320346323,0.354978354978355,0.18181818181818182,125132.0,2966.0,1409.0,1174.0,44.4,2.5,0.8701298701298701,0.12987012987012986,0.0,0.182,62037.0,0.010570824524312896,0.156,0.095,0.30864197530864196,0.10204081632653061,0.008658008658008658,0.021645021645021644,0.067
E7P,0.8571428571428571,0.003484320557491289,0.11149825783972125,0.027874564459930314,6.6,0.08710801393728224,0.5629370629370629,0.3041958041958042,0.13286713286713286,119877.0,3591.0,1600.0,1440.0,47.2,2.4,0.8083623693379791,0.1916376306620209,0.0,0.191,54912.0,0.008960573476702509,0.185,0.08800000000000001,0.3784246575342466,0.11621621621621622,0.006944444444444444,0.03125,0.08800000000000001
E8A,0.8095238095238095,0.0,0.18412698412698414,0.006349206349206349,6.4,0.07006369426751592,0.5286624203821656,0.35987261146496813,0.11146496815286625,125140.0,3679.0,1668.0,1577.0,47.8,2.2,0.7961783439490446,0.20382165605095542,0.0,0.174,53581.0,0.0050933786078098476,0.23399999999999999,0.132,0.3687707641196013,0.12661498708010335,0.0,0.012738853503184714,0.08800000000000001
E8B,0.8523809523809524,0.0,0.1380952380952381,0.009523809523809525,6.3,0.0947867298578199,0.5118483412322274,0.3791469194312796,0.10900473933649289,90057.0,2333.0,1127.0,1047.0,48.2,2.2,0.8246445497630331,0.17535545023696683,0.0,0.22699999999999998,49728.0,0.0,0.3,0.228,0.3851851851851852,0.055970149253731345,0.009478672985781991,0.02843601895734597,0.109
E8C,0.7603550295857988,0.0,0.23668639053254437,0.0029585798816568047,6.4,0.11209439528023599,0.7928994082840237,0.14792899408284024,0.05917159763313609,74983.0,3544.0,1879.0,1693.0,56.0,2.0,0.7315634218289085,0.24778761061946902,0.02064896755162242,0.22899999999999998,45338.0,0.0034904013961605585,0.276,0.165,0.5451505016722408,0.11607142857142858,0.0,0.0058997050147492625,0.111
E8E,0.8782608695652174,0.0,0.0891304347826087,0.03260869565217391,6.4,0.06047516198704104,0.5735930735930735,0.3354978354978355,0.09090909090909091,89892.0,5224.0,2472.0,2302.0,50.5,2.2,0.8855291576673866,0.11447084233261338,0.0,0.161,58880.0,0.008101851851851851,0.20800000000000002,0.132,0.42681564245810055,0.10070671378091872,0.0,0.019438444924406047,0.081
E8G,0.9198473282442748,0.0,0.06870229007633588,0.011450381679389313,6.4,0.12015503875968993,0.5891472868217055,0.3372093023255814,0.07364341085271318,74755.0,2642.0,1574.0,1306.0,55.6,2.0,0.861003861003861,0.138996138996139,0.0,0.32799999999999996,39131.0,0.00881057268722467,0.308,0.226,0.6058091286307054,0.0684931506849315,0.0,0.027131782945736434,0.085
E8J,0.8044806517311609,0.0,0.18126272912423624,0.014256619144602852,6.0,0.07910750507099391,0.516260162601626,0.34959349593495936,0.13414634146341464,100203.0,5614.0,2633.0,2457.0,51.2,2.2,0.8194726166328601,0.18052738336713997,0.0,0.168,56416.0,0.005376344086021506,0.22,0.111,0.42577319587628865,0.11092985318107668,0.004056795131845842,0.010121457489878543,0.07400000000000001
E8K,0.7569352708058125,0.0,0.19682959048877147,0.046235138705416116,6.4,0.07549668874172186,0.48344370860927155,0.36688741721854307,0.14966887417218544,120229.0,8668.0,4081.0,3786.0,49.9,2.2,0.8039735099337748,0.19602649006622516,0.0,0.15,58057.0,0.009728978457261988,0.18899999999999997,0.095,0.43106926698049763,0.14461538461538462,0.0,0.011920529801324504,0.085
E8L,0.94,0.0,0.04,0.02,6.4,0.15841584158415842,0.6551724137931034,0.2512315270935961,0.09359605911330049,80122.0,2356.0,1084.0,1002.0,49.7,2.3,0.8861386138613861,0.11386138613861387,0.0,0.19899999999999998,53077.0,0.005115089514066497,0.27899999999999997,0.251,0.5463182897862233,0.058823529411764705,0.009900990099009901,0.0297029702970297,0.08900000000000001
E8M,0.9055555555555556,0.0,0.07777777777777778,0.016666666666666666,6.6,0.0748663101604278,0.5080213903743316,0.35294117647058826,0.13903743315508021,119944.0,2059.0,993.0,905.0,49.2,2.2,0.8404255319148937,0.1595744680851064,0.0,0.22899999999999998,50816.0,0.002898550724637681,0.261,0.218,0.40102827763496146,0.09420289855072464,0.0,0.026737967914438502,0.09
E8N,0.8849206349206349,0.0,0.09126984126984126,0.023809523809523808,6.2,0.11788617886178862,0.7213114754098361,0.22950819672131148,0.04918032786885246,74927.0,2549.0,1586.0,1262.0,56.3,2.0,0.8658536585365854,0.13414634146341464,0.0,0.22699999999999998,43520.0,0.008849557522123894,0.32299999999999995,0.193,0.5123595505617977,0.057034220532319393,0.0,0.012195121951219513,0.136
E8P,0.9243986254295533,0.0,0.054982817869415807,0.020618556701030927,6.4,0.11498257839721254,0.5609756097560976,0.29965156794425085,0.13937282229965156,100078.0,3450.0,1609.0,1454.0,52.1,2.3,0.9020979020979021,0.0979020979020979,0.0,0.198,55723.0,0.008787346221441126,0.28,0.195,0.4450084602368866,0.09610389610389611,0.006968641114982578,0.041811846689895474,0.078
E8R,0.85,0.0,0.12142857142857143,0.02857142857142857,6.0,0.12949640287769784,0.5451263537906137,0.33935018050541516,0.11552346570397112,80034.0,3174.0,1573.0,1404.0,50.9,2.2,0.7877697841726619,0.21223021582733814,0.0,0.271,42496.0,0.005649717514124294,0.342,0.28300000000000003,0.48237476808905383,0.07183908045977011,0.0,0.021660649819494584,0.08199999999999999
E8S,0.7953964194373402,0.0,0.1867007672634271,0.017902813299232736,6.4,0.09462915601023018,0.6010230179028133,0.309462915601023,0.08951406649616368,125101.0,4578.0,2247.0,1951.0,50.8,2.2,0.782608695652174,0.21739130434782608,0.0,0.175,55680.0,0.009345794392523364,0.263,0.12,0.4262086513994911,0.15019762845849802,0.0,0.03316326530612245,0.078
E8T,0.8996138996138996,0.0,0.07335907335907337,0.02702702702702703,6.4,0.10058027079303675,0.6170212765957447,0.32108317214700194,0.061895551257253385,80061.0,5758.0,3043.0,2591.0,52.7,2.2,0.8494208494208494,0.15057915057915058,0.0,0.193,54208.0,0.009164969450101833,0.316,0.12,0.4391959798994975,0.07790143084260731,0.0038684719535783366,0.03288201160541586,0.08
E9A,0.9054726368159204,0.0,0.04477611940298507,0.04975124378109453,6.0,0.08823529411764706,0.5,0.37623762376237624,0.12376237623762376,100187.0,2254.0,1157.0,1009.0,51.4,2.2,0.8682926829268293,0.13170731707317074,0.0,0.138,59571.0,0.00510204081632653,0.32899999999999996,0.28300000000000003,0.3863080684596577,0.06463878326996197,0.0,0.014634146341463415,0.079
E9B,0.8963730569948186,0.0,0.031088082901554404,0.07253886010362694,6.4,0.10606060606060606,0.5583756345177665,0.29949238578680204,0.14213197969543148,80224.0,2336.0,1141.0,969.0,47.8,2.4,0.8984771573604061,0.10152284263959391,0.0,0.22399999999999998,54123.0,0.005405405405405406,0.275,0.273,0.46454767726161367,0.09433962264150944,0.010101010101010102,0.04060913705583756,0.073
E9C,0.9030612244897959,0.0,0.05612244897959184,0.04081632653061224,6.3,0.10880829015544041,0.7135416666666666,0.21875,0.06770833333333333,75011.0,2115.0,1254.0,981.0,53.4,2.1,0.8704663212435233,0.12953367875647667,0.0,0.27399999999999997,45440.0,0.008426966292134831,0.285,0.24100000000000002,0.5459770114942529,0.07352941176470588,0.0,0.010362694300518135,0.065
E9E,0.913946587537092,0.0,0.02373887240356083,0.06231454005934718,6.5,0.12727272727272726,0.5666666666666667,0.3181818181818182,0.11515151515151516,89855.0,3953.0,1949.0,1690.0,49.8,2.2,0.8206686930091185,0.0851063829787234,0.09422492401215805,0.188,52395.0,0.009523809523809525,0.24600000000000002,0.225,0.46656050955414013,0.08157894736842106,0.0,0.015197568389057751,0.065
E9G,0.8837209302325582,0.002325581395348837,0.06511627906976744,0.04883720930232558,6.0,0.16745283018867924,0.5011820330969267,0.3333333333333333,0.16548463356973994,100051.0,5290.0,2372.0,2150.0,46.1,2.4,0.7641509433962265,0.14858490566037735,0.08726415094339622,0.213,48998.0,0.005973715651135006,0.336,0.28,0.4351320321469575,0.05660377358490566,0.01182033096926714,0.05188679245283019,0.105
E9H,0.9568627450980393,0.0,0.023529411764705882,0.0196078431372549,6.0,0.13108614232209737,0.5977443609022557,0.2932330827067669,0.10902255639097744,89864.0,3041.0,1415.0,1281.0,50.1,2.3,0.8984962406015038,0.10150375939849623,0.0,0.19399999999999998,49451.0,0.005791505791505791,0.36,0.341,0.47755834829443444,0.0440771349862259,0.00749063670411985,0.04119850187265917,0.10099999999999999
G0A,0.7577141275771413,0.0002767400027674,0.22720354227203543,0.014805590148055901,6.5,0.06119340994046795,0.5232622542232068,0.21240653558571032,0.2643312101910828,240476.0,86140.0,43053.0,36136.0,43.5,2.3,0.8115741381697356,0.18731828879966772,0.001107573030596705,0.087,69664.0,0.01403042386648944,0.157,0.05,0.34480255516840885,0.18341463414634146,0.0019382528035442337,0.013706216253634223,0.105
G0C,0.7949017773620206,0.0004677268475210477,0.18381665107577175,0.020813844714686624,6.2,0.10194061257891045,0.657470189385083,0.23053542202478372,0.11199438859013328,149657.0,47114.0,23744.0,21386.0,52.0,2.2,0.7381342062193126,0.25555295768061725,0.006312836100070143,0.17300000000000001,50398.0,0.006388143605468251,0.294,0.161,0.47210782478472485,0.12180666257919477,0.0016366612111292963,0.019869097709209912,0.083
G0E,0.8631346578366446,0.0,0.1280353200883002,0.008830022075055188,6.5,0.08849557522123894,0.7836644591611479,0.152317880794702,0.0640176600441501,89896.0,4773.0,3066.0,2263.0,56.4,2.1,0.844789356984479,0.15521064301552107,0.0,0.209,45491.0,0.0036540803897685747,0.341,0.217,0.4994026284348865,0.1172962226640159,0.004415011037527594,0.011061946902654867,0.113
G0G,0.7448763250883392,0.03250883392226148,0.16042402826855123,0.06219081272084806,6.2,0.14919071076706544,0.5575842696629213,0.25280898876404495,0.1896067415730337,125087.0,17665.0,9023.0,7073.0,41.6,2.5,0.6903589021815623,0.17733990147783252,0.13230119634060522,0.066,79744.0,0.01968647466277798,0.171,0.171,0.34340949033391915,0.09845077461269365,0.01969057665260197,0.040787623066104076,0.063
G0H,0.8478260869565217,0.0010869565217391304,0.10108695652173913,0.05,6.1,0.13048245614035087,0.6254107338444688,0.27710843373493976,0.09748083242059145,100307.0,10540.0,5245.0,4604.0,48.1,2.3,0.8017524644030668,0.11610076670317634,0.08214676889375684,0.122,54443.0,0.005284791544333529,0.235,0.163,0.5005630630630631,0.05902480752780154,0.0043859649122807015,0.02631578947368421,0.086
G0J,0.8384930995897053,0.0007459903021260724,0.14919806042521447,0.011562849682954122,6.4,0.10966057441253264,0.7220149253731343,0.19776119402985073,0.08022388059701492,100089.0,29251.0,16484.0,13404.0,52.6,2.1,0.8100746268656717,0.18992537313432836,0.0,0.21,46158.0,0.002316764953664701,0.304,0.154,0.4745658835546476,0.07908496732026143,0.0014925373134328358,0.009328358208955223,0.11199999999999999
G0K,0.8351115421920465,0.0009699321047526673,0.1367604267701261,0.027158098933074686,6.6,0.0909970958373669,0.6460348162475822,0.21663442940038685,0.13733075435203096,149943.0,11587.0,6569.0,5152.0,47.1,2.2,0.8402710551790901,0.15972894482090996,0.0,0.14300000000000002,55068.0,0.0053792361484669175,0.225,0.099,0.3934942287513116,0.1417260490894695,0.003872216844143272,0.016472868217054265,0.10800000000000001
G0L,0.7996153846153846,0.0003846153846153846,0.18365384615384617,0.016346153846153847,6.5,0.08381391772395233,0.710248029225149,0.19303980003845414,0.09671217073639685,139685.0,59524.0,31620.0,25998.0,50.3,2.2,0.8019611613151317,0.1980388386848683,0.0,0.147,53501.0,0.006431207169214549,0.22899999999999998,0.087,0.4104970096927201,0.12176165803108809,0.0019223375624759708,0.010767160161507403,0.094
G0M,0.8391045820216859,0.0,0.1559986009094089,0.004896817068905212,6.5,0.06736842105263158,0.6294736842105263,0.23789473684210527,0.13263157894736843,125370.0,34021.0,16488.0,14297.0,44.7,2.3,0.8143859649122807,0.1856140350877193,0.0,0.122,55755.0,0.006720179204778794,0.19699999999999998,0.048,0.3426367976496511,0.07564211120519333,0.002807017543859649,0.01263157894736842,0.087
G0N,0.8459335624284078,0.0,0.14490263459335626,0.009163802978235968,6.3,0.06609195402298851,0.6683908045977012,0.2028735632183908,0.12873563218390804,134871.0,19489.0,10930.0,8728.0,50.0,2.2,0.8264367816091954,0.1735632183908046,0.0,0.153,52079.0,0.0062912865681031774,0.22699999999999998,0.052000000000000005,0.40948275862068967,0.08876629889669008,0.002875215641173088,0.013801035077630822,0.09
G0P,0.9172535211267606,0.0,0.0721830985915493,0.01056338028169014,6.5,0.08566433566433566,0.6223776223776224,0.1958041958041958,0.18181818181818182,150471.0,6816.0,3350.0,2841.0,45.2,2.4,0.8566433566433567,0.14335664335664336,0.0,0.161,55070.0,0.004604051565377533,0.21,0.054000000000000006,0.3279424977538185,0.09274193548387097,0.0034965034965034965,0.02268760907504363,0.131
G0R,0.7908380194760664,0.0001371553970648745,0.19887532574406802,0.010149499382800714,6.3,0.07241804965025374,0.6615933086521322,0.19648978472507883,0.14191690662278897,150283.0,83573.0,43268.0,36455.0,48.8,2.2,0.7874091345494445,0.21259086545055547,0.0,0.13,55721.0,0.006068779501011463,0.204,0.052000000000000005,0.37945739283876184,0.10855070768510937,0.00274310794129749,0.013439385628085573,0.095
G0S,0.7915257254762329,0.0,0.19939469467687376,0.00907957984689336,6.5,0.0641025641025641,0.5689102564102564,0.19907407407407407,0.23201566951566951,179976.0,68020.0,30523.0,28081.0,41.5,2.4,0.8041310541310541,0.19586894586894588,0.0,0.10099999999999999,62173.0,0.006425399225172447,0.183,0.045,0.3041782729805014,0.11434135484768396,0.001958689458689459,0.013532763532763533,0.091
G0T,0.7878068091844814,0.0,0.2042755344418052,0.00791765637371338,6.2,0.09162717219589257,0.6669297553275454,0.23046566692975531,0.1026045777426993,125260.0,14063.0,7725.0,6323.0,51.7,2.2,0.7883096366508688,0.2093206951026856,0.002369668246445498,0.153,54647.0,0.0068669527896995704,0.249,0.172,0.44930584770719395,0.08322237017310254,0.002369668246445498,0.015007898894154818,0.09
G0V,0.7940379403794038,0.0,0.1991869918699187,0.006775067750677507,6.5,0.07201086956521739,0.5492192803801765,0.2328581126951799,0.21792260692464357,179318.0,17614.0,9945.0,7386.0,44.1,2.4,0.8158967391304348,0.18410326086956522,0.0,0.113,64632.0,0.009691313711414214,0.196,0.10400000000000001,0.3993743482794578,0.11191335740072202,0.002717391304347826,0.006793478260869565,0.09300000000000001
G0W,0.7781293952180028,0.0024613220815752463,0.20780590717299577,0.011603375527426161,6.4,0.11173576950105411,0.5379479971890373,0.2821503865073788,0.17990161630358398,139501.0,36076.0,17743.0,14226.0,41.3,2.5,0.7529866479269149,0.17884750527055515,0.06816584680252986,0.13,60446.0,0.006004366812227074,0.221,0.133,0.4185029730675061,0.08784501061571125,0.018622628250175684,0.03197470133520731,0.10800000000000001
G0X,0.8411877394636015,0.0,0.15095785440613027,0.007854406130268199,6.3,0.08546187824082965,0.6292242703533026,0.21582181259600614,0.15495391705069125,149585.0,58779.0,32162.0,26101.0,49.1,2.2,0.8142884578452084,0.17514883810255424,0.010562704052237373,0.155,53614.0,0.007516409062036841,0.21899999999999997,0.084,0.42820167719225594,0.1199616122840691,0.0028812908182865925,0.017095658855167114,0.106
G0Y,0.8931203931203932,0.0,0.09582309582309582,0.011056511056511056,6.4,0.07627118644067797,0.6070133010882709,0.2660217654171705,0.12696493349455865,129683.0,9052.0,5872.0,4063.0,51.7,2.2,0.8619854721549637,0.13801452784503632,0.0,0.149,52352.0,0.006020066889632107,0.22699999999999998,0.049,0.4219053791315619,0.07135678391959799,0.0036319612590799033,0.009673518742442563,0.11599999999999999
G0Z,0.8821138211382114,0.0,0.10298102981029811,0.014905149051490514,6.4,0.08991825613079019,0.6766304347826086,0.1956521739130435,0.12771739130434784,129707.0,8596.0,4132.0,3686.0,43.8,2.3,0.8392370572207084,0.16076294277929154,0.0,0.166,52007.0,0.005105762217359592,0.22699999999999998,0.068,0.3554301833568406,0.09458023379383634,0.002728512960436562,0.010899182561307902,0.111
G1A,,,,,,,,,,,0.0,1.0,1.0,,,,,,,,,,,,,,,
G1B,0.7196187450357426,0.0007942811755361397,0.2398729150119142,0.03971405877680699,6.7,0.03253968253968254,0.34868943606036534,0.42970611596505165,0.221604447974583,259404.0,16337.0,6397.0,6291.0,40.3,2.6,0.8794607454401269,0.12053925455987312,0.0,0.046,85096.0,0.009320388349514564,0.12,0.037000000000000005,0.2590634441087613,0.20272393923520168,0.002380952380952381,0.012698412698412698,0.078
G1C,0.5210950080515298,0.00032206119162640903,0.4785829307568438,0.0,6.0,0.035093367675466836,0.3893719806763285,0.3793880837359098,0.23123993558776168,254891.0,36407.0,15798.0,15529.0,46.9,2.3,0.7283553266816866,0.2716446733183135,0.0,0.065,72549.0,0.012429763323684659,0.132,0.036000000000000004,0.32450441445943695,0.23055414336553126,0.0016092693916961698,0.012874155133569359,0.08800000000000001
G1E,0.25949605114704777,0.03948852952237683,0.7006393380970289,0.000376081233546446,5.1,0.053187476423990944,0.6728301886792453,0.14679245283018869,0.18037735849056605,250287.0,27071.0,14055.0,13295.0,48.1,1.9,0.4347662141779789,0.5652337858220211,0.0,0.157,50411.0,0.008681745487777016,0.193,0.06,0.3927927927927928,0.19444444444444445,0.004149377593360996,0.023001508295625944,0.121
G1G,0.5377959927140255,0.0546448087431694,0.4075591985428051,0.0,6.2,0.04221516114389469,0.6820861678004535,0.1510204081632653,0.16689342403628118,250655.0,24695.0,11239.0,10978.0,45.5,2.2,0.7190195188379482,0.28098048116205177,0.0,0.083,68161.0,0.009701492537313432,0.162,0.040999999999999995,0.38951219512195123,0.24737267582861763,0.0027223230490018148,0.015887426236949616,0.085
G1H,0.2744218156713842,0.10355540214014498,0.6220227821884708,0.0,5.0,0.051264288188430894,0.6393897364771152,0.24029126213592233,0.12031900138696255,250477.0,29105.0,15114.0,14487.0,48.7,1.9,0.42515592515592515,0.5748440748440748,0.0,0.124,52405.0,0.006710002096875656,0.188,0.051,0.388164701013863,0.23567530695770805,0.006583506583506584,0.02668052668052668,0.10800000000000001
G1J,0.0581170089112747,0.10383572258814414,0.8380472685005812,0.0,4.3,0.0791311093871218,0.7401941747572816,0.15300970873786407,0.10679611650485436,250329.0,23388.0,13732.0,12910.0,41.7,1.7,0.21722265321955003,0.78277734678045,0.0,0.27,39210.0,0.0020549704597996403,0.23399999999999999,0.07200000000000001,0.4040940106141016,0.22130826478652565,0.0069821567106283944,0.03220799379123011,0.21600000000000003
G1K,0.013673655423883319,0.1627164995442115,0.8236098450319052,0.0,3.9,0.07791017415215398,0.7176901924839597,0.1915673693858845,0.09074243813015583,239683.0,18309.0,12086.0,10965.0,40.6,1.6,0.2603116406966086,0.7396883593033914,0.0,0.295,38763.0,0.009967845659163987,0.175,0.066,0.3511450381679389,0.376,0.008249312557286892,0.034372135655362054,0.17800000000000002
G1L,0.05350118017309206,0.04130605822187254,0.9051927616050354,0.0,4.3,0.08734821778300039,0.8153665229321835,0.12700901607212858,0.057624460995687965,250412.0,22729.0,13519.0,12715.0,40.5,1.7,0.20799059929494712,0.7920094007050529,0.0,0.257,39750.0,0.002627430373095113,0.213,0.071,0.3587687532333161,0.27088897367417014,0.007445141065830721,0.028593811202506855,0.196
G1M,0.08618843683083512,0.04978586723768737,0.8640256959314775,0.0,4.7,0.03844100373731981,0.4928,0.2928,0.2144,249913.0,19697.0,9744.0,9343.0,45.0,2.0,0.3593166043780032,0.6406833956219968,0.0,0.19,48261.0,0.0045088566827697265,0.2,0.05,0.3703937007874016,0.21556307394876753,0.012273212379935965,0.03255069370330843,0.146
G1N,0.07348242811501597,0.03301384451544196,0.8935037273695421,0.0,4.1,0.08888888888888889,0.7764830508474576,0.11546610169491525,0.10805084745762712,249951.0,8053.0,5006.0,4700.0,40.9,1.6,0.2108050847457627,0.7891949152542372,0.0,0.255,37908.0,0.0014336917562724014,0.209,0.064,0.350210970464135,0.24848484848484848,0.0,0.026483050847457626,0.231
G1P,0.3167701863354037,0.0,0.6832298136645962,0.0,5.2,0.051393188854489166,0.6567534076827757,0.22862453531598512,0.11462205700123916,250345.0,16514.0,8286.0,8057.0,42.6,2.0,0.45853960396039606,0.5414603960396039,0.0,0.114,54701.0,0.003230437903804738,0.179,0.062,0.3550420168067227,0.22488584474885845,0.004953560371517028,0.029721362229102165,0.09300000000000001
G1R,0.004833252779120348,0.24504591590140165,0.750120831319478,0.0,3.9,0.08236434108527131,0.8050436469447139,0.12900096993210475,0.06595538312318137,324419.0,16663.0,12127.0,10345.0,44.7,1.5,0.2688953488372093,0.7311046511627907,0.0,0.225,45221.0,0.025552486187845305,0.127,0.064,0.35719154737559644,0.5335051546391752,0.006779661016949152,0.02422480620155039,0.21600000000000003
G1S,0.09808342728297632,0.3070274332957535,0.5948891394212702,0.0,4.9,0.06599175103112111,0.7238666167103784,0.18995878606219557,0.086174597227426,359926.0,25741.0,14412.0,13312.0,53.5,1.8,0.42782152230971127,0.5721784776902887,0.0,0.125,61126.0,0.04163658243080626,0.12,0.057,0.42105263157894735,0.6419341392246769,0.0022497187851518562,0.015367316341829085,0.134
G1T,0.6198830409356725,0.08187134502923976,0.2982456140350877,0.0,7.9,0.08155339805825243,0.7151162790697675,0.21511627906976744,0.06976744186046512,599675.0,6378.0,2673.0,2562.0,52.4,2.3,0.8062015503875969,0.1937984496124031,0.0,0.048,121856.0,0.13913913913913914,0.066,0.049,0.38910505836575876,0.729636048526863,0.003875968992248062,0.007751937984496124,0.106
G1V,0.1287228672387683,0.28066633013629483,0.5901060070671378,0.0005047955577990914,4.5,0.059959349593495935,0.5777439024390244,0.2606707317073171,0.16158536585365854,324502.0,18530.0,12727.0,9904.0,34.4,1.8,0.3130081300813008,0.6869918699186992,0.0,0.237,45289.0,0.013966480446927373,0.146,0.087,0.39594220719336,0.5411614550095725,0.010670731707317074,0.0350609756097561,0.14800000000000002
G1W,0.31996037642397224,0.12035661218424963,0.5591877166914314,0.0004952947003467063,5.8,0.05205751115518096,0.623015873015873,0.2435515873015873,0.13343253968253968,349077.0,21091.0,10722.0,10090.0,45.4,2.0,0.5470763131813677,0.4529236868186323,0.0,0.113,65614.0,0.036609974055923894,0.122,0.061,0.3915848527349229,0.5255198487712666,0.007433102081268583,0.02181457610312345,0.085
G1X,0.3020917135961384,0.13676588897827835,0.5611423974255833,0.0,5.5,0.0424,0.505797680927629,0.3534586165533786,0.1407437025189924,300654.0,25855.0,13023.0,12434.0,45.8,2.0,0.5201919232307077,0.47980807676929227,0.0,0.11,62075.0,0.029693710544774373,0.131,0.057,0.3896252285191956,0.5029821073558648,0.004798080767692923,0.027588964414234307,0.096
G1Y,0.638542665388303,0.00862895493767977,0.35282837967401726,0.0,7.4,0.03266090297790586,0.44903846153846155,0.4778846153846154,0.07307692307692308,341839.0,12653.0,5287.0,5222.0,48.8,2.4,0.8656429942418427,0.1343570057581574,0.0,0.037000000000000005,102656.0,0.050314465408805034,0.094,0.037000000000000005,0.37269721303731695,0.5878741366078281,0.0019193857965451055,0.0067178502879078695,0.057
G2A,0.6205533596837944,0.0,0.3794466403162055,0.0,6.6,0.04980237154150197,0.6195737963693765,0.18547750591949486,0.19494869771112866,265981.0,15482.0,6449.0,6327.0,42.8,2.4,0.7691699604743083,0.2308300395256917,0.0,0.06,77859.0,0.017107942973523423,0.132,0.031,0.3416666666666667,0.2755359394703657,0.0015810276679841897,0.013438735177865613,0.081
G2B,0.4322429906542056,0.006074766355140187,0.5616822429906542,0.0,5.9,0.04236499068901303,0.5072126570497906,0.26663564448580734,0.22615169846440206,250616.0,24546.0,11082.0,10706.0,42.2,2.3,0.6256983240223464,0.3743016759776536,0.0,0.09300000000000001,67099.0,0.011532547411583802,0.145,0.038,0.31825037707390647,0.23600150319428786,0.002791996277338297,0.014432029795158287,0.086
G2C,0.2693693693693694,0.05855855855855856,0.6720720720720721,0.0,5.4,0.02355072463768116,0.14945652173913043,0.29257246376811596,0.5579710144927537,259154.0,11767.0,5681.0,5549.0,41.9,2.1,0.5769927536231884,0.4230072463768116,0.0,0.07,72612.0,0.017063081695966906,0.11599999999999999,0.028999999999999998,0.29568788501026694,0.3927514792899408,0.0,0.014479638009049774,0.075
G2E,0.6018202502844141,0.0,0.3970420932878271,0.0011376564277588168,6.6,0.034738041002277904,0.5734624145785877,0.3086560364464693,0.11788154897494305,274982.0,20674.0,8948.0,8792.0,46.6,2.3,0.7700626067159931,0.22993739328400684,0.0,0.055,76254.0,0.015053128689492325,0.132,0.034,0.3502596653202539,0.27683873915029694,0.002277904328018223,0.009675583380762664,0.063
G2G,0.5200433369447454,0.0,0.409534127843987,0.07042253521126761,6.3,0.04525862068965517,0.37513513513513513,0.43567567567567567,0.1891891891891892,257083.0,10676.0,4705.0,4616.0,44.3,2.3,0.8489751887810141,0.15102481121898598,0.0,0.059000000000000004,77726.0,0.016018306636155607,0.109,0.044000000000000004,0.29894620077648365,0.3062550771730301,0.004314994606256742,0.014008620689655173,0.10099999999999999
G2J,0.15141955835962145,0.0,0.8454258675078864,0.0031545741324921135,4.6,0.009615384615384616,0.08653846153846154,0.7403846153846154,0.17307692307692307,200444.0,2953.0,1662.0,1579.0,52.9,1.7,0.532051282051282,0.46794871794871795,0.0,0.076,55403.0,0.022727272727272728,0.129,0.026000000000000002,0.36,0.28668941979522183,0.0,0.01607717041800643,0.14400000000000002
G2K,0.2759276879162702,0.013320647002854425,0.7107516650808754,0.0,5.6,0.015194681861348529,0.2057142857142857,0.4095238095238095,0.38476190476190475,269489.0,10961.0,5462.0,5255.0,48.4,2.0,0.7195817490494296,0.2804182509505703,0.0,0.055,74975.0,0.032100108813928184,0.10800000000000001,0.040999999999999995,0.3426758328926494,0.3817161186848436,0.002849002849002849,0.011406844106463879,0.111
G2L,0.396,0.0168,0.5872,0.0,5.9,0.023181454836131096,0.1936,0.4208,0.3856,270699.0,14090.0,6315.0,6248.0,44.9,2.2,0.7452076677316294,0.2547923322683706,0.0,0.068,73509.0,0.018045774647887324,0.128,0.035,0.3467465753424658,0.3075907590759076,0.0015987210231814548,0.015187849720223821,0.10099999999999999
G2M,0.5934579439252337,0.0,0.3574766355140187,0.04906542056074766,6.6,0.051643192488262914,0.431924882629108,0.2676056338028169,0.3004694835680751,255881.0,5301.0,2178.0,2140.0,39.3,2.5,0.8665105386416861,0.13348946135831383,0.0,0.046,82517.0,0.00984009840098401,0.124,0.035,0.27490996398559425,0.28885135135135137,0.0,0.01873536299765808,0.065
G2N,0.5460030165912518,0.0,0.42081447963800905,0.033182503770739065,6.4,0.036036036036036036,0.405688622754491,0.25,0.344311377245509,250807.0,8134.0,3393.0,3313.0,38.9,2.4,0.8318318318318318,0.16816816816816818,0.0,0.059000000000000004,77207.0,0.007165605095541401,0.135,0.040999999999999995,0.25703125,0.20234291799787008,0.003003003003003003,0.013533834586466165,0.121
G3A,0.7098092643051771,0.1164850136239782,0.1723433242506812,0.0013623978201634877,7.2,0.02997275204359673,0.30858310626702995,0.4114441416893733,0.27997275204359673,348463.0,19198.0,7838.0,7344.0,45.5,2.5,0.8685286103542235,0.13147138964577657,0.0,0.035,101423.0,0.052823920265780734,0.081,0.039,0.30465717981888746,0.4449275362318841,0.0,0.010217983651226158,0.07400000000000001
G3B,0.9155172413793103,0.0,0.08448275862068966,0.0,7.9,0.04152249134948097,0.36221837088388215,0.30675909878682844,0.3310225303292894,380528.0,7925.0,3097.0,2901.0,41.0,2.7,0.9309153713298791,0.0690846286701209,0.0,0.037000000000000005,116242.0,0.0633445945945946,0.071,0.025,0.25163934426229506,0.44721906923950056,0.0034542314335060447,0.005190311418685121,0.08900000000000001
G3C,0.8495702005730659,0.0,0.14469914040114612,0.0057306590257879654,6.9,0.06876790830945559,0.37733142037302725,0.266857962697274,0.35581061692969873,299953.0,8977.0,4166.0,3488.0,38.2,2.6,0.8853868194842407,0.11461318051575932,0.0,0.057,87552.0,0.019202363367799114,0.113,0.046,0.24494219653179192,0.2597526165556613,0.0028653295128939827,0.02005730659025788,0.107
G3E,0.5763000852514919,0.0034100596760443308,0.39471440750213127,0.02557544757033248,6.5,0.030612244897959183,0.23594548551959113,0.40630323679727426,0.3577512776831346,268363.0,15629.0,5926.0,5868.0,37.2,2.7,0.8229787234042554,0.17702127659574468,0.0,0.045,87879.0,0.009762308998302207,0.111,0.037000000000000005,0.22281934683753618,0.21266968325791855,0.0017006802721088435,0.00851063829787234,0.073
G3G,0.7541191381495564,0.0012674271229404308,0.1520912547528517,0.09252217997465145,6.3,0.045627376425855515,0.44050632911392407,0.35063291139240504,0.2088607594936709,249873.0,10098.0,4036.0,3946.0,38.5,2.6,0.8935361216730038,0.10646387832699619,0.0,0.055,78218.0,0.005108556832694764,0.146,0.028999999999999998,0.273579013116802,0.12886597938144329,0.002531645569620253,0.013924050632911392,0.106
G3H,0.751660026560425,0.0,0.24169986719787517,0.006640106241699867,6.4,0.05305039787798409,0.4103585657370518,0.2815405046480744,0.30810092961487384,219919.0,9252.0,3944.0,3765.0,39.3,2.4,0.7973509933774835,0.20264900662251656,0.0,0.075,71151.0,0.007032348804500703,0.153,0.034,0.294238683127572,0.17008797653958943,0.002652519893899204,0.017241379310344827,0.094
G3J,0.5948174322732627,0.016489988221436984,0.3875147232037691,0.001177856301531213,6.2,0.04122497055359246,0.4223529411764706,0.26,0.3176470588235294,249921.0,10341.0,4338.0,4246.0,36.6,2.4,0.7950530035335689,0.2049469964664311,0.0,0.061,75894.0,0.006900878293601004,0.13,0.043,0.26495726495726496,0.18028643639427128,0.0,0.011778563015312132,0.099
G3K,0.5363128491620112,0.0006983240223463687,0.46298882681564246,0.0,6.4,0.025910364145658265,0.2669936930623686,0.3994393833216538,0.33356692361597756,255590.0,18534.0,7251.0,7158.0,34.5,2.6,0.7563025210084033,0.24369747899159663,0.0,0.055999999999999994,83210.0,0.007246376811594203,0.115,0.032,0.21231422505307856,0.21082089552238806,0.0028011204481792717,0.014005602240896359,0.084
G3L,0.7863534675615212,0.0,0.21029082774049218,0.003355704697986577,6.0,0.06437291897891231,0.5382059800664452,0.2513842746400886,0.21040974529346623,190175.0,10309.0,5416.0,4479.0,48.0,2.2,0.8066666666666666,0.19333333333333333,0.0,0.128,58509.0,0.006752608962553714,0.19699999999999998,0.068,0.3768723786698622,0.0981651376146789,0.0022197558268590455,0.014412416851441241,0.10300000000000001
G3M,0.5521669341894061,0.0032102728731942215,0.43980738362760835,0.004815409309791332,6.1,0.05627009646302251,0.5829307568438004,0.15942028985507245,0.2576489533011272,200235.0,7200.0,3180.0,3111.0,45.5,2.1,0.6527331189710611,0.34726688102893893,0.0,0.124,55776.0,0.00841908325537886,0.18899999999999997,0.054000000000000006,0.37522935779816513,0.13908205841446453,0.0,0.008025682182985553,0.111
G3N,0.7924050632911392,0.0,0.16329113924050634,0.04430379746835443,6.7,0.04314720812182741,0.3236040609137056,0.2182741116751269,0.4581218274111675,268812.0,9942.0,4709.0,3949.0,36.8,2.5,0.8821292775665399,0.11787072243346007,0.0,0.05,84770.0,0.016600265604249667,0.122,0.046,0.267578125,0.18771929824561404,0.0025380710659898475,0.012674271229404309,0.10300000000000001
G3Z,0.6130030959752322,0.0,0.3715170278637771,0.015479876160990712,6.1,0.05727554179566564,0.5712074303405573,0.2708978328173375,0.15789473684210525,224548.0,7142.0,3667.0,3229.0,53.1,2.1,0.6924265842349304,0.3075734157650695,0.0,0.11900000000000001,54741.0,0.010327022375215147,0.209,0.079,0.43378607809847197,0.15138888888888888,0.006191950464396285,0.01393188854489164,0.124
G4A,0.6379928315412187,0.0,0.36200716845878134,0.0,6.1,0.04316546762589928,0.6892857142857143,0.17142857142857143,0.1392857142857143,150469.0,3085.0,1481.0,1394.0,50.0,2.2,0.6810035842293907,0.31899641577060933,0.0,0.128,55040.0,0.006036217303822937,0.225,0.107,0.43222003929273084,0.08544303797468354,0.007168458781362007,0.014336917562724014,0.063
G4R,0.5116279069767442,0.020487264673311186,0.46566998892580286,0.0022148394241417496,6.1,0.10304709141274238,0.7176927343316695,0.17304492512479203,0.10926234054353855,250419.0,20973.0,9967.0,9027.0,41.5,2.3,0.5775193798449613,0.38205980066445183,0.040420819490586936,0.11599999999999999,63396.0,0.019919078742608155,0.147,0.10400000000000001,0.37146297411198076,0.16864175022789427,0.007206208425720621,0.031578947368421054,0.073
G4S,0.3234624145785877,0.0,0.10022779043280182,0.5763097949886105,6.0,0.09237875288683603,0.7782909930715936,0.16628175519630484,0.05542725173210162,160484.0,5208.0,2278.0,2196.0,39.6,2.4,0.8726851851851852,0.12731481481481483,0.0,0.067,75849.0,0.004842615012106538,0.15,0.08900000000000001,0.3313180169286578,0.0737410071942446,0.009237875288683603,0.011547344110854504,0.059000000000000004
G4T,0.8509485094850948,0.0,0.14363143631436315,0.005420054200542005,6.2,0.07142857142857142,0.5925925925925926,0.2682926829268293,0.13911472448057813,150191.0,12475.0,6477.0,5534.0,52.1,2.2,0.7624209575429087,0.23757904245709124,0.0,0.11,61243.0,0.007029053420805998,0.266,0.12,0.37830319888734354,0.13270485859318346,0.0018083182640144665,0.012646793134598013,0.096
G4V,0.6763285024154589,0.0,0.3140096618357488,0.00966183574879227,6.1,0.07877813504823152,0.6913183279742765,0.22186495176848875,0.08681672025723473,129746.0,6616.0,3457.0,3108.0,51.6,2.1,0.7009646302250804,0.2990353697749196,0.0,0.218,45722.0,0.005479452054794521,0.303,0.19,0.5071301247771836,0.1034965034965035,0.003215434083601286,0.01929260450160772,0.122
G4W,0.5666423889293518,0.0,0.4085943190094683,0.024763292061179897,6.0,0.06109090909090909,0.7496360989810772,0.1848617176128093,0.06550218340611354,150094.0,14326.0,7427.0,6871.0,52.2,2.0,0.6382823871906841,0.36171761280931586,0.0,0.18,48137.0,0.007731958762886598,0.23,0.10099999999999999,0.43090452261306533,0.14042263122017723,0.00363901018922853,0.010917030567685589,0.086
G4X,0.7410296411856474,0.00078003120124805,0.25273010920436817,0.00546021840873635,6.3,0.07410296411856475,0.6443057722308893,0.21684867394695787,0.13884555382215288,174778.0,14568.0,7074.0,6412.0,50.0,2.2,0.7262090483619345,0.27379095163806555,0.0,0.13,59819.0,0.010029251984956121,0.22399999999999998,0.115,0.4069672131147541,0.16541353383458646,0.0,0.01326053042121685,0.07200000000000001
G4Z,0.5598194130925508,0.023702031602708805,0.32505643340857787,0.09142212189616253,6.4,0.06270996640537514,0.8154362416107382,0.1644295302013423,0.020134228187919462,160179.0,9859.0,4805.0,4425.0,45.8,2.2,0.7320627802690582,0.2679372197309417,0.0,0.066,72624.0,0.016938519447929738,0.131,0.069,0.3824940047961631,0.2017857142857143,0.0033594624860022394,0.013437849944008958,0.06
G5A,0.6657929226736566,0.0,0.33420707732634336,0.0,6.2,0.07198952879581152,0.6697247706422018,0.20707732634338138,0.12319790301441677,160462.0,8332.0,4636.0,3816.0,51.5,2.1,0.7198952879581152,0.2801047120418848,0.0,0.145,54080.0,0.007896625987078248,0.237,0.105,0.423836389280677,0.12385321100917432,0.002621231979030144,0.013089005235602094,0.12
G5B,0.4962825278810409,0.0,0.3475836431226766,0.15613382899628253,6.2,0.09665427509293681,0.8715083798882681,0.0521415270018622,0.07635009310986965,165094.0,6294.0,2960.0,2688.0,42.6,2.2,0.7169459962756052,0.28305400372439476,0.0,0.084,78165.0,0.024083769633507852,0.134,0.106,0.391304347826087,0.11195158850226929,0.0037105751391465678,0.01486988847583643,0.052000000000000005
G5C,0.4834123222748815,0.0018957345971563982,0.38957345971563984,0.12511848341232226,6.0,0.05837320574162679,0.7298850574712644,0.23371647509578544,0.03639846743295019,170569.0,11771.0,5536.0,5271.0,47.2,2.1,0.6708133971291866,0.3291866028708134,0.0,0.11699999999999999,64238.0,0.010220548682087143,0.157,0.085,0.38280832888414307,0.13075060532687652,0.0028708133971291866,0.014354066985645933,0.07400000000000001
G5H,0.5543130990415336,0.0,0.43610223642172524,0.009584664536741214,6.0,0.06060606060606061,0.7476038338658147,0.19968051118210864,0.052715654952076675,146056.0,6789.0,3352.0,3127.0,51.5,2.0,0.6006389776357828,0.3993610223642173,0.0,0.21,45152.0,0.005758157389635317,0.248,0.095,0.4597378277153558,0.11278195488721804,0.0,0.012779552715654952,0.102
G5J,0.6226086956521739,0.0,0.37565217391304345,0.0017391304347826088,6.2,0.05574912891986063,0.5798611111111112,0.3038194444444444,0.11631944444444445,170804.0,6221.0,3031.0,2882.0,48.9,2.1,0.6417391304347826,0.3582608695652174,0.0,0.185,49579.0,0.004985044865403789,0.23199999999999998,0.105,0.42311459353574926,0.1404320987654321,0.0,0.006968641114982578,0.086
G5L,0.39854821984099553,0.041479433114414106,0.5596266851019702,0.0003456619426201175,5.7,0.0538860103626943,0.665860400829302,0.24671734623358674,0.08742225293711127,195230.0,29258.0,15839.0,14470.0,51.2,1.9,0.5101899827288429,0.4898100172711572,0.0,0.182,47360.0,0.009322033898305085,0.19899999999999998,0.085,0.43650300393619224,0.26058062259531306,0.0010362694300518134,0.014853195164075994,0.098
G5M,0.5328671328671328,0.0,0.4489510489510489,0.01818181818181818,6.8,0.030942334739803096,0.27247191011235955,0.1797752808988764,0.547752808988764,214165.0,8471.0,3657.0,3574.0,40.8,2.4,0.7816901408450704,0.21830985915492956,0.0,0.053,76337.0,0.013513513513513514,0.13699999999999998,0.042,0.3269088213491475,0.25922023182297155,0.0,0.007032348804500703,0.08800000000000001
G5N,0.7725190839694657,0.0,0.2183206106870229,0.00916030534351145,7.1,0.04393939393939394,0.31316187594553707,0.4659606656580938,0.22087745839636913,210784.0,7969.0,3378.0,3283.0,43.2,2.4,0.8666666666666667,0.13333333333333333,0.0,0.062,78256.0,0.020456333595594022,0.131,0.07200000000000001,0.33055975794251136,0.26185344827586204,0.0,0.006060606060606061,0.084
G5R,0.4360529217199559,0.004410143329658214,0.5551267916207276,0.004410143329658214,5.9,0.03693495038588754,0.5534729878721059,0.24807056229327454,0.19845644983461963,190443.0,19500.0,9771.0,9070.0,48.3,2.0,0.5545755237045203,0.4454244762954796,0.0,0.14300000000000002,53120.0,0.011612903225806452,0.18100000000000002,0.052000000000000005,0.385859226379201,0.18903971845148315,0.0011019283746556473,0.009922822491730982,0.091
G5T,0.6343283582089553,0.0,0.3582089552238806,0.007462686567164179,6.0,0.07434944237918216,0.664179104477612,0.2537313432835821,0.08208955223880597,120011.0,2863.0,1530.0,1343.0,53.2,2.0,0.6417910447761194,0.3582089552238806,0.0,0.182,46362.0,0.004319654427645789,0.247,0.1,0.47368421052631576,0.0711743772241993,0.0,0.007462686567164179,0.094
G5V,0.5250709555345316,0.000946073793755913,0.45789971617786185,0.01608325449385052,5.7,0.04450757575757576,0.7026515151515151,0.19791666666666666,0.09943181818181818,170422.0,11255.0,5651.0,5281.0,51.5,2.0,0.6051136363636364,0.39488636363636365,0.0,0.16,48804.0,0.007539041464728056,0.21899999999999997,0.055,0.4156050955414013,0.12578055307760927,0.001893939393939394,0.017045454545454544,0.092
G5X,0.6886446886446886,0.0018315018315018315,0.3076923076923077,0.0018315018315018315,6.2,0.06946983546617916,0.6611721611721612,0.22527472527472528,0.11355311355311355,146284.0,6290.0,2841.0,2731.0,45.1,2.2,0.7038391224862889,0.2961608775137112,0.0,0.132,54832.0,0.009164969450101833,0.19899999999999998,0.042,0.357429718875502,0.11459968602825746,0.0,0.01098901098901099,0.09
G5Y,0.5396174863387978,0.004098360655737705,0.45264116575591984,0.0036429872495446266,5.8,0.046532846715328466,0.5180282975810132,0.3080785029666819,0.1738931994523049,159855.0,23460.0,11366.0,10985.0,47.7,2.0,0.6000911992704059,0.39990880072959417,0.0,0.159,49847.0,0.007729211087420042,0.183,0.06,0.37044799580822635,0.13155737704918033,0.002281021897810219,0.012317518248175183,0.092
G5Z,0.6064400715563506,0.09123434704830054,0.3023255813953488,0.0,6.3,0.012455516014234875,0.22281639928698752,0.33689839572192515,0.44028520499108736,185236.0,6882.0,2841.0,2799.0,38.5,2.4,0.7237076648841355,0.27629233511586454,0.0,0.083,67840.0,0.014450867052023121,0.14800000000000002,0.034,0.3225806451612903,0.22362869198312235,0.0,0.012477718360071301,0.09300000000000001
G6A,0.6453488372093024,0.0,0.3546511627906977,0.0,7.0,0.011235955056179775,0.0,0.423728813559322,0.576271186440678,189831.0,2330.0,873.0,865.0,35.4,2.7,0.8248587570621468,0.1751412429378531,0.0,0.055999999999999994,81856.0,0.018018018018018018,0.106,0.024,0.18696883852691218,0.19413919413919414,0.0,0.0,0.08199999999999999
G6B,0.6506024096385542,0.0,0.3386880856760375,0.0107095046854083,6.0,0.04716981132075472,0.6218034993270525,0.23418573351278602,0.1440107671601615,150246.0,8179.0,4081.0,3736.0,48.7,2.1,0.6662180349932705,0.33378196500672946,0.0,0.14800000000000002,51328.0,0.006172839506172839,0.20600000000000002,0.049,0.404743687834736,0.13341493268053856,0.0,0.013477088948787063,0.1
G6C,0.6738351254480287,0.0,0.31899641577060933,0.007168458781362007,6.6,0.039285714285714285,0.3888888888888889,0.4121863799283154,0.1989247311827957,250364.0,7046.0,2846.0,2794.0,39.5,2.5,0.7692307692307693,0.23076923076923078,0.0,0.048,79992.0,0.009918845807033363,0.109,0.038,0.24364592462751972,0.14091470951792337,0.0035778175313059034,0.01607142857142857,0.075
G6E,0.5669920141969832,0.0,0.417036379769299,0.015971606033717833,6.2,0.030141843971631204,0.45607808340727596,0.2821650399290151,0.26175687666370895,199798.0,13537.0,5845.0,5641.0,41.9,2.3,0.6950354609929078,0.3049645390070922,0.0,0.095,64565.0,0.011950286806883365,0.156,0.039,0.2961051149694979,0.16853146853146853,0.0026595744680851063,0.01152482269503546,0.079
G6G,0.6034939121228163,0.0,0.3880359978824775,0.008470089994706194,5.9,0.05321979776476849,0.8037234042553192,0.125531914893617,0.07074468085106383,129858.0,19707.0,10043.0,9445.0,52.6,2.0,0.6540713145290048,0.3459286854709952,0.0,0.168,46939.0,0.007906388361796331,0.231,0.046,0.44732728977805564,0.12659574468085105,0.0,0.005851063829787234,0.098
G6H,0.7767145135566188,0.0,0.20893141945773525,0.014354066985645933,6.3,0.05763239875389408,0.7850467289719626,0.14797507788161993,0.06697819314641744,125091.0,7142.0,3345.0,3134.0,50.9,2.2,0.7909516380655226,0.20904836193447737,0.0,0.124,52429.0,0.0035149384885764497,0.23,0.042,0.41694915254237286,0.08951048951048951,0.0031201248049922,0.00778816199376947,0.076
G6J,0.7121588089330024,0.0,0.27419354838709675,0.013647642679900745,6.8,0.046740467404674045,0.3640836408364084,0.3862238622386224,0.24969249692496925,250384.0,10513.0,4089.0,4029.0,38.7,2.6,0.8204182041820418,0.1795817958179582,0.0,0.055,83610.0,0.009981285090455396,0.124,0.042,0.2686298076923077,0.22514868309260833,0.0,0.009852216748768473,0.057
G6K,0.6804451510333863,0.0,0.3195548489666137,0.0,7.2,0.03343949044585987,0.4028662420382166,0.2914012738853503,0.3057324840764331,284830.0,8366.0,3170.0,3148.0,38.7,2.7,0.8184713375796179,0.18152866242038215,0.0,0.039,93726.0,0.02454473475851148,0.106,0.034,0.2596599690880989,0.33785310734463275,0.0031847133757961785,0.009554140127388535,0.05
G6L,0.6235997012696042,0.0007468259895444362,0.36669156086631816,0.008961911874533234,6.0,0.04626865671641791,0.6704035874439462,0.19431988041853512,0.1352765321375187,146075.0,15172.0,6996.0,6691.0,45.3,2.2,0.6788648244958925,0.32113517550410753,0.0,0.14800000000000002,50048.0,0.005904681568958245,0.215,0.054000000000000006,0.34680412371134023,0.09323703217334209,0.0022404779686333084,0.012696041822255415,0.085
G6P,0.4527965799786249,0.0003562522265764161,0.5447096544353403,0.0021375133594584966,5.5,0.044823906083244394,0.6749644381223329,0.21657183499288762,0.10846372688477951,150286.0,29233.0,14619.0,14024.0,52.1,2.0,0.5407328352899324,0.45926716471006757,0.0,0.203,42947.0,0.008175559380378658,0.23600000000000002,0.069,0.43709029393106363,0.14383070301291248,0.0021344717182497333,0.014941302027748132,0.09699999999999999
G6R,0.8250728862973761,0.0,0.16034985422740525,0.014577259475218658,6.8,0.014749262536873156,0.336283185840708,0.22123893805309736,0.4424778761061947,199733.0,4598.0,1754.0,1715.0,37.6,2.7,0.8905325443786982,0.10946745562130178,0.0,0.075,74837.0,0.010174418604651164,0.146,0.047,0.26398852223816355,0.16666666666666666,0.0,0.008875739644970414,0.091
G6S,0.45707070707070707,0.0,0.5404040404040404,0.0025252525252525255,6.6,0.015267175572519083,0.13231552162849872,0.3816793893129771,0.4860050890585242,165124.0,5029.0,2039.0,1977.0,41.0,2.4,0.75,0.25,0.0,0.106,62746.0,0.012048192771084338,0.16699999999999998,0.032,0.32625994694960214,0.19467213114754098,0.0,0.01272264631043257,0.09
G6T,0.5831295843520783,0.0,0.41442542787286063,0.0024449877750611247,6.7,0.009791921664626682,0.16156670746634028,0.3488372093023256,0.48959608323133413,179503.0,10291.0,4141.0,4082.0,36.9,2.5,0.7943696450428397,0.20563035495716034,0.0,0.069,73106.0,0.010691823899371069,0.136,0.038,0.2641509433962264,0.18641114982578397,0.0024479804161566705,0.012239902080783354,0.085
G6V,0.3840341655716163,0.049277266754270695,0.5607752956636005,0.005913272010512484,5.5,0.058089924515917296,0.6451295506723516,0.23450311577566416,0.12036733355198426,250704.0,31698.0,16046.0,15222.0,51.4,2.0,0.5403808273145109,0.4596191726854892,0.0,0.131,55065.0,0.014194050165273187,0.166,0.055,0.3898076923076923,0.23792884371029224,0.002625533311453889,0.015430072225869994,0.107
G6W,0.39490445859872614,0.004549590536851683,0.5964513193812557,0.004094631483166515,5.8,0.03727272727272727,0.3809090909090909,0.29,0.3290909090909091,250496.0,23942.0,11296.0,10990.0,44.1,2.1,0.6184629376989541,0.38153706230104595,0.0,0.078,66832.0,0.016016533195556702,0.141,0.038,0.3318216175359032,0.2801857585139319,0.004545454545454545,0.013181818181818182,0.08900000000000001
G6X,0.35268817204301073,0.001075268817204301,0.6430107526881721,0.0032258064516129032,5.7,0.04305705059203445,0.5860215053763441,0.3548387096774194,0.05913978494623656,229651.0,9751.0,4774.0,4645.0,46.3,2.0,0.5726587728740581,0.42734122712594186,0.0,0.095,61686.0,0.00749063670411985,0.15,0.057999999999999996,0.3159509202453988,0.24549763033175356,0.002150537634408602,0.016146393972012917,0.07
G6Y,0.5615212527964206,0.0,0.3825503355704698,0.05592841163310962,6.5,0.02947845804988662,0.19457013574660634,0.2647058823529412,0.5407239819004525,299253.0,5618.0,2312.0,2237.0,39.3,2.5,0.7737556561085973,0.22624434389140272,0.0,0.042,87403.0,0.02378255945639864,0.107,0.038,0.25,0.27602523659305994,0.004524886877828055,0.011337868480725623,0.061
G6Z,0.747917823431427,0.0,0.24319822320932816,0.008883953359244865,6.9,0.02722222222222222,0.29405225125069484,0.4919399666481378,0.2140077821011673,259724.0,23607.0,9112.0,9005.0,39.7,2.6,0.8188888888888889,0.1811111111111111,0.0,0.038,92078.0,0.019324986390854653,0.10099999999999999,0.03,0.2451475671363999,0.2656309208033346,0.0022222222222222222,0.012222222222222223,0.052000000000000005
G7A,0.691776883266245,0.03105232892466935,0.23691776883266244,0.04025301897642323,7.1,0.03227665706051873,0.347926267281106,0.3450460829493088,0.30702764976958524,299180.0,22834.0,8925.0,8695.0,39.2,2.6,0.8461095100864553,0.15389048991354468,0.0,0.04,93598.0,0.030906990179087233,0.10300000000000001,0.033,0.2715456343599887,0.3643410852713178,0.0028835063437139563,0.01095100864553314,0.065
G7B,0.4721701063164478,0.0012507817385866166,0.5040650406504065,0.0225140712945591,6.2,0.057585139318885446,0.638390092879257,0.2513931888544892,0.11021671826625387,198783.0,17957.0,8356.0,8000.0,46.9,2.2,0.6466584158415841,0.3533415841584158,0.0,0.131,58613.0,0.007670850767085077,0.183,0.079,0.40589417280643003,0.13553299492385787,0.0,0.006811145510835914,0.084
G7G,0.5956090651558074,0.000708215297450425,0.40368271954674223,0.0,6.6,0.04190340909090909,0.6863023420865862,0.198722498225692,0.11497515968772179,190157.0,16737.0,7225.0,7055.0,43.1,2.3,0.7033356990773598,0.2966643009226402,0.0,0.10099999999999999,64030.0,0.009811320754716982,0.171,0.07400000000000001,0.367361873399195,0.18222222222222223,0.0014204545454545455,0.0078125,0.09300000000000001
G7H,0.3659147869674185,0.06229860365198711,0.5674901539563194,0.004296455424274973,5.7,0.04532476802284083,0.5596002855103498,0.30620985010706636,0.13418986438258387,224793.0,28516.0,15055.0,13960.0,51.5,2.0,0.5139186295503212,0.4860813704496788,0.0,0.16,51617.0,0.023101604278074866,0.175,0.084,0.4530958790639884,0.30528586839266453,0.001785076758300607,0.008925383791503035,0.099
G7J,0.396011396011396,0.022792022792022793,0.5811965811965812,0.0,5.9,0.06164874551971326,0.6425501432664756,0.22922636103151864,0.12822349570200572,200350.0,14860.0,7262.0,7024.0,44.7,2.1,0.5372492836676218,0.46275071633237824,0.0,0.16699999999999998,53760.0,0.013496932515337423,0.174,0.08199999999999999,0.40080645161290324,0.21187997550520515,0.0,0.015053763440860216,0.09300000000000001
G7K,0.43548387096774194,0.0,0.27419354838709675,0.2903225806451613,6.5,0.03278688524590164,0.6885245901639344,0.16393442622950818,0.14754098360655737,179546.0,648.0,320.0,307.0,46.9,2.1,0.8688524590163934,0.13114754098360656,0.0,0.077,55872.0,0.0,0.174,0.134,0.31666666666666665,0.08641975308641975,0.0,0.0,0.075
G7N,0.7357001972386588,0.0,0.23865877712031558,0.02564102564102564,6.9,0.04678362573099415,0.42023346303501946,0.33852140077821014,0.24124513618677043,225178.0,6367.0,2686.0,2541.0,40.6,2.5,0.8615984405458089,0.13840155945419103,0.0,0.066,80410.0,0.01529051987767584,0.136,0.079,0.334322453016815,0.181058495821727,0.0,0.007797270955165692,0.08900000000000001
G7P,0.7584459459459459,0.0,0.19594594594594594,0.04560810810810811,6.6,0.050761421319796954,0.5211505922165821,0.2470389170896785,0.23181049069373943,180221.0,7244.0,3205.0,2960.0,40.7,2.4,0.823728813559322,0.17627118644067796,0.0,0.095,68096.0,0.0108499095840868,0.171,0.081,0.3773913043478261,0.11290322580645161,0.00338409475465313,0.01015228426395939,0.096
G7S,0.5650382577987051,0.0005885815185403178,0.43437316068275456,0.0,6.7,0.04281524926686217,0.6791788856304986,0.19002932551319648,0.130791788856305,199837.0,20099.0,8752.0,8494.0,43.9,2.3,0.7712609970674487,0.2287390029325513,0.0,0.078,71778.0,0.01643570737995488,0.145,0.065,0.37752878929349515,0.2502338634237605,0.0017595307917888563,0.008797653958944282,0.076
G7T,0.26666666666666666,0.0,0.7333333333333333,0.0,6.2,0.02702702702702703,0.0,0.0,1.0,245348.0,901.0,389.0,374.0,32.2,2.4,0.7297297297297297,0.2702702702702703,0.0,0.022000000000000002,88832.0,0.014598540145985401,0.102,0.027999999999999997,0.21052631578947367,0.23404255319148937,0.0,0.04054054054054054,0.151
G7X,0.40774397471355195,0.009087317265902806,0.5827736072698538,0.0003951007506914263,5.6,0.0666931321953156,0.7066296149265582,0.21556173084557365,0.0778086542278682,190296.0,25725.0,13776.0,12654.0,49.6,2.0,0.5347360063517269,0.46526399364827314,0.0,0.19899999999999998,47842.0,0.006825135325959049,0.215,0.11,0.44396355353075173,0.12233850595452905,0.0015879317189360857,0.013497419610956728,0.145
G7Y,0.6181818181818182,0.0,0.38181818181818183,0.0,5.8,0.0392156862745098,0.6122448979591837,0.2653061224489796,0.12244897959183673,200372.0,622.0,294.0,272.0,49.1,2.3,0.7115384615384616,0.28846153846153844,0.0,0.105,65280.0,0.009615384615384616,0.165,0.077,0.3434343434343434,0.08108108108108109,0.0,0.0392156862745098,0.0
G7Z,0.7752293577981652,0.0,0.22477064220183487,0.0,7.2,0.01834862385321101,0.5229357798165137,0.3532110091743119,0.12385321100917432,209921.0,2823.0,1096.0,1092.0,42.7,2.6,0.8709677419354839,0.12903225806451613,0.0,0.076,81920.0,0.01141552511415525,0.136,0.075,0.38596491228070173,0.21,0.0,0.0,0.057999999999999996
G8A,0.5462962962962963,0.0,0.4537037037037037,0.0,6.2,0.06813996316758748,0.6666666666666666,0.20994475138121546,0.12338858195211787,189476.0,6179.0,2802.0,2701.0,47.0,2.2,0.6580882352941176,0.34191176470588236,0.0,0.135,57408.0,0.00933609958506224,0.191,0.09,0.41002949852507375,0.15082956259426847,0.0055147058823529415,0.01289134438305709,0.11199999999999999
G8B,0.46750120365912373,0.002407318247472316,0.529128550794415,0.0009629272989889263,6.0,0.05141758769822201,0.695819317635752,0.20663142719846228,0.09754925516578568,178591.0,22664.0,10933.0,10388.0,49.2,2.1,0.6222969726093225,0.37770302739067757,0.0,0.166,52235.0,0.008594399778209038,0.20800000000000002,0.105,0.4466307277628032,0.15719207579672695,0.0009615384615384616,0.010091302258529554,0.092
G8C,0.530791788856305,0.0,0.45454545454545453,0.01466275659824047,6.7,0.011730205278592375,0.0935672514619883,0.3713450292397661,0.5350877192982456,200703.0,4209.0,1713.0,1702.0,40.7,2.5,0.8647058823529412,0.13529411764705881,0.0,0.042,83840.0,0.018404907975460124,0.11800000000000001,0.06,0.3062130177514793,0.23404255319148937,0.0,0.005865102639296188,0.071
G8E,0.7272727272727273,0.003246753246753247,0.25,0.01948051948051948,6.9,0.06907894736842106,0.6336633663366337,0.24422442244224424,0.12211221122112212,174271.0,3841.0,1638.0,1540.0,43.1,2.4,0.8223684210526315,0.17763157894736842,0.0,0.098,63701.0,0.010256410256410256,0.177,0.057,0.3523489932885906,0.08653846153846154,0.006578947368421052,0.006557377049180328,0.122
G8G,0.664756446991404,0.0028653295128939827,0.3237822349570201,0.008595988538681949,6.4,0.06051873198847262,0.6494252873563219,0.2413793103448276,0.10919540229885058,150057.0,3991.0,2090.0,1739.0,50.7,2.2,0.729106628242075,0.27089337175792505,0.0,0.12,58069.0,0.009569377990430622,0.204,0.095,0.4142857142857143,0.12967581047381546,0.0,0.011494252873563218,0.114
G8H,0.5368763557483731,0.0,0.4316702819956616,0.031453362255965296,6.1,0.04983748645720477,0.6290672451193059,0.2841648590021692,0.08676789587852494,150292.0,10303.0,4934.0,4611.0,50.2,2.1,0.658351409978308,0.34164859002169196,0.0,0.159,52487.0,0.010526315789473684,0.21,0.08900000000000001,0.43575757575757573,0.13649289099526066,0.0,0.00866738894907909,0.10099999999999999
G8J,0.7392550143266475,0.0,0.22063037249283668,0.04011461318051576,6.6,0.07183908045977011,0.6389684813753582,0.2722063037249284,0.08882521489971347,134557.0,4154.0,2545.0,1749.0,43.6,2.3,0.8022922636103151,0.1977077363896848,0.0,0.128,61166.0,0.004531722054380665,0.196,0.095,0.36430678466076694,0.08315098468271334,0.0,0.008620689655172414,0.069
G8K,0.6552486187845303,0.0,0.3104972375690608,0.03425414364640884,6.3,0.05512679162072767,0.5997794928335171,0.27783902976846747,0.12238147739801543,159860.0,10238.0,5022.0,4533.0,47.4,2.2,0.7196467991169978,0.2803532008830022,0.0,0.136,56930.0,0.008588957055214725,0.192,0.09300000000000001,0.41746411483253587,0.14863593603010347,0.002205071664829107,0.012141280353200883,0.075
G8L,0.598297213622291,0.0007739938080495357,0.3846749226006192,0.016253869969040248,6.3,0.047839506172839504,0.6412037037037037,0.25617283950617287,0.10262345679012345,149568.0,14753.0,7034.0,6465.0,50.0,2.2,0.6774691358024691,0.32253086419753085,0.0,0.16,52760.0,0.009218612818261633,0.22399999999999998,0.128,0.42930371636052966,0.106,0.0023148148148148147,0.013888888888888888,0.078
G8M,0.8048780487804879,0.0,0.1951219512195122,0.0,6.8,0.05543237250554324,0.6607538802660754,0.2727272727272727,0.06651884700665188,125081.0,5286.0,2359.0,2252.0,45.2,2.3,0.7898230088495575,0.21017699115044247,0.0,0.127,57907.0,0.0036319612590799033,0.21600000000000003,0.127,0.3727598566308244,0.08880994671403197,0.0,0.008849557522123894,0.07200000000000001
G8N,0.7663551401869159,0.004672897196261682,0.22429906542056074,0.004672897196261682,6.6,0.0514018691588785,0.5581395348837209,0.2651162790697674,0.17674418604651163,150409.0,2533.0,1251.0,1070.0,47.4,2.3,0.7793427230046949,0.22065727699530516,0.0,0.124,54997.0,0.007556675062972292,0.212,0.07,0.37772397094430993,0.12734082397003746,0.0,0.009389671361502348,0.07
G8P,0.4908256880733945,0.0,0.3623853211009174,0.14678899082568808,6.1,0.06574923547400612,0.7258805513016845,0.19142419601837674,0.08269525267993874,180194.0,7537.0,3552.0,3270.0,39.8,2.3,0.6941896024464832,0.3058103975535168,0.0,0.096,72009.0,0.016020236087689713,0.14300000000000002,0.068,0.28052805280528054,0.13691931540342298,0.0,0.00764525993883792,0.077
G8T,0.4278462654097172,0.016316171138506162,0.5540246555474981,0.0018129079042784628,5.6,0.06859205776173286,0.7668711656441718,0.1645615301335258,0.06856730422230242,150092.0,28121.0,14539.0,13781.0,51.7,1.9,0.5263537906137185,0.4736462093862816,0.0,0.21899999999999997,43029.0,0.0041785792830437655,0.252,0.078,0.46121057118499575,0.11625441696113074,0.001444564824846515,0.013001083423618635,0.115
G8V,0.729518855656697,0.0,0.2483745123537061,0.022106631989596878,6.8,0.04699738903394256,0.23529411764705882,0.44052287581699345,0.3241830065359477,180116.0,9484.0,3960.0,3850.0,42.2,2.5,0.8117647058823529,0.18823529411764706,0.0,0.075,76603.0,0.01383399209486166,0.125,0.053,0.3096153846153846,0.22421948912015138,0.0,0.00784313725490196,0.066
G8W,0.6510832383124288,0.0011402508551881414,0.34777651083238315,0.0,6.4,0.04608294930875576,0.35747126436781607,0.39080459770114945,0.2517241379310345,185289.0,10311.0,4569.0,4383.0,46.6,2.3,0.6805074971164936,0.31949250288350634,0.0,0.107,66033.0,0.01597051597051597,0.147,0.07400000000000001,0.3600240818783865,0.22731439046746105,0.0,0.01730103806228374,0.08
G8Y,0.487019388761091,0.034176799211304634,0.47847518895826485,0.00032862306933946765,6.2,0.03942181340341656,0.4655059132720105,0.3787779237844941,0.1557161629434954,174816.0,32509.0,15902.0,15208.0,47.9,2.1,0.6294349540078844,0.37056504599211565,0.0,0.139,59614.0,0.019104701254916652,0.161,0.07,0.4284937466014138,0.3080714725816389,0.0022996057818659658,0.012807881773399015,0.085
G8Z,0.18025430067314885,0.028421839940164548,0.7913238593866866,0.0,5.1,0.06310319227913883,0.771513353115727,0.18768545994065283,0.04080118694362018,180040.0,13573.0,7789.0,6687.0,45.6,1.8,0.3051224944320713,0.6948775055679287,0.0,0.271,38740.0,0.008633093525179856,0.212,0.091,0.412962962962963,0.2519809825673534,0.0022271714922048997,0.019302152932442463,0.11
G9A,0.15163934426229508,0.011839708561020037,0.8365209471766849,0.0,4.7,0.07783340919435594,0.6977696859353664,0.19845243513882568,0.10377787892580792,159814.0,20220.0,12453.0,10983.0,48.9,1.7,0.3057324840764331,0.6942675159235668,0.0,0.34299999999999997,33413.0,0.004933703361085414,0.26,0.11199999999999999,0.45304033714629743,0.1705937794533459,0.0013654984069185253,0.021847974510696404,0.129
G9B,0.6534582132564841,0.0,0.335014409221902,0.011527377521613832,6.7,0.0536231884057971,0.3774403470715835,0.2292118582791034,0.3933477946493131,175034.0,16948.0,7204.0,6941.0,42.4,2.4,0.836231884057971,0.16376811594202897,0.0,0.079,74526.0,0.023529411764705882,0.133,0.051,0.3425720620842572,0.266304347826087,0.0,0.013768115942028985,0.102
G9C,0.3283018867924528,0.0,0.6716981132075471,0.0,6.4,0.06538461538461539,0.14785992217898833,0.16342412451361868,0.688715953307393,174926.0,3247.0,1355.0,1324.0,37.6,2.4,0.9341085271317829,0.06589147286821706,0.0,0.053,83456.0,0.018518518518518517,0.122,0.035,0.2925311203319502,0.3657142857142857,0.0,0.0,0.124
G9H,0.6953467954345918,0.0,0.29850746268656714,0.006145741878841089,6.3,0.053555750658472345,0.5403508771929825,0.20877192982456141,0.25087719298245614,159947.0,13028.0,6028.0,5692.0,44.0,2.2,0.7372583479789103,0.2627416520210896,0.0,0.11900000000000001,61582.0,0.014822134387351778,0.16399999999999998,0.054000000000000006,0.3719365689572321,0.2069214131218457,0.001755926251097454,0.012302284710017574,0.07400000000000001
G9N,0.31922398589065254,0.0005878894767783657,0.6796002351557907,0.0005878894767783657,5.3,0.06674542232722977,0.8548672566371681,0.11563421828908554,0.029498525073746312,129845.0,16114.0,9706.0,8509.0,54.9,1.8,0.4158298877731837,0.5841701122268163,0.0,0.31,35510.0,0.0037778617302606727,0.301,0.105,0.5294117647058824,0.10336081166772353,0.0017720023626698169,0.01475796930342385,0.127
G9P,0.5409683426443203,0.0,0.4515828677839851,0.0074487895716946,6.1,0.043478260869565216,0.6608133086876156,0.20425138632162662,0.13493530499075784,149876.0,11318.0,5605.0,5371.0,53.0,2.0,0.6299722479185939,0.3700277520814061,0.0,0.157,52710.0,0.009809264305177113,0.205,0.076,0.45968586387434557,0.1828231292517007,0.0,0.0064754856614246065,0.11
G9R,0.8548387096774194,0.0,0.13978494623655913,0.005376344086021506,6.7,0.05789473684210526,0.4263157894736842,0.3736842105263158,0.2,160721.0,2274.0,1006.0,931.0,42.6,2.4,0.8952879581151832,0.10471204188481675,0.0,0.095,69184.0,0.0084985835694051,0.159,0.078,0.384,0.17551020408163265,0.0,0.010526315789473684,0.111
G9T,0.5350600126342387,0.0,0.459886291850916,0.00505369551484523,5.8,0.0617906683480454,0.7378701953371141,0.19344675488342786,0.06868304977945809,129953.0,15914.0,8563.0,7918.0,53.7,1.9,0.5891619407687461,0.41083805923125394,0.0,0.2,45461.0,0.006069802731411229,0.24100000000000002,0.091,0.4795880838543582,0.1219059405940594,0.0012610340479192938,0.007566204287515763,0.107
G9X,0.5772200772200772,0.0,0.4189189189189189,0.003861003861003861,5.9,0.08333333333333333,0.7804410354745925,0.17833173537871524,0.04122722914669223,119909.0,10745.0,6364.0,5176.0,50.9,2.0,0.6647509578544061,0.33524904214559387,0.0,0.174,51358.0,0.005691519635742743,0.207,0.09300000000000001,0.4637760702524698,0.0954861111111111,0.004793863854266539,0.013422818791946308,0.08800000000000001
H0M,0.8904109589041096,0.0,0.0958904109589041,0.0136986301369863,6.6,0.18055555555555555,0.24324324324324326,0.47297297297297297,0.28378378378378377,,1202.0,763.0,364.0,29.8,3.2,0.726027397260274,0.1095890410958904,0.1643835616438356,,32384.0,0.0,0.278,0.22,0.4906832298136646,0.06422018348623854,0.0547945205479452,0.1232876712328767,0.0
H1A,0.2480115690527838,0.017715112075198842,0.7339117859725235,0.00036153289949385393,5.5,0.05173661360347323,0.39753801593048516,0.46415640839971034,0.13830557566980448,259561.0,32516.0,14287.0,13832.0,46.3,2.2,0.6243213897937026,0.3756786102062975,0.0,0.126,62608.0,0.00844959717036746,0.162,0.062,0.3606278366111952,0.16731734523145567,0.007597684515195369,0.04667149059334298,0.105
H1B,0.2157079646017699,0.033185840707964605,0.7505530973451328,0.0005530973451327434,5.2,0.07790055248618785,0.7598012147984539,0.18663721700717836,0.053561568194367755,250531.0,20160.0,9400.0,9042.0,44.0,2.2,0.4922651933701657,0.5077348066298343,0.0,0.166,53437.0,0.003424657534246575,0.20199999999999999,0.07400000000000001,0.38493849384938494,0.11025408348457351,0.0077348066298342545,0.04806629834254143,0.14
H1C,0.3942307692307692,0.004273504273504274,0.6014957264957265,0.0,6.4,0.035218783351120594,0.17358892438764642,0.44515441959531415,0.3812566560170394,317604.0,14678.0,4734.0,4685.0,37.1,3.0,0.8472222222222222,0.1527777777777778,0.0,0.066,86949.0,0.011326097215667769,0.129,0.063,0.2764520486267447,0.22686945500633712,0.010683760683760684,0.050213675213675216,0.13
H1E,0.24787104622871045,0.05626520681265207,0.6955596107055961,0.00030413625304136254,5.7,0.04776391846668695,0.32887131122604196,0.5491329479768786,0.12199574079707941,331623.0,42420.0,16941.0,16437.0,43.5,2.6,0.6497261107729763,0.35027388922702374,0.0,0.128,61012.0,0.009408997353719493,0.2,0.078,0.3943444006752954,0.1753069577080491,0.015216068167985392,0.07608034083992696,0.166
H1G,0.07044760935910478,0.0849440488301119,0.8446083418107834,0.0,4.8,0.08057956278596848,0.8260869565217391,0.1398423595219934,0.03407068395626748,330116.0,48556.0,21206.0,19661.0,41.4,2.4,0.29283172343670566,0.7071682765632944,0.0,0.281,42814.0,0.0029211295034079843,0.287,0.11900000000000001,0.4432948666931954,0.13755504298595092,0.03964421855146125,0.10879511947127606,0.244
H1H,0.07704758821625121,0.12269342829394626,0.8002589834898025,0.0,4.4,0.0783678756476684,0.7628765792031098,0.16877227081308713,0.06835114998380304,324904.0,36127.0,16746.0,15448.0,40.9,2.3,0.27275672173631355,0.7272432782636864,0.0,0.271,41965.0,0.0027711065952336967,0.282,0.13,0.4354867100862524,0.18151724137931036,0.045351473922902494,0.12143782383419689,0.27
H1J,0.035676810073452254,0.1259181532004197,0.838405036726128,0.0,4.7,0.029288702928870293,0.5376569037656904,0.3922594142259414,0.0700836820083682,319767.0,10308.0,4893.0,4772.0,46.4,2.1,0.46596858638743455,0.5340314136125655,0.0,0.154,55186.0,0.016245487364620937,0.17800000000000002,0.09300000000000001,0.41879350348027844,0.3040604343720491,0.019895287958115182,0.06387434554973823,0.124
H1K,0.1215450035435861,0.02445074415308292,0.854004252303331,0.0,5.1,0.05807365439093484,0.7096317280453258,0.19723796033994334,0.09313031161473088,399411.0,34821.0,14743.0,14110.0,39.4,2.4,0.4488495575221239,0.5511504424778761,0.0,0.17,59465.0,0.012702078521939953,0.17,0.094,0.3524229074889868,0.30405221648082675,0.02762039660056657,0.07825779036827195,0.172
H1L,0.08636222429325878,0.033550792171481825,0.8800869835352594,0.0,4.8,0.08177860696517412,0.7534970469381411,0.1532483680447622,0.09325458501709667,300540.0,33468.0,17255.0,16096.0,42.8,2.0,0.41573383084577115,0.5842661691542289,0.0,0.196,50298.0,0.005754594393911268,0.18899999999999997,0.08800000000000001,0.37016375742307,0.2056419720537833,0.011504975124378109,0.05006218905472637,0.196
H1M,0.022246142805884463,0.2393254395407248,0.7380696088984571,0.0003588087549336204,4.6,0.05106076950737145,0.6423173803526449,0.25620726880172723,0.10147535084562792,399373.0,29359.0,14691.0,13940.0,49.2,2.0,0.437410071942446,0.5625899280575539,0.0,0.159,53956.0,0.013204778872353804,0.195,0.08900000000000001,0.4522163481089874,0.31886071552622436,0.015821646889608056,0.05177993527508091,0.18100000000000002
H1N,0.05476498490728762,0.0685640362225097,0.8766709788702026,0.0,4.4,0.06726649528706084,0.7527849185946872,0.1062553556126821,0.14095972579263066,325502.0,23870.0,12299.0,11594.0,43.4,1.9,0.32562125107112255,0.6743787489288775,0.0,0.204,47895.0,0.005591054313099041,0.18899999999999997,0.08800000000000001,0.3896870189840944,0.27392614920874153,0.017566409597257925,0.06341045415595545,0.182
H1P,0.1161512027491409,0.07285223367697595,0.8109965635738832,0.0,5.1,0.047978067169294036,0.796435915010281,0.1487320082248115,0.05483207676490747,500938.0,18063.0,7606.0,7274.0,41.8,2.5,0.4132967786154901,0.5867032213845099,0.0,0.188,53637.0,0.0118491921005386,0.218,0.10800000000000001,0.4040438656614119,0.23671232876712328,0.0411240575736806,0.09664153529814942,0.226
H1R,0.08584785380365491,0.018699532511687208,0.8954526136846579,0.0,5.1,0.05837239028547082,0.813458262350937,0.12052810902896081,0.06601362862010221,577469.0,30903.0,12395.0,11761.0,40.0,2.6,0.3532168726033234,0.6467831273966766,0.0,0.198,53209.0,0.010311493018259935,0.22699999999999998,0.1,0.4038382170862567,0.23521767381416503,0.05155517682147422,0.12313591819343843,0.281
H1S,0.0038461538461538464,0.1625,0.833173076923077,0.0004807692307692308,4.6,0.06201923076923077,0.7251321480057664,0.14271984622777512,0.13214800576645844,500863.0,25737.0,10897.0,10402.0,42.3,2.4,0.320038443056223,0.679961556943777,0.0,0.235,49776.0,0.005765199161425576,0.247,0.125,0.43000501756146514,0.2666139240506329,0.06346153846153846,0.1293269230769231,0.27699999999999997
H1T,0.05352480417754569,0.10476501305483028,0.8413838120104439,0.00032637075718015666,4.3,0.07534246575342465,0.8110313315926893,0.13577023498694518,0.05319843342036554,449196.0,31338.0,16356.0,15321.0,42.2,2.0,0.3030006523157208,0.6969993476842792,0.0,0.214,47448.0,0.016850551654964893,0.182,0.092,0.4009718172983479,0.33930704898446834,0.023483365949119372,0.08414872798434442,0.18899999999999997
H1V,0.012473118279569893,0.043010752688172046,0.944516129032258,0.0,4.1,0.09853700516351119,0.6953158573270305,0.1439621830683283,0.16072195960464117,275980.0,22086.0,12408.0,11622.0,36.7,1.8,0.3098106712564544,0.6901893287435457,0.0,0.27699999999999997,44573.0,0.00731981981981982,0.157,0.09,0.3063759315484405,0.36046511627906974,0.012043010752688172,0.051182795698924734,0.23199999999999998
H1W,0.0025429116338207248,0.03877940241576605,0.9586776859504132,0.0,4.1,0.10502864417568428,0.7423664122137404,0.13486005089058525,0.1227735368956743,280389.0,28889.0,17043.0,15737.0,34.8,1.8,0.22056015276893698,0.779439847231063,0.0,0.28300000000000003,41695.0,0.004476093591047813,0.16,0.08800000000000001,0.2980462519936204,0.359022056869519,0.012412476129853597,0.047103755569700825,0.22699999999999998
H1X,0.0028445006321112516,0.03381795195954488,0.9627054361567636,0.0006321112515802782,4.2,0.07908889591901297,0.689873417721519,0.2408227848101266,0.06930379746835443,375329.0,30366.0,16869.0,15826.0,39.5,1.9,0.30211958241062953,0.6978804175893705,0.0,0.23600000000000002,45286.0,0.010420923579893748,0.16399999999999998,0.087,0.34458259325044405,0.3687864482088309,0.015817779183802595,0.06738373932299906,0.2
H1Y,0.002831858407079646,0.04530973451327434,0.9515044247787611,0.00035398230088495576,4.4,0.0866785079928952,0.7713068181818182,0.11115056818181818,0.11754261363636363,428453.0,27172.0,15256.0,14122.0,38.0,1.9,0.32291296625222027,0.6770870337477798,0.0,0.188,50556.0,0.018824609733700644,0.124,0.07,0.28174423859014913,0.4489127196901996,0.009591474245115453,0.04191829484902309,0.191
H1Z,0.03222222222222222,0.0011111111111111111,0.9666666666666667,0.0,4.6,0.09131403118040089,0.8066072754268745,0.13066072754268745,0.06273199703043801,349420.0,35472.0,14627.0,13498.0,36.1,2.6,0.2808905380333952,0.7191094619666049,0.0,0.314,42191.0,0.0007693787266782073,0.316,0.152,0.4091899745731929,0.14188453159041395,0.061247216035634745,0.15701559020044542,0.278
H2A,0.0641399416909621,0.01749271137026239,0.9177842565597668,0.0005830903790087463,4.5,0.08493310063990692,0.8179173938336242,0.10413030831879,0.07795229784758581,349466.0,19651.0,9157.0,8574.0,38.7,2.3,0.35194880744618967,0.6480511925538104,0.0,0.273,44054.0,0.0022875816993464053,0.233,0.11199999999999999,0.37248743718592964,0.26287505597850425,0.041884816753926704,0.12158231529959279,0.26
H2B,0.04449648711943794,0.020491803278688523,0.9350117096018735,0.0,4.5,0.07908611599297012,0.8289396602226128,0.10720562390158173,0.0638547158758055,420954.0,17678.0,9255.0,8540.0,42.0,2.0,0.3157586408904511,0.6842413591095489,0.0,0.221,46403.0,0.009339080459770116,0.19399999999999998,0.10400000000000001,0.37995824634655534,0.32564102564102565,0.025776215582893967,0.09373169302870533,0.23199999999999998
H2C,0.07758620689655173,0.06839080459770115,0.8540229885057471,0.0,4.8,0.067621776504298,0.7729357798165137,0.1290137614678899,0.09805045871559633,449723.0,18692.0,9151.0,8698.0,43.9,2.0,0.3805157593123209,0.619484240687679,0.0,0.17800000000000002,53565.0,0.02461322081575246,0.145,0.084,0.3657548125633232,0.43268242548818087,0.01833810888252149,0.07106017191977078,0.157
H2E,0.031037414965986394,0.020833333333333332,0.9477040816326531,0.00042517006802721087,4.3,0.0905982905982906,0.8465156049593844,0.10004275331338179,0.05344164172723386,400532.0,24297.0,12582.0,11760.0,36.6,2.1,0.25598290598290596,0.744017094017094,0.0,0.265,42627.0,0.004334523202447731,0.19699999999999998,0.09699999999999999,0.3476968796433878,0.35077033321390183,0.03205128205128205,0.09743589743589744,0.252
H2G,0.0012755102040816326,0.02465986394557823,0.9740646258503401,0.0,4.3,0.10190274841437633,0.8517110266159695,0.08576256865230249,0.06252640473172792,399826.0,21981.0,12581.0,11762.0,36.6,1.8,0.2955602536997886,0.7044397463002114,0.0,0.207,46927.0,0.010770505385252692,0.128,0.075,0.2656166577682862,0.4661076170510133,0.008456659619450317,0.04397463002114165,0.2
H2H,0.0006389776357827476,0.031309904153354634,0.9680511182108626,0.0,4.3,0.11629392971246007,0.8447284345047923,0.07795527156549521,0.07731629392971245,376622.0,14671.0,8368.0,7829.0,34.3,1.8,0.2662835249042146,0.7337164750957854,0.0,0.19699999999999998,52629.0,0.013934426229508197,0.094,0.061,0.19661563255439163,0.562753036437247,0.0038338658146964857,0.035759897828863345,0.21899999999999997
H2J,0.0010121457489878543,0.050944669365722,0.9477058029689609,0.00033738191632928474,4.2,0.1008684034736139,0.8030050083472454,0.09916527545909849,0.09782971619365609,400313.0,26559.0,16050.0,14820.0,34.4,1.8,0.33956594323873124,0.6604340567612688,0.0,0.193,56313.0,0.03217985452942473,0.075,0.067,0.22113958907011227,0.6483695652173913,0.006012024048096192,0.032732130928523714,0.191
H2K,0.0012376237623762376,0.15717821782178218,0.8412747524752475,0.0003094059405940594,3.9,0.1025085165685971,0.7403965303593556,0.13878562577447337,0.120817843866171,299914.0,28727.0,17565.0,16157.0,35.4,1.7,0.2387736141220192,0.7612263858779807,0.0,0.289,41707.0,0.00606550748079256,0.149,0.086,0.2939082278481013,0.423778071334214,0.012078042737689688,0.051718798389594305,0.261
H2L,0.002145922746781116,0.23462088698140202,0.7632331902718169,0.0,3.8,0.08452722063037249,0.66189111747851,0.1765759312320917,0.1615329512893983,349681.0,24222.0,15923.0,13983.0,37.7,1.7,0.27855352667382743,0.7214464733261726,0.0,0.289,44566.0,0.027744270205066344,0.11,0.085,0.2980132450331126,0.5406790518898142,0.011815252416756176,0.03474212034383954,0.237
H2M,0.02852253280091272,0.12949229891614375,0.8419851682829436,0.0,4.6,0.05625717566016074,0.5761056863871339,0.3520964962665135,0.07179781734635267,341922.0,18621.0,9241.0,8769.0,39.7,2.0,0.4089603676048248,0.5910396323951752,0.0,0.16699999999999998,58680.0,0.018694765465669613,0.14,0.085,0.35165562913907283,0.4241379310344828,0.016647531572904706,0.05855338691159587,0.177
H2N,0.011235955056179775,0.07116104868913857,0.9176029962546817,0.0,4.7,0.05628517823639775,0.874296435272045,0.05628517823639775,0.06941838649155722,448598.0,6334.0,2884.0,2667.0,38.3,2.4,0.42401500938086306,0.575984990619137,0.0,0.195,50709.0,0.003964321110009911,0.217,0.102,0.37572254335260113,0.22916666666666666,0.04127579737335835,0.11632270168855535,0.251
H2P,0.00202020202020202,0.07609427609427609,0.9205387205387205,0.0013468013468013469,4.6,0.08762541806020067,0.8474916387959867,0.0882943143812709,0.06421404682274247,424302.0,14693.0,7846.0,7420.0,34.8,2.0,0.30013368983957217,0.6998663101604278,0.0,0.17,53115.0,0.011817440912795437,0.122,0.07400000000000001,0.25924468922108573,0.4736297828335057,0.012032085561497326,0.05016722408026756,0.217
H2R,0.0016632016632016633,0.029106029106029108,0.9692307692307692,0.0,4.3,0.08878699458107545,0.7997502081598667,0.08742714404662781,0.11282264779350541,400954.0,22436.0,12732.0,12023.0,34.8,1.8,0.2980408503543143,0.7019591496456857,0.0,0.21,50252.0,0.013877978528410578,0.11699999999999999,0.065,0.2616487455197133,0.548582995951417,0.010004168403501459,0.054189245518966235,0.187
H2S,0.0006722689075630252,0.06252100840336135,0.9368067226890756,0.0,4.1,0.10184254606365159,0.7768096514745308,0.09349865951742628,0.1296916890080429,379436.0,27359.0,15854.0,14880.0,34.2,1.8,0.2761394101876676,0.7238605898123325,0.0,0.212,50243.0,0.015291837174240793,0.105,0.062,0.22489451476793249,0.552771855010661,0.007705192629815745,0.04222520107238606,0.21600000000000003
H2T,0.0012040939193257074,0.09030704394942805,0.9084888621312462,0.0,4.4,0.10326086956521739,0.7593486127864898,0.15078407720144751,0.08986731001206273,401012.0,16272.0,9025.0,8305.0,35.9,1.9,0.3192516596258298,0.6807483403741702,0.0,0.225,52964.0,0.025,0.10300000000000001,0.064,0.25395114942528735,0.6151252408477842,0.006035003017501509,0.04043452021726011,0.23
H2V,0.049437299035369774,0.1414790996784566,0.8090836012861736,0.0,5.6,0.09608397254743642,0.8760096930533118,0.07633279483037157,0.04765751211631664,622478.0,31323.0,13670.0,12440.0,34.3,2.5,0.4685230024213075,0.5314769975786925,0.0,0.15,72558.0,0.08880395683453238,0.07400000000000001,0.069,0.3207145895363675,0.6312997347480106,0.03753026634382567,0.0641905530884134,0.226
H2W,0.0008382229673093043,0.08214585079631181,0.9170159262363788,0.0,4.2,0.10083333333333333,0.7758333333333334,0.15166666666666667,0.0725,449744.0,11305.0,6938.0,5967.0,33.3,1.8,0.30833333333333335,0.6916666666666667,0.0,0.28300000000000003,47863.0,0.028732683427398667,0.08900000000000001,0.08199999999999999,0.2822702159718734,0.618421052631579,0.00832639467110741,0.038301415487094086,0.242
H2X,0.0004161464835622139,0.544735746982938,0.4548481065334998,0.0,3.2,0.07605985037406483,0.7015793848711555,0.16874480465502908,0.12967581047381546,400730.0,19901.0,15204.0,12017.0,32.7,1.6,0.17497921862011637,0.8250207813798837,0.0,0.433,30144.0,0.022914218566392478,0.111,0.14,0.4078054298642534,0.660009741841208,0.02202826267664173,0.0714879467996675,0.314
H2Y,0.0,0.5484633569739953,0.4515366430260047,0.0,3.7,0.08695652173913043,0.5865384615384616,0.25721153846153844,0.15625,501431.0,3455.0,2944.0,2113.0,44.7,1.6,0.4879807692307692,0.5120192307692307,0.0,0.157,78925.0,0.1260096930533118,0.044000000000000004,0.043,0.2719869706840391,0.6567164179104478,0.00963855421686747,0.033734939759036145,0.252
H2Z,0.0,0.8715277777777778,0.1284722222222222,0.0,3.3,0.027874564459930314,0.3506944444444444,0.20833333333333334,0.4409722222222222,425165.0,2313.0,1937.0,1438.0,42.3,1.6,0.26223776223776224,0.7377622377622378,0.0,0.308,51797.0,0.07692307692307693,0.076,0.065,0.36877828054298645,0.6494845360824743,0.027972027972027972,0.09059233449477352,0.34700000000000003
H3A,0.0,0.8955916473317865,0.10440835266821345,0.0,3.3,0.05200945626477541,0.5011820330969267,0.1016548463356974,0.3971631205673759,500438.0,3580.0,3243.0,2159.0,27.8,1.6,0.22877358490566038,0.7712264150943396,0.0,0.517,24864.0,0.05555555555555555,0.066,0.13699999999999998,0.5682492581602374,0.7292993630573248,0.03537735849056604,0.12028301886792453,0.516
H3B,0.0,0.8666666666666667,0.13333333333333333,0.0,3.6,0.0,0.2459016393442623,0.03278688524590164,0.7213114754098361,448954.0,581.0,636.0,301.0,30.1,1.7,0.4666666666666667,0.5333333333333333,0.0,0.402,47296.0,0.08139534883720931,0.027000000000000003,0.048,0.32608695652173914,0.6851851851851852,0.0,0.06666666666666667,0.35700000000000004
H3C,0.0,0.8556618819776715,0.14433811802232854,0.0,3.5,0.026570048309178744,0.10136765888978279,0.12952534191472245,0.7691069991954947,359950.0,10877.0,7353.0,6275.0,33.3,1.6,0.5744167337087691,0.4255832662912309,0.0,0.16899999999999998,75414.0,0.07725553754727174,0.038,0.061,0.19882100750267953,0.718503937007874,0.014492753623188406,0.04830917874396135,0.27
H3E,0.023858921161825725,0.5912863070539419,0.3848547717842324,0.0,4.5,0.038880248833592534,0.2814122533748702,0.43250259605399793,0.2860851505711319,450348.0,20461.0,10272.0,9642.0,44.8,2.1,0.5783195020746889,0.4216804979253112,0.0,0.158,81780.0,0.11539657853810265,0.067,0.08800000000000001,0.3571215288145715,0.6675531914893617,0.020228215767634856,0.05964730290456432,0.212
H3G,0.010250569476082005,0.816628701594533,0.17312072892938496,0.0,3.8,0.07639680729760548,0.7111872146118722,0.10159817351598173,0.1872146118721461,598038.0,7457.0,5802.0,4385.0,34.5,1.7,0.3276255707762557,0.6723744292237442,0.0,0.35100000000000003,44949.0,0.10030165912518854,0.049,0.11,0.4375,0.754054054054054,0.023972602739726026,0.07990867579908675,0.35700000000000004
H3H,0.003935286401399213,0.7879317883690424,0.20769567118495846,0.00043725404459991256,3.0,0.07018308631211857,0.6778552746294682,0.22231909328683522,0.0998256320836966,500211.0,19025.0,13595.0,11433.0,30.0,1.6,0.12549019607843137,0.8745098039215686,0.0,0.509,25517.0,0.028341288782816228,0.106,0.147,0.4386113463166808,0.6935185185185185,0.05710549258936356,0.16259808195292066,0.414
H3J,0.0,0.2554890219560878,0.7445109780439122,0.0,4.3,0.082,0.42,0.416,0.164,420812.0,11071.0,5353.0,5010.0,36.9,2.1,0.3706293706293706,0.6293706293706294,0.0,0.377,46891.0,0.034606205250596656,0.151,0.124,0.4032712915961647,0.45934959349593496,0.035,0.078,0.21600000000000003
H3K,0.005235602094240838,0.11518324607329843,0.8795811518324608,0.0,4.3,0.08698495748855462,0.661437908496732,0.1522875816993464,0.18627450980392157,379603.0,14919.0,8351.0,7644.0,35.8,1.9,0.32047089601046436,0.6795291039895357,0.0,0.28600000000000003,47644.0,0.026283367556468172,0.136,0.09,0.33266852812126047,0.416532474503489,0.015042511445389144,0.052975801177240024,0.233
H3L,0.05445808862786973,0.0795515216230646,0.8659903897490657,0.0,4.6,0.0696068012752391,0.7862838915470495,0.12121212121212122,0.09250398724082935,500414.0,20636.0,10087.0,9369.0,39.9,2.1,0.37725823591923485,0.6227417640807651,0.0,0.218,50908.0,0.03302039494982195,0.132,0.095,0.3450617283950617,0.4833931777378815,0.03242955874534822,0.08984582668793195,0.166
H3M,0.16653574234092694,0.07384131971720345,0.7596229379418696,0.0,5.1,0.07758620689655173,0.8119122257053292,0.12225705329153605,0.06583072100313479,500684.0,15478.0,6716.0,6363.0,44.0,2.4,0.4556862745098039,0.5443137254901961,0.0,0.22,50700.0,0.018641259320629662,0.193,0.10400000000000001,0.4240380801269338,0.36203522504892366,0.04075235109717868,0.10666666666666667,0.253
H3N,0.014925373134328358,0.08416252072968491,0.900497512437811,0.00041459369817578774,3.9,0.09272349272349273,0.8212801330008312,0.11263507896924356,0.06608478802992519,400343.0,28277.0,13223.0,12056.0,37.1,2.3,0.20997920997921,0.7900207900207901,0.0,0.384,34792.0,0.0011301989150090416,0.32299999999999995,0.14400000000000002,0.44638619201726,0.24727992087042533,0.08607068607068608,0.1965918536990856,0.32899999999999996
H3P,0.3388203017832647,0.07956104252400549,0.578875171467764,0.0027434842249657062,7.0,0.061898211829436035,0.8475274725274725,0.11401098901098901,0.038461538461538464,899939.0,10208.0,3870.0,3650.0,43.3,2.7,0.6887052341597796,0.31129476584022037,0.0,0.11900000000000001,116416.0,0.16005291005291006,0.059000000000000004,0.061,0.36500943989930773,0.7216494845360825,0.01925722145804677,0.059147180192572216,0.168
H3R,0.3539325842696629,0.1404494382022472,0.5056179775280899,0.0,6.7,0.07649513212795549,0.9346314325452016,0.043115438108484005,0.022253129346314324,949518.0,9650.0,3832.0,3562.0,42.5,2.7,0.6309192200557103,0.36908077994428967,0.0,0.121,108160.0,0.16573033707865167,0.052000000000000005,0.062,0.3743421052631579,0.7116630669546437,0.03894297635605007,0.08356545961002786,0.106
H3S,0.003484320557491289,0.1867595818815331,0.8097560975609757,0.0,3.8,0.11037373384561648,0.7486892694861936,0.20307584760573227,0.0482348829080741,501479.0,33125.0,15950.0,14355.0,34.2,2.3,0.1840726510653161,0.8159273489346839,0.0,0.316,41164.0,0.019120835797358564,0.18100000000000002,0.13699999999999998,0.38696307460437074,0.4454649827784156,0.08071278825995808,0.2058001397624039,0.28300000000000003
H3T,0.0129136400322841,0.17675544794188863,0.8103309120258273,0.0,4.0,0.09983766233766234,0.8085969180859692,0.1516626115166261,0.039740470397404706,564152.0,12817.0,7254.0,6194.0,29.7,1.9,0.15759545085296506,0.8424045491470349,0.0,0.38799999999999996,34901.0,0.031015507753876938,0.11599999999999999,0.14400000000000002,0.38912732474964234,0.6609053497942387,0.032467532467532464,0.10316815597075549,0.21600000000000003
H3V,0.0012674271229404308,0.8174904942965779,0.18124207858048164,0.0,3.3,0.09911054637865312,0.8777070063694268,0.07770700636942675,0.044585987261146494,268606.0,6648.0,4515.0,3941.0,37.6,1.7,0.09529860228716645,0.9047013977128335,0.0,0.337,41389.0,0.014010507880910683,0.153,0.121,0.4361792054099746,0.6831275720164609,0.03807106598984772,0.11928934010152284,0.382
H3W,0.021668029435813575,0.13450531479967293,0.8438266557645135,0.0,4.3,0.11223662884927066,0.843192868719611,0.1146677471636953,0.04213938411669368,551529.0,30678.0,13311.0,12233.0,36.9,2.4,0.21645723550871504,0.783542764491285,0.0,0.27399999999999997,46200.0,0.02123050259965338,0.16899999999999998,0.096,0.3597093257973355,0.4337606837606838,0.0887358184764992,0.21515397082658022,0.26899999999999996
H3X,0.1523145843703335,0.26729716276754606,0.5803882528621205,0.0,5.2,0.07296351824087956,0.8586413586413586,0.10989010989010989,0.03146853146853147,648535.0,23069.0,10911.0,10040.0,40.4,2.3,0.38630684657671166,0.6136931534232883,0.0,0.185,59209.0,0.06964628461749384,0.095,0.079,0.34760903836048346,0.567182921724571,0.03548225887056472,0.1003996003996004,0.222
H3Y,0.31462333825701627,0.04874446085672083,0.6366322008862629,0.0,8.4,0.06841339155749636,0.9534883720930233,0.020348837209302327,0.02616279069767442,1500249.0,9747.0,3616.0,3385.0,44.7,2.9,0.8311499272197962,0.16885007278020378,0.0,0.075,223744.0,0.28112449799196787,0.02,0.046,0.37004950495049505,0.7995689655172413,0.0,0.011627906976744186,0.16399999999999998
H3Z,0.018803418803418803,0.523931623931624,0.45726495726495725,0.0,4.8,0.08669527896995709,0.855917667238422,0.1072041166380789,0.03687821612349914,850402.0,11813.0,6628.0,5852.0,48.1,1.9,0.344206008583691,0.655793991416309,0.0,0.21,69356.0,0.1228163049232398,0.064,0.078,0.4392712550607287,0.6783681214421252,0.02145922746781116,0.06701030927835051,0.185
H4A,0.020066889632107024,0.09280936454849498,0.8862876254180602,0.0008361204013377926,5.4,0.12088370154230929,0.8786488740617181,0.05546288573811509,0.0658882402001668,552561.0,26453.0,13105.0,11965.0,38.1,2.2,0.4397665694039183,0.5602334305960817,0.0,0.177,62994.0,0.0633903133903134,0.087,0.079,0.31210045662100455,0.6205971150620597,0.013755731554814505,0.04835348061692372,0.177
H4B,0.05007436787307883,0.31284085275161133,0.6370847793753098,0.0,4.1,0.09154228855721393,0.7818725099601593,0.14243027888446216,0.07569721115537849,500777.0,20368.0,10928.0,10079.0,38.3,2.0,0.2512437810945274,0.7487562189054726,0.0,0.3,40730.0,0.02812982998454405,0.152,0.098,0.3790849673202614,0.5357446808510639,0.04477611940298507,0.12587064676616916,0.182
H4C,0.003234501347708895,0.15417789757412398,0.8425876010781671,0.0,4.1,0.0917381974248927,0.5977443609022557,0.13587540279269603,0.2663802363050483,300913.0,17052.0,10068.0,9279.0,34.3,1.8,0.2886266094420601,0.7113733905579399,0.0,0.256,49472.0,0.01733102253032929,0.122,0.076,0.2679650772330423,0.4783937145351375,0.016630901287553648,0.048845947396672036,0.223
H4E,0.02717391304347826,0.04857336956521739,0.9225543478260869,0.0016983695652173913,4.5,0.08775510204081632,0.7987763426240653,0.1373215499660095,0.06390210740992522,375098.0,30513.0,15729.0,14720.0,39.5,2.0,0.3447806868412105,0.6552193131587896,0.0,0.24600000000000002,46050.0,0.005048465266558966,0.19399999999999998,0.087,0.3802459496388835,0.2943832909963308,0.017001020061203673,0.058143488609316556,0.248
H4G,0.010745685444480626,0.08075545424943015,0.9084988603060892,0.0,4.2,0.10959792477302205,0.7474878444084279,0.1539708265802269,0.09854132901134521,300841.0,29488.0,16471.0,15354.0,35.9,1.9,0.26556420233463035,0.7344357976653697,0.0,0.256,45789.0,0.00632137030995106,0.155,0.085,0.3081188118811881,0.4081471747700394,0.014915693904020753,0.06679636835278858,0.23
H4H,0.08060033351862146,0.0339077265147304,0.8849360755975542,0.0005558643690939411,5.1,0.1019036954087346,0.9417366946778711,0.0392156862745098,0.01904761904761905,424550.0,19268.0,9466.0,8990.0,41.2,2.1,0.3292273236282195,0.6707726763717805,0.0,0.16,56208.0,0.011787819253438114,0.15,0.069,0.33568,0.33546034639927075,0.007278835386338186,0.04759238521836506,0.163
H4J,0.16235129461161651,0.0867739678096571,0.7508747375787264,0.0,4.5,0.08689558514365803,0.7194950911640954,0.19775596072931276,0.08274894810659186,390084.0,18205.0,7712.0,7144.0,37.9,2.4,0.33123249299719887,0.6687675070028011,0.0,0.299,43803.0,0.013812154696132596,0.20600000000000002,0.12300000000000001,0.37692019482952416,0.34125726360274694,0.08753501400560224,0.19341275402943237,0.184
H4K,0.3870558375634518,0.0038071065989847717,0.6091370558375635,0.0,6.4,0.06809583858764187,0.6897856242118537,0.23076923076923078,0.07944514501891552,501665.0,11257.0,4126.0,3938.0,44.6,2.8,0.6494325346784363,0.3505674653215637,0.0,0.147,72983.0,0.049911920140927775,0.133,0.10099999999999999,0.41680672268907565,0.422365988909427,0.03656998738965952,0.08827238335435057,0.196
H4L,0.10548823948681398,0.29864575908766927,0.5958660014255167,0.0,4.7,0.08086925543284645,0.6640541503384396,0.19415746348414678,0.1417883861774136,349661.0,36795.0,14940.0,14030.0,38.9,2.5,0.46847167794798716,0.5315283220520128,0.0,0.245,52837.0,0.011704462326261888,0.195,0.10800000000000001,0.41857241857241856,0.41738197424892703,0.06697541859636623,0.15924474527965798,0.223
H4M,0.21500559910414332,0.11422172452407615,0.6696528555431132,0.0011198208286674132,5.6,0.08408071748878924,0.6662933930571109,0.22508398656215006,0.10862262038073908,449567.0,12325.0,4742.0,4474.0,38.8,2.8,0.600896860986547,0.3991031390134529,0.0,0.154,65390.0,0.027674294837679615,0.154,0.099,0.3709677419354839,0.44794188861985473,0.051511758118701005,0.11422172452407615,0.215
H4N,0.01806451612903226,0.6443010752688172,0.33763440860215055,0.0,3.9,0.05636833046471601,0.5068846815834768,0.3192771084337349,0.1738382099827883,285037.0,29755.0,12365.0,11623.0,36.1,2.5,0.2943201376936317,0.7056798623063684,0.0,0.32299999999999995,46514.0,0.006052141527001862,0.235,0.13699999999999998,0.42222708378910523,0.3804209183673469,0.12048192771084337,0.24225473321858865,0.249
H4P,0.05429864253393665,0.5339366515837104,0.4117647058823529,0.0,3.9,0.0486322188449848,0.40667678300455234,0.06069802731411229,0.5326251896813353,358753.0,7149.0,3586.0,3312.0,34.0,2.2,0.48328267477203646,0.5167173252279635,0.0,0.231,55072.0,0.025416301489921123,0.114,0.076,0.29906542056074764,0.5314685314685315,0.0547112462006079,0.12613981762917933,0.33
H4R,0.08466603951081844,0.24459078080903104,0.6707431796801505,0.0,5.2,0.04154863078375826,0.2990080302314596,0.2536608408124705,0.4473311289560699,458941.0,27065.0,11297.0,10628.0,38.9,2.5,0.6126594237128011,0.38734057628719887,0.0,0.141,74406.0,0.05840490797546012,0.10099999999999999,0.068,0.328400281888654,0.5470430107526881,0.03164855928200284,0.07601510859301228,0.221
H4S,0.06818181818181818,0.0,0.75,0.18181818181818182,5.4,0.06666666666666667,0.23809523809523808,0.0,0.7619047619047619,420926.0,560.0,224.0,220.0,40.7,2.5,0.8444444444444444,0.15555555555555556,0.0,0.071,93696.0,0.047058823529411764,0.095,0.057999999999999996,0.26595744680851063,0.6388888888888888,0.0,0.044444444444444446,0.10800000000000001
H4T,,,,,,,,,,,0.0,1.0,0.0,,,,,,,,,,,,,,,
H4V,0.09613196814562003,0.20819112627986347,0.6951080773606371,0.0005688282138794084,4.8,0.09796149490373726,0.8720996038483305,0.10186757215619695,0.02603282399547255,480645.0,20338.0,9599.0,8794.0,41.0,2.3,0.3607021517553794,0.6392978482446207,0.0,0.243,48530.0,0.020641473483645603,0.18600000000000003,0.11,0.3961077844311377,0.4484732824427481,0.04473386183465459,0.1279003961516695,0.23399999999999999
H4W,0.14147088866189989,0.5209397344228804,0.3375893769152196,0.0,5.3,0.06642820643842616,0.6699029126213593,0.23760858456821665,0.09248850281042412,449942.0,24742.0,10472.0,9791.0,44.7,2.4,0.543178334184977,0.456821665815023,0.0,0.179,60422.0,0.04730831973898858,0.154,0.08800000000000001,0.4460694698354662,0.5261406844106464,0.04241185487991824,0.10373019928461931,0.267
H4X,0.35269709543568467,0.06224066390041494,0.5850622406639004,0.0,6.8,0.10251046025104603,0.9412997903563941,0.03773584905660377,0.020964360587002098,579719.0,6289.0,2582.0,2409.0,43.2,2.6,0.698744769874477,0.301255230125523,0.0,0.115,91264.0,0.10253807106598985,0.079,0.071,0.35172413793103446,0.6032,0.014644351464435146,0.04592901878914405,0.17
H4Y,,,,,,,,,,,5.0,3.0,3.0,,,,,,,,,,,,,,,
H4Z,,,,,,,,,,,10.0,5.0,5.0,,,,,,,,,,,,,,,
H5A,,,,,,,,,,,0.0,0.0,0.0,,,,,,,,,,,,,,,
H5B,,,,,,,,,,,5.0,2.0,2.0,,,,,,,,,,,,,,,
H7A,0.6323835997220292,0.0006949270326615705,0.36622654621264766,0.0006949270326615705,6.7,0.049305555555555554,0.428769979152189,0.29812369701181374,0.2731063238359972,257583.0,20918.0,7374.0,7191.0,38.8,2.9,0.8798611111111111,0.12013888888888889,0.0,0.064,80938.0,0.00949667616334283,0.145,0.069,0.2970446320868516,0.19758412424503882,0.015267175572519083,0.054823039555863984,0.124
H7B,0.7952380952380952,0.0,0.20476190476190476,0.0,7.0,0.057971014492753624,0.5576923076923077,0.2403846153846154,0.20192307692307693,269801.0,3037.0,1079.0,1053.0,42.4,2.7,0.9130434782608695,0.08695652173913043,0.0,0.054000000000000006,84297.0,0.011286681715575621,0.146,0.048,0.31798245614035087,0.18892508143322476,0.014423076923076924,0.04807692307692308,0.132
H7C,0.33477011494252873,0.0617816091954023,0.603448275862069,0.0,5.4,0.06312769010043041,0.6719424460431654,0.19424460431654678,0.13381294964028778,300231.0,8985.0,3750.0,3478.0,44.4,2.3,0.5308464849354376,0.46915351506456243,0.0,0.12300000000000001,56855.0,0.009471191791633781,0.182,0.067,0.35907046476761617,0.21496437054631828,0.005738880918220947,0.05595408895265423,0.17300000000000001
H7E,0.5812562313060817,0.023928215353938187,0.3948155533399801,0.0,6.7,0.05826693227091633,0.6653386454183267,0.17430278884462153,0.1603585657370518,350022.0,26385.0,10275.0,10030.0,44.1,2.6,0.8007968127490039,0.199203187250996,0.0,0.076,83328.0,0.03706360593017695,0.11699999999999999,0.061,0.3552511415525114,0.3491827637444279,0.00597609561752988,0.03436254980079681,0.128
H7G,0.367096018735363,0.07903981264637003,0.5532786885245902,0.000585480093676815,5.5,0.0773286467486819,0.7719812426729191,0.14361078546307152,0.08440797186400938,301054.0,21157.0,8902.0,8537.0,44.2,2.3,0.5468933177022274,0.45310668229777257,0.0,0.157,58752.0,0.013265950726468731,0.175,0.08900000000000001,0.3715066828675577,0.26189354686764016,0.012888107791446984,0.03866432337434095,0.177
H7H,0.5953815261044176,0.0,0.4036144578313253,0.001004016064257028,6.6,0.04124748490945674,0.3075376884422111,0.3949748743718593,0.2974874371859296,299322.0,13828.0,5047.0,4983.0,38.4,2.8,0.8373493975903614,0.16265060240963855,0.0,0.068,83978.0,0.011031175059952039,0.124,0.057999999999999996,0.2648648648648649,0.23052157115260785,0.012072434607645875,0.04723618090452261,0.13699999999999998
H7J,0.8857142857142857,0.0,0.11428571428571428,0.0,6.9,0.06936416184971098,0.6184971098265896,0.1907514450867052,0.1907514450867052,348462.0,2215.0,927.0,872.0,48.2,2.5,0.8563218390804598,0.14367816091954022,0.0,0.091,81465.0,0.03064066852367688,0.124,0.034,0.35097493036211697,0.22466960352422907,0.0,0.0,0.172
H7K,0.65,0.015,0.334375,0.000625,6.7,0.038053649407361195,0.3227215980024969,0.4225967540574282,0.2546816479400749,319622.0,22259.0,8105.0,8004.0,42.1,2.8,0.85785536159601,0.14214463840399003,0.0,0.057,88951.0,0.02363793600461228,0.109,0.062,0.29718543046357615,0.3034257748776509,0.004990642545227698,0.0330630068621335,0.105
H7L,0.5708137715179968,0.0003912363067292645,0.4284037558685446,0.0003912363067292645,6.7,0.044278996865203764,0.32615505090054814,0.418167580266249,0.2556773688332028,320146.0,37252.0,12957.0,12784.0,39.7,2.8,0.8300039169604387,0.1699960830395613,0.0,0.061,92672.0,0.0249390586911682,0.10099999999999999,0.059000000000000004,0.25582228591902545,0.3432086367060005,0.01018808777429467,0.03605015673981191,0.105
H7M,0.5129533678756477,0.0004710315591144607,0.4861045690061234,0.0004710315591144607,6.2,0.04764150943396227,0.5040113260972157,0.4483246814535158,0.04766399244926852,301048.0,27898.0,10821.0,10614.0,46.9,2.5,0.7009433962264151,0.2990566037735849,0.0,0.08900000000000001,70997.0,0.01612531674729325,0.147,0.064,0.3662314671387475,0.2509479489831093,0.008958038661008957,0.04101838755304102,0.121
H7N,0.19301032565528198,0.10590415673815197,0.7005559968228753,0.0005295207836907599,4.8,0.055011901613329806,0.662083553675304,0.22897937599153886,0.10893707033315705,300378.0,42318.0,19668.0,18887.0,39.8,2.2,0.40253901084369215,0.5974609891563079,0.0,0.187,52039.0,0.006619527606438995,0.177,0.08,0.3498192335502531,0.2734543882403805,0.02115842369743454,0.06559111346204707,0.2
H7P,0.6228035923467395,0.04139008199921906,0.3358063256540414,0.0,6.6,0.033229085222830336,0.491790461297889,0.2677873338545739,0.24042220484753715,280501.0,35056.0,12973.0,12804.0,41.8,2.7,0.8506645817044566,0.1493354182955434,0.0,0.069,80469.0,0.019406810692054192,0.131,0.055999999999999994,0.32201914708442125,0.25111285676878764,0.009382329945269743,0.033229085222830336,0.125
H7R,0.7170252572497662,0.005612722170252572,0.27736202057998127,0.0,6.4,0.05827505827505827,0.43843283582089554,0.30736940298507465,0.25419776119402987,274778.0,30051.0,10903.0,10698.0,41.0,2.7,0.8526806526806526,0.14731934731934732,0.0,0.077,79117.0,0.014263427679964342,0.129,0.064,0.2881247330200769,0.2241273729332517,0.009324009324009324,0.03774464119291705,0.155
H7S,0.3651315789473684,0.03289473684210526,0.6019736842105263,0.0,5.3,0.052805280528052806,0.6512396694214876,0.27768595041322314,0.07107438016528926,301019.0,7346.0,3138.0,3037.0,40.7,2.4,0.5469522240527183,0.45304777594728174,0.0,0.2,55445.0,0.008703220191470844,0.18600000000000003,0.105,0.37012448132780085,0.2483745123537061,0.0297029702970297,0.057755775577557754,0.168
H7T,0.29692470837751855,0.17709437963944857,0.5259809119830329,0.0,5.4,0.03015873015873016,0.2126984126984127,0.36455026455026457,0.42275132275132277,300651.0,24155.0,9786.0,9426.0,42.2,2.5,0.6850185283218634,0.31498147167813656,0.0,0.125,67994.0,0.01650692225772098,0.14800000000000002,0.076,0.34236768090002556,0.2999234889058914,0.02382212811011117,0.06296296296296296,0.196
H7V,0.18229994700582935,0.2549019607843137,0.5622681505034446,0.0005299417064122947,4.6,0.08452950558213716,0.6562167906482466,0.22316684378320936,0.1206163655685441,275900.0,22594.0,10205.0,9427.0,47.6,2.2,0.38809144072301965,0.6119085592769803,0.0,0.272,43574.0,0.004515352197471403,0.27,0.114,0.4695174804969662,0.208984375,0.04093567251461988,0.10095642933049948,0.21899999999999997
H7W,0.28815628815628813,0.15537240537240538,0.5564713064713065,0.0,5.4,0.057962172056131786,0.5797985962770827,0.22978333841928594,0.19041806530363137,323672.0,41619.0,17441.0,16385.0,44.4,2.5,0.5945698596705308,0.40543014032946917,0.0,0.177,57009.0,0.011353315168029064,0.21,0.091,0.41863156372052657,0.23173986896384371,0.02867602196461257,0.07413056741915802,0.226
H7X,0.682413204325555,0.021627774615822423,0.29595902105862265,0.0,6.9,0.030664395229982964,0.3100511073253833,0.3651334469051675,0.32481544576944915,374952.0,26124.0,8929.0,8787.0,40.1,2.9,0.8415672913117547,0.15843270868824533,0.0,0.075,90368.0,0.03443811496633868,0.10300000000000001,0.053,0.2802734375,0.3561061946902655,0.017035775127768313,0.04826802952867689,0.162
H7Y,0.7102102102102102,0.006006006006006006,0.28378378378378377,0.0,7.2,0.048558421851289835,0.26403641881638845,0.30197268588770865,0.4339908952959029,390152.0,9796.0,3411.0,3331.0,38.9,2.9,0.9241274658573596,0.07587253414264036,0.0,0.046,106866.0,0.056457304163726185,0.077,0.053,0.24629878869448182,0.49770009199632015,0.004552352048558422,0.030349013657056147,0.133
H8N,0.0032401782098015392,0.07533414337788578,0.9210206561360875,0.0004050222762251924,4.6,0.05999189298743413,0.6289537712895377,0.2360097323600973,0.13503649635036497,397463.0,29465.0,13177.0,12342.0,42.2,2.3,0.4389947304418322,0.5610052695581678,0.0,0.19,53169.0,0.0066839154808106946,0.205,0.102,0.40576404727348125,0.2931203130094555,0.032820097244732574,0.09282529387920552,0.261
H8P,0.08560311284046693,0.02529182879377432,0.8891050583657587,0.0,4.9,0.069167072576717,0.8375486381322957,0.125,0.03745136186770428,449383.0,22706.0,10971.0,10280.0,45.9,2.1,0.39727361246348586,0.6027263875365141,0.0,0.161,53650.0,0.012311135982092894,0.17600000000000002,0.084,0.39560141189247894,0.29129511677282377,0.01753531417437896,0.05260594252313687,0.195
H8R,0.0361260568793236,0.009223674096848577,0.9546502690238279,0.0,4.7,0.08825786646201074,0.8022273425499232,0.13748079877112135,0.06029185867895545,400744.0,29913.0,14205.0,13010.0,39.4,2.3,0.3486766398158803,0.6513233601841196,0.0,0.235,48328.0,0.006016330038676407,0.213,0.12,0.37156902908643996,0.24325144070367,0.034932821497120924,0.0920951650038373,0.265
H8S,0.0462878093492209,0.0930339138405133,0.8570119156736938,0.0036663611365719525,4.5,0.0779816513761468,0.700870361887311,0.14796152084287678,0.1511681172698122,300769.0,24407.0,11897.0,10912.0,41.5,2.1,0.3493810178817056,0.6506189821182944,0.0,0.24600000000000002,47413.0,0.006896551724137931,0.193,0.10400000000000001,0.3582604083797401,0.22793841532106646,0.01651376146788991,0.06330275229357799,0.23
H8T,0.3310502283105023,0.00076103500761035,0.6681887366818874,0.0,5.6,0.07803030303030303,0.7522727272727273,0.16590909090909092,0.08181818181818182,400255.0,14796.0,6950.0,6575.0,43.5,2.2,0.603030303030303,0.396969696969697,0.0,0.12300000000000001,68909.0,0.03468950749464668,0.111,0.068,0.33017702758336764,0.43594414086217365,0.012121212121212121,0.043214556482183475,0.13699999999999998
H8Y,0.382573179033356,0.057862491490810075,0.5595643294758339,0.0,5.8,0.06698564593301436,0.6978810663021189,0.19480519480519481,0.10731373889268626,324113.0,19057.0,7725.0,7340.0,40.2,2.6,0.5748462064251538,0.42515379357484623,0.0,0.168,61483.0,0.0178755586112066,0.165,0.084,0.3724205699312152,0.3425414364640884,0.03349282296650718,0.08202323991797676,0.14400000000000002
H8Z,0.547085201793722,0.11659192825112108,0.336322869955157,0.0,6.1,0.05829596412556054,0.6337522441651705,0.22082585278276481,0.14542190305206462,300900.0,15161.0,5730.0,5578.0,42.6,2.7,0.7917414721723519,0.20825852782764812,0.0,0.11,70851.0,0.012200252419015565,0.159,0.083,0.3584529505582137,0.3236775818639798,0.02242152466367713,0.06912028725314183,0.165
H9A,0.7459715639810427,0.04170616113744076,0.2123222748815166,0.0,7.3,0.061611374407582936,0.6587677725118484,0.24834123222748816,0.09289099526066351,400855.0,15691.0,5394.0,5269.0,41.1,3.0,0.7969639468690702,0.2030360531309298,0.0,0.10800000000000001,88937.0,0.04940304652120214,0.109,0.07,0.3495334370139969,0.4527584020291693,0.027514231499051234,0.05502846299810247,0.155
H9B,0.43011478730587444,0.03578663065496286,0.5340985820391627,0.0,6.3,0.074949358541526,0.6810810810810811,0.21486486486486486,0.10405405405405406,350068.0,20943.0,7619.0,7405.0,42.6,2.8,0.7103308575286968,0.28966914247130315,0.0,0.12300000000000001,70665.0,0.02185287780855648,0.159,0.079,0.3791788856304985,0.3369928400954654,0.03171390013495277,0.08170155300472653,0.192
H9C,0.7799752781211372,0.0,0.2200247218788628,0.0,7.5,0.044226044226044224,0.35098522167487683,0.5258620689655172,0.12315270935960591,399782.0,11613.0,4130.0,4049.0,44.4,2.8,0.8722358722358723,0.12776412776412777,0.0,0.063,102596.0,0.05204252937884723,0.083,0.055999999999999994,0.29442970822281167,0.4110576923076923,0.002457002457002457,0.02706027060270603,0.127
H9E,0.6778242677824268,0.0,0.2510460251046025,0.07112970711297072,6.9,0.05371900826446281,0.5327868852459017,0.29098360655737704,0.1762295081967213,399858.0,3098.0,1281.0,1200.0,44.6,2.6,0.8106995884773662,0.18930041152263374,0.0,0.096,80794.0,0.054878048780487805,0.087,0.059000000000000004,0.3231357552581262,0.3559322033898305,0.0,0.008264462809917356,0.183
H9G,0.5973684210526315,0.1307017543859649,0.2719298245614035,0.0,7.0,0.06631762652705062,0.7126637554585152,0.20698689956331878,0.08034934497816594,375639.0,15512.0,5799.0,5708.0,44.6,2.7,0.7783595113438045,0.22164048865619546,0.0,0.098,79603.0,0.028203062046736505,0.135,0.065,0.3468999619627235,0.41304347826086957,0.014834205933682374,0.04450261780104712,0.153
H9H,0.5441640378548895,0.06361724500525763,0.38696109358569925,0.005257623554153523,6.4,0.0582010582010582,0.4846560846560847,0.3502645502645503,0.16507936507936508,350188.0,25449.0,9802.0,9510.0,44.0,2.6,0.7028027498677948,0.29719725013220516,0.0,0.11900000000000001,72728.0,0.03387259858442872,0.126,0.067,0.35659101883148236,0.39086102719033233,0.025925925925925925,0.06031746031746032,0.162
H9J,0.7579018157363819,0.014122394082044385,0.22797579018157363,0.0,7.5,0.04832214765100671,0.426747311827957,0.4603494623655914,0.11290322580645161,400715.0,21728.0,7638.0,7433.0,43.0,2.9,0.8616521155137676,0.13834788448623236,0.0,0.081,95988.0,0.049765807962529274,0.096,0.07200000000000001,0.3064560820171793,0.42550450837269216,0.010738255033557046,0.02953020134228188,0.14
H9K,0.6544789762340036,0.0,0.34552102376599636,0.0,6.9,0.03102189781021898,0.113345521023766,0.5082266910420475,0.37842778793418647,448615.0,8557.0,2802.0,2737.0,39.1,3.1,0.8138686131386861,0.18613138686131386,0.0,0.078,100587.0,0.04868316041500399,0.081,0.076,0.2809239940387481,0.4782608695652174,0.02737226277372263,0.04744525547445255,0.166
H9P,0.654485049833887,0.0,0.34551495016611294,0.0,6.5,0.10784313725490197,0.8717105263157895,0.09868421052631579,0.029605263157894735,299894.0,3925.0,1541.0,1505.0,42.7,2.6,0.7712418300653595,0.22875816993464052,0.0,0.083,72229.0,0.00792393026941363,0.149,0.044000000000000004,0.2948148148148148,0.2894168466522678,0.00980392156862745,0.0457516339869281,0.145
H9R,0.5385041551246538,0.1518005540166205,0.30969529085872577,0.0,6.5,0.07142857142857142,0.6483942414174972,0.22535991140642303,0.12624584717607973,355741.0,23861.0,9342.0,9023.0,46.1,2.5,0.720775623268698,0.27922437673130196,0.0,0.084,80064.0,0.02861906085023618,0.12300000000000001,0.064,0.3579141427442718,0.4451530612244898,0.008859357696566999,0.026578073089700997,0.121
H9S,0.45365853658536587,0.15658536585365854,0.3897560975609756,0.0,5.8,0.0846793930494371,0.7404692082111437,0.14565004887585534,0.11388074291300097,399765.0,22580.0,10830.0,10244.0,47.7,2.2,0.5922662750856583,0.4077337249143417,0.0,0.11599999999999999,67785.0,0.046220772158781946,0.109,0.062,0.3691416535018431,0.42084942084942084,0.007342143906020558,0.033773861967694566,0.134
H9W,0.8641141141141141,0.0,0.13588588588588588,0.0,8.4,0.048798798798798795,0.8213213213213213,0.12387387387387387,0.054804804804804805,501533.0,19324.0,6828.0,6662.0,44.8,2.9,0.8971471471471472,0.10285285285285285,0.0,0.061,123392.0,0.10996916752312436,0.065,0.057999999999999996,0.36561898652982683,0.6210021321961621,0.003000750187546887,0.012762762762762763,0.11800000000000001
H9X,0.6529492455418381,0.01783264746227709,0.3292181069958848,0.0,7.2,0.07005494505494506,0.6620879120879121,0.28434065934065933,0.05357142857142857,499777.0,9702.0,3951.0,3640.0,46.8,2.5,0.717032967032967,0.28296703296703296,0.0,0.11199999999999999,89710.0,0.0780189959294437,0.076,0.073,0.3683536194746957,0.5416216216216216,0.009615384615384616,0.028846153846153848,0.142
J0A,0.8053817271589487,0.0006257822277847309,0.18397997496871088,0.010012515644555695,6.4,0.08114856429463171,0.662718204488778,0.21134663341645885,0.1259351620947631,150008.0,18840.0,8996.0,7989.0,44.6,2.3,0.7915106117353309,0.20848938826466917,0.0,0.142,56344.0,0.00676818950930626,0.195,0.055999999999999994,0.35113748763600394,0.1156901688182721,0.0056144728633811605,0.017467248908296942,0.11699999999999999
J0B,0.812228722400453,0.0001887148518588413,0.17946782411775808,0.008114738629930176,6.6,0.08780211480362538,0.6172583081570997,0.21242447129909364,0.17031722054380666,199903.0,62359.0,32233.0,26489.0,46.4,2.3,0.7947119924457035,0.20528800755429652,0.0,0.145,56947.0,0.012226184411614875,0.193,0.057999999999999996,0.3790442267735233,0.14285714285714285,0.0024546827794561933,0.017749244712990938,0.128
J0C,0.8009579563597659,0.0,0.16657796700372537,0.032464076636508785,6.3,0.0713905167820991,0.579957356076759,0.2484008528784648,0.17164179104477612,170066.0,22745.0,10130.0,9394.0,41.5,2.4,0.7862473347547975,0.21375266524520256,0.0,0.128,58030.0,0.0065229722064662505,0.191,0.057,0.3333333333333333,0.10306748466257669,0.0021321961620469083,0.017057569296375266,0.10300000000000001
J0E,0.7775131014768938,0.0,0.2022391615054788,0.020247737017627443,6.5,0.0790542154287079,0.5549188156638013,0.25477554918815665,0.19030563514804202,229965.0,48182.0,27506.0,20995.0,48.6,2.3,0.7892976588628763,0.21070234113712374,0.0,0.138,60386.0,0.017045454545454544,0.171,0.052000000000000005,0.3878841532819021,0.15134061569016882,0.004061156235069279,0.021017434917602103,0.138
J0G,0.8569696969696969,0.0,0.12848484848484848,0.014545454545454545,6.4,0.08343409915356712,0.7158403869407497,0.17714631197097944,0.10701330108827085,160068.0,18556.0,9287.0,8250.0,48.2,2.2,0.8083434099153567,0.18984280532043532,0.0018137847642079807,0.162,54187.0,0.005252790544977019,0.20800000000000002,0.069,0.39295908658420553,0.09488692232055064,0.0018137847642079807,0.018137847642079808,0.114
J0H,0.7896713615023474,0.0009389671361502347,0.19671361502347418,0.01267605633802817,6.5,0.06277921467199624,0.57475317348378,0.2642219087917254,0.1610249177244946,200693.0,52238.0,22562.0,21295.0,41.2,2.4,0.7799717912552891,0.22002820874471085,0.0,0.12,61263.0,0.007398273736128237,0.179,0.052000000000000005,0.3185745140388769,0.09674566678457729,0.003291794027745121,0.017399482718081356,0.114
J0J,0.8296622613803231,0.00499265785609398,0.1447870778267254,0.020558002936857563,6.5,0.08675263774912075,0.6362837045720985,0.21453692848769051,0.14917936694021103,224687.0,41213.0,18808.0,17028.0,45.2,2.4,0.8004103165298945,0.1995896834701055,0.0,0.126,60406.0,0.008585006898666259,0.18600000000000003,0.049,0.3525917124610129,0.11060119320789352,0.0020515826494724504,0.01524479624743477,0.136
J0K,0.8226765496456789,0.0004072656186364747,0.1673047161358638,0.009611468599820804,6.0,0.0773804675409302,0.5740469208211144,0.2315086347344412,0.19444444444444445,179672.0,139128.0,75674.0,61387.0,48.4,2.2,0.7739675816567565,0.2209008715484239,0.0051315467948195815,0.17300000000000001,52620.0,0.005914002401173907,0.225,0.076,0.4179903314917127,0.0962825525147439,0.0055388124134560564,0.024843202736824957,0.13699999999999998
J0L,0.6531538835738608,0.00016215339711366953,0.300308091454516,0.04637587157450949,6.4,0.05673528934997568,0.4746394425538811,0.22978447577378058,0.29557608167233834,250020.0,75957.0,32166.0,30833.0,39.8,2.4,0.7704652293726698,0.2295347706273302,0.0,0.094,69531.0,0.009087048832271762,0.153,0.047,0.30111340206185566,0.12058508740635034,0.0037283190144269734,0.022694115739990275,0.115
J0M,0.506350550381033,0.0,0.4928027095681626,0.000846740050804403,5.0,0.26016949152542374,0.0940677966101695,0.4711864406779661,0.4347457627118644,349696.0,23550.0,6973.0,5900.0,24.4,4.0,0.051694915254237285,0.6872881355932203,0.26101694915254237,0.131,89734.0,0.007294429708222812,0.212,0.155,0.3197084917617237,0.09187109187109187,0.22033898305084745,0.30254237288135594,0.0
J0N,0.7513269639065817,0.0,0.2361995753715499,0.012473460721868366,6.5,0.048301486199575375,0.35447068187848235,0.2862828336428761,0.35924648447864155,239880.0,49434.0,19321.0,18841.0,38.5,2.6,0.8298832271762208,0.17011677282377918,0.0,0.087,73793.0,0.008914100486223663,0.149,0.062,0.30055924047340354,0.14770642201834863,0.0034501061571125266,0.02308917197452229,0.13
J0P,0.7808936825885978,0.0003081664098613251,0.21140215716486904,0.007395993836671803,6.7,0.07050492610837439,0.44567559248999694,0.24622960911049555,0.30809479839950754,255740.0,39721.0,17168.0,16236.0,43.3,2.4,0.8140394088669951,0.18596059113300492,0.0,0.098,71160.0,0.021372328458942633,0.135,0.054000000000000006,0.31950916433675053,0.18339587242026267,0.0043090181594336715,0.019390581717451522,0.145
J0R,0.7356746765249538,0.0,0.25662353666050525,0.007701786814540973,6.6,0.049614791987673344,0.34791987673343605,0.31309707241910634,0.3389830508474576,299156.0,35633.0,20314.0,16233.0,50.9,2.2,0.8046224961479199,0.19537750385208014,0.0,0.115,69254.0,0.03068007499573888,0.13699999999999998,0.055,0.3858515573227303,0.2467733608673206,0.0018489984591679508,0.012326656394453005,0.155
J0S,0.8063930257900472,0.0018162005085361425,0.17653468942971304,0.015256084271703597,6.4,0.09843806756265892,0.6608505997818975,0.17157397310069067,0.16757542711741186,210095.0,31968.0,15988.0,13758.0,46.6,2.3,0.7776162790697675,0.22238372093023256,0.0,0.156,56117.0,0.008966861598440545,0.2,0.064,0.38518099547511314,0.12048192771084337,0.002543604651162791,0.0188953488372093,0.14
J0T,0.8516809492419248,0.0,0.14040870138431114,0.007910349373764008,6.0,0.07837541163556531,0.5521405049396267,0.22524698133918772,0.2226125137211855,200303.0,46277.0,42108.0,22756.0,54.0,2.0,0.8059275521405049,0.19407244785949507,0.0,0.18100000000000002,51032.0,0.013151174668028601,0.21,0.102,0.46411184621145923,0.14517420905086104,0.0026344676180021956,0.019099890230515917,0.17300000000000001
J0V,0.8289695945945946,0.0004222972972972973,0.16469594594594594,0.0059121621621621625,6.1,0.09509721048182587,0.5859738065061258,0.24714828897338403,0.16687790452049006,180002.0,25928.0,17229.0,11839.0,52.1,2.1,0.783178360101437,0.21682163989856298,0.0,0.182,51259.0,0.007275287491199249,0.221,0.08,0.44920273348519363,0.1023391812865497,0.0038038884192730348,0.01944209636517329,0.153
J0W,0.8602794411177644,0.0,0.1270791749833666,0.012641383898868928,6.0,0.08987256874580818,0.5767940979208585,0.2635814889336016,0.1596244131455399,150163.0,16025.0,11296.0,7513.0,54.0,2.1,0.811662198391421,0.1863270777479893,0.0020107238605898124,0.214,47051.0,0.005609573672400898,0.273,0.13,0.5061953352769679,0.07837360047142015,0.0026827632461435278,0.012743125419181758,0.141
J0X,0.8773561196280473,0.00025131942699170643,0.11510429756220156,0.007288263382759487,6.3,0.10518369401107197,0.5815299446401611,0.24735782586814292,0.17111222949169602,199822.0,45720.0,32616.0,19891.0,49.4,2.3,0.8127359677825321,0.1872640322174679,0.0,0.179,56689.0,0.008762469668374224,0.205,0.085,0.4345776031434185,0.1277327935222672,0.0027679919476597888,0.021897810218978103,0.139
J0Y,0.7520033741037537,0.0,0.20919443272880642,0.0388021931674399,6.3,0.12288851351351351,0.63360067539046,0.2317433516251583,0.1346559729843816,144925.0,29439.0,13560.0,11862.0,40.7,2.4,0.7319544111439426,0.21739130434782608,0.05065428450823132,0.124,66619.0,0.014430665163472379,0.17300000000000001,0.107,0.36932435368238103,0.08099489795918367,0.013091216216216216,0.025760135135135136,0.075
J0Z,0.8282377189969082,0.00034352456200618345,0.16420474063895568,0.007214015802129852,6.6,0.1092032967032967,0.6363324175824175,0.2551510989010989,0.10851648351648352,140154.0,34120.0,17535.0,14555.0,44.7,2.3,0.8245794713353931,0.16855475454857535,0.006865774116031583,0.139,61906.0,0.011048689138576779,0.191,0.083,0.40549331405854716,0.09185859667916443,0.002403846153846154,0.014771556166265888,0.087
J1A,0.5807644882860666,0.0,0.4155363748458693,0.0036991368680641184,6.2,0.06756756756756757,0.5928659286592866,0.25953259532595324,0.14760147601476015,189619.0,9251.0,4290.0,4056.0,46.5,2.2,0.6314496314496314,0.36855036855036855,0.0,0.13699999999999998,51526.0,0.005449591280653951,0.20800000000000002,0.049,0.3438943894389439,0.08762322015334063,0.002457002457002457,0.011056511056511056,0.114
J1C,0.6791744840525328,0.0,0.30956848030018763,0.01125703564727955,6.5,0.039399624765478425,0.4756554307116105,0.30337078651685395,0.2209737827715356,214389.0,6626.0,2708.0,2667.0,40.3,2.5,0.7335834896810507,0.26641651031894936,0.0,0.092,68368.0,0.009891196834817012,0.158,0.045,0.3263558515699334,0.20985915492957746,0.00375234521575985,0.011278195488721804,0.073
J1E,0.2848297213622291,0.007076514816452897,0.7080937638213181,0.0,5.2,0.04060017652250662,0.5214128035320088,0.25165562913907286,0.2269315673289183,188943.0,23643.0,12425.0,11305.0,37.3,2.0,0.422075055187638,0.577924944812362,0.0,0.23800000000000002,44029.0,0.003492745835572273,0.21600000000000003,0.071,0.39171227521501173,0.17984107068172314,0.010150044130626656,0.03487858719646799,0.129
J1G,0.4385769872151195,0.013340744858254585,0.548082267926626,0.0,5.7,0.05521472392638037,0.5930880713489409,0.2547380156075808,0.15217391304347827,200551.0,19936.0,9423.0,8997.0,45.7,2.1,0.5287228109313998,0.4712771890686001,0.0,0.184,50816.0,0.00932475884244373,0.191,0.07,0.40848144683504833,0.23549655850540807,0.011148272017837236,0.021739130434782608,0.113
J1H,0.1592356687898089,0.036093418259023353,0.8032554847841472,0.0014154281670205238,4.6,0.07801418439716312,0.6993973768167316,0.2045373980857852,0.09606522509748316,199879.0,27256.0,16625.0,14124.0,36.8,1.9,0.2670212765957447,0.7329787234042553,0.0,0.342,34330.0,0.004793426158411321,0.233,0.11199999999999999,0.40601503759398494,0.26199649737302977,0.009929078014184398,0.03475177304964539,0.19
J1J,0.3559201141226819,0.09914407988587731,0.5413694721825963,0.003566333808844508,5.9,0.0454222853087296,0.6574468085106383,0.2624113475177305,0.08014184397163121,250814.0,14462.0,7377.0,7013.0,50.7,2.0,0.5131298793470547,0.4868701206529453,0.0,0.145,55664.0,0.03627827571489543,0.14300000000000002,0.073,0.4236024844720497,0.4393939393939394,0.0035486160397444995,0.015613910574875798,0.102
J1K,0.4781906300484653,0.0,0.5218093699515347,0.0,5.9,0.046251993620414676,0.696969696969697,0.22647527910685805,0.07655502392344497,210296.0,6904.0,4043.0,3098.0,36.9,2.1,0.5135566188197768,0.4864433811802233,0.0,0.214,49079.0,0.008287292817679558,0.16899999999999998,0.083,0.3959435626102293,0.38207547169811323,0.004792332268370607,0.02073365231259968,0.14300000000000002
J1L,0.233071988595866,0.07982893799002139,0.6870990734141126,0.0,5.2,0.029327610872675252,0.2727272727272727,0.41947029348604153,0.30780243378668576,210031.0,14301.0,7498.0,7015.0,51.2,1.9,0.4309234073013601,0.56907659269864,0.0,0.149,51184.0,0.018150388936905792,0.18600000000000003,0.066,0.44435146443514645,0.3295540438397581,0.00572655690765927,0.014316392269148175,0.111
J1M,0.5156576200417536,0.0,0.48434237995824636,0.0,6.2,0.06263048016701461,0.5958333333333333,0.25416666666666665,0.15,240097.0,5376.0,3007.0,2391.0,41.9,2.2,0.524008350730689,0.4759916492693111,0.0,0.196,51635.0,0.01437125748502994,0.16899999999999998,0.065,0.4131185270425777,0.3645621181262729,0.0,0.022964509394572025,0.096
J1N,0.5624036979969184,0.0,0.42180277349768874,0.015793528505392913,6.6,0.03697996918335902,0.30982658959537573,0.2947976878612717,0.3953757225433526,224400.0,32394.0,13274.0,12980.0,38.0,2.5,0.7557781201848999,0.24422187981510016,0.0,0.07,73921.0,0.01605929586164299,0.128,0.044000000000000004,0.2855445544554455,0.2874678846702826,0.0023103581055063534,0.013092029264536002,0.105
J1R,0.719029374201788,0.0,0.2503192848020434,0.03065134099616858,6.9,0.03585147247119078,0.2141025641025641,0.4564102564102564,0.3294871794871795,224915.0,10423.0,3959.0,3914.0,37.5,2.7,0.8629961587708067,0.13700384122919335,0.0,0.06,78276.0,0.011620400258231117,0.133,0.053,0.25358255451713396,0.21341463414634146,0.0,0.016645326504481434,0.095
J1S,0.6311111111111111,0.0,0.36444444444444446,0.0044444444444444444,6.1,0.05997001499250375,0.7020958083832335,0.19161676646706588,0.1062874251497006,179238.0,7919.0,3584.0,3372.0,42.9,2.3,0.6881559220389805,0.3118440779610195,0.0,0.14400000000000002,57230.0,0.0041390728476821195,0.192,0.045,0.37922705314009664,0.1,0.0029985007496251873,0.014992503748125937,0.109
J1T,0.5793103448275863,0.001379310344827586,0.40551724137931033,0.013793103448275862,5.8,0.06657420249653259,0.8407202216066482,0.10664819944598337,0.05263157894736842,120178.0,7693.0,3931.0,3619.0,53.5,2.0,0.6194444444444445,0.38055555555555554,0.0,0.22399999999999998,42272.0,0.0041390728476821195,0.289,0.075,0.5332792207792207,0.0764872521246459,0.006934812760055479,0.018030513176144243,0.124
J1X,0.5605536332179931,0.0020761245674740486,0.43217993079584777,0.005190311418685121,6.0,0.04948096885813149,0.4262465373961219,0.28289473684210525,0.29085872576177285,245303.0,31584.0,17497.0,14459.0,50.8,2.1,0.6607822776047075,0.33921772239529246,0.0,0.14400000000000002,56031.0,0.020207965469884244,0.175,0.064,0.4067013287117273,0.20455965021861336,0.002768166089965398,0.016262975778546712,0.125
J1Z,0.8173302107728337,0.0,0.16627634660421545,0.01639344262295082,6.7,0.05841121495327103,0.46744186046511627,0.2627906976744186,0.26976744186046514,199838.0,5612.0,2173.0,2125.0,38.1,2.6,0.8220140515222483,0.17798594847775176,0.0,0.11699999999999999,64352.0,0.006024096385542169,0.18100000000000002,0.059000000000000004,0.2755813953488372,0.10118043844856661,0.0,0.016355140186915886,0.14300000000000002
J2A,0.7720430107526882,0.0,0.210752688172043,0.017204301075268817,6.6,0.03763440860215054,0.36774193548387096,0.3881720430107527,0.24408602150537634,179989.0,11724.0,4813.0,4646.0,38.6,2.5,0.8288482238966631,0.17115177610333693,0.0,0.099,67395.0,0.006087437742114001,0.163,0.065,0.27580645161290324,0.11564625850340136,0.0032292787944025836,0.00967741935483871,0.091
J2B,0.4330708661417323,0.00035790980672870435,0.5644237652111668,0.0021474588403722263,5.6,0.058297567954220315,0.6322003577817531,0.15241502683363148,0.2153846153846154,184472.0,30349.0,14637.0,13967.0,41.4,2.1,0.5144901610017889,0.4855098389982111,0.0,0.21100000000000002,46118.0,0.007837322601143825,0.21899999999999997,0.075,0.39364555395089745,0.13514366908746447,0.0032200357781753132,0.019313304721030045,0.09300000000000001
J2C,0.3793978962640551,0.017047515415306493,0.6035545883206384,0.0,5.6,0.029422448238285506,0.40101707228478023,0.34507809662186706,0.2539048310933527,199988.0,29763.0,14301.0,13786.0,49.6,2.0,0.4883720930232558,0.5116279069767442,0.0,0.166,48811.0,0.012883830792355593,0.183,0.073,0.3943988208043799,0.1853374443302501,0.00472212132219397,0.018168604651162792,0.085
J2E,0.49444444444444446,0.0,0.4527777777777778,0.05277777777777778,5.8,0.016666666666666666,0.28969359331476324,0.5626740947075209,0.14763231197771587,179701.0,4086.0,1830.0,1805.0,40.9,2.3,0.5888888888888889,0.4111111111111111,0.0,0.135,56864.0,0.004552352048558422,0.18100000000000002,0.049,0.30498533724340177,0.08547008547008547,0.011111111111111112,0.019444444444444445,0.094
J2G,0.30691340782122906,0.027932960893854747,0.6651536312849162,0.0,5.0,0.05643182614791448,0.7572679509632224,0.15656742556917688,0.0861646234676007,199894.0,28283.0,14923.0,14317.0,50.6,1.9,0.39712583245706273,0.6028741675429372,0.0,0.235,40840.0,0.005431240495329133,0.252,0.086,0.4453475935828877,0.11406025824964132,0.00700770847932726,0.027330063069376315,0.14400000000000002
J2H,0.58382257012394,0.0136986301369863,0.3816046966731898,0.020874103065883887,6.8,0.024010382868267358,0.22063595068137573,0.3530175210902012,0.4263465282284231,249886.0,19822.0,7802.0,7661.0,42.0,2.5,0.7910447761194029,0.208955223880597,0.0,0.063,77394.0,0.020448548812664908,0.129,0.059000000000000004,0.33034571062740076,0.24344926155312052,0.004539559014267186,0.015574302401038288,0.087
J2J,0.3726474278544542,0.038268506900878296,0.5407779171894604,0.04830614805520703,5.5,0.02821316614420063,0.25125628140703515,0.44597989949748745,0.3027638190954774,200611.0,18115.0,8154.0,7969.0,43.6,2.2,0.5630094043887147,0.4369905956112853,0.0,0.132,54943.0,0.004234297812279464,0.19399999999999998,0.042,0.3575094081423195,0.1110523532522475,0.010031347962382446,0.027586206896551724,0.098
J2K,0.5110041265474553,0.0,0.47455295735900965,0.014442916093535076,5.8,0.06643835616438357,0.6027397260273972,0.2136986301369863,0.18356164383561643,200129.0,16665.0,7674.0,7266.0,46.2,2.2,0.5897260273972603,0.41027397260273973,0.0,0.168,51991.0,0.007779074290159471,0.212,0.075,0.4039334341906203,0.1193939393939394,0.003424657534246575,0.026009582477754964,0.11699999999999999
J2L,0.5858585858585859,0.0,0.39141414141414144,0.022727272727272728,6.6,0.04671717171717172,0.22601010101010102,0.2537878787878788,0.5202020202020202,309045.0,9052.0,5204.0,3959.0,44.2,2.3,0.7881462799495587,0.21185372005044137,0.0,0.087,77104.0,0.049477351916376304,0.105,0.040999999999999995,0.3410483321987747,0.37780040733197556,0.0,0.012610340479192938,0.12300000000000001
J2M,0.9227941176470589,0.0,0.03308823529411765,0.04411764705882353,7.1,0.058823529411764705,0.3211009174311927,0.3614678899082569,0.3174311926605505,274532.0,6941.0,2901.0,2721.0,44.5,2.5,0.9304029304029304,0.0695970695970696,0.0,0.08199999999999999,79942.0,0.027447392497712716,0.121,0.049,0.31316725978647686,0.2362002567394095,0.0,0.011009174311926606,0.11900000000000001
J2N,0.5558408215661104,0.0,0.4338896020539153,0.010269576379974325,5.9,0.08857509627727857,0.6375321336760925,0.17095115681233933,0.19151670951156813,200066.0,8909.0,4187.0,3894.0,42.3,2.2,0.5994865211810013,0.40051347881899874,0.0,0.163,52527.0,0.004363636363636364,0.222,0.057999999999999996,0.3683463449254791,0.07860262008733625,0.006418485237483954,0.024390243902439025,0.124
J2R,0.6588511137162955,0.0011723329425556857,0.3388042203985932,0.0011723329425556857,6.5,0.054778554778554776,0.5,0.34345794392523366,0.15654205607476634,245370.0,10241.0,4332.0,4264.0,44.6,2.4,0.7668997668997669,0.2331002331002331,0.0,0.077,69632.0,0.009057971014492754,0.146,0.035,0.29988262910798125,0.1256781193490054,0.002333722287047841,0.01633605600933489,0.08900000000000001
J2S,0.210752688172043,0.00967741935483871,0.7774193548387097,0.002150537634408602,5.0,0.04626972740315639,0.6360702760846182,0.23449264969523126,0.1294370742201506,248301.0,29128.0,14953.0,13953.0,48.3,1.9,0.37733142037302725,0.6226685796269728,0.0,0.231,43339.0,0.011389012952210809,0.20800000000000002,0.076,0.42004825619653435,0.16326530612244897,0.007176175098672408,0.02978112665949049,0.125
J2T,0.4351407000686342,0.0006863417982155113,0.5607412491420728,0.0034317089910775567,5.9,0.05425824175824176,0.5824175824175825,0.20810439560439561,0.20947802197802198,229452.0,16309.0,7782.0,7282.0,46.5,2.2,0.6092032967032966,0.3907967032967033,0.0,0.122,57116.0,0.006558641975308642,0.183,0.057,0.36251402918069586,0.13468414779499405,0.004118050789293068,0.019230769230769232,0.11900000000000001
J2W,0.7155493482309124,0.0,0.2704841713221601,0.013966480446927373,7.1,0.03636363636363636,0.2451071761416589,0.4086672879776328,0.3462255358807083,278851.0,28279.0,10865.0,10739.0,40.6,2.6,0.8274253731343284,0.17257462686567165,0.0,0.053,85903.0,0.020924350425385145,0.11199999999999999,0.045,0.2814437555358725,0.23015620019126554,0.0013986013986013986,0.014452214452214453,0.095
J2X,0.6247678018575852,0.0006191950464396285,0.3739938080495356,0.0006191950464396285,6.2,0.04826732673267327,0.5262832405689548,0.23562152133580705,0.23809523809523808,259110.0,19786.0,8274.0,8075.0,41.9,2.4,0.6761609907120743,0.3238390092879257,0.0,0.11599999999999999,64390.0,0.009605829744948658,0.16899999999999998,0.057,0.3372875921769798,0.1451766953199618,0.0024752475247524753,0.024133663366336634,0.121
J2Y,0.7402298850574712,0.0,0.029885057471264367,0.22988505747126436,7.0,0.055299539170506916,0.4528735632183908,0.4160919540229885,0.1310344827586207,259822.0,5672.0,2191.0,2175.0,42.9,2.6,0.9377880184331797,0.06221198156682028,0.0,0.051,78899.0,0.012276785714285714,0.133,0.049,0.2923408845738943,0.1294851794071763,0.0,0.020737327188940093,0.11900000000000001
J3A,0.0880503144654088,0.0,0.9119496855345912,0.0,4.5,0.036610878661087864,0.4660397074190178,0.4503657262277952,0.08359456635318704,219737.0,8455.0,4887.0,4770.0,56.7,1.7,0.24686192468619247,0.7531380753138075,0.0,0.245,38176.0,0.002824858757062147,0.278,0.092,0.49136143745680716,0.1337748344370861,0.0,0.014644351464435146,0.157
J3B,0.3989379356123465,0.009293063391968137,0.5877862595419847,0.003982741453700631,5.6,0.06069651741293532,0.6621307666777299,0.17391304347826086,0.16395618984400928,241095.0,32742.0,15802.0,15067.0,42.2,2.1,0.5061359867330016,0.49386401326699836,0.0,0.16899999999999998,52549.0,0.005991495941244685,0.19,0.068,0.3553423626787058,0.13073394495412843,0.0016589250165892503,0.01956882255389718,0.131
J3E,0.6918210573881609,0.0,0.30772706732941707,0.00045187528242205153,7.1,0.027576853526220614,0.3811030741410488,0.4448462929475588,0.17405063291139242,300433.0,29847.0,11184.0,11064.0,41.8,2.6,0.8377034358047016,0.16229656419529837,0.0,0.042,94515.0,0.03076923076923077,0.095,0.040999999999999995,0.27597263787943566,0.3061941251596424,0.00135623869801085,0.0189873417721519,0.07400000000000001
J3G,0.632438739789965,0.0,0.36406067677946324,0.003500583430571762,6.8,0.04249512670565302,0.5395711500974659,0.2,0.2604288499025341,280079.0,31982.0,13134.0,12856.0,41.5,2.4,0.7668615984405458,0.2331384015594542,0.0,0.066,79329.0,0.016649746192893403,0.129,0.045,0.30025747672806496,0.2428486293206198,0.0023391812865497076,0.019103313840155945,0.107
J3H,0.6918576304241834,0.0,0.3081423695758167,0.0,7.3,0.042759961127308066,0.3883211678832117,0.34014598540145985,0.27153284671532846,301023.0,25815.0,10477.0,10259.0,43.8,2.5,0.8366553232863393,0.16334467671366068,0.0,0.062,89759.0,0.04311649016641452,0.099,0.043,0.3147564817058396,0.36596055514974435,0.0009722897423432182,0.0106951871657754,0.1
J3L,0.6334131417930301,0.0,0.3663208300079808,0.00026602819898909286,6.9,0.04203245544027667,0.3596701250332535,0.3085927108273477,0.3317371641393988,299971.0,48606.0,19394.0,18798.0,39.0,2.5,0.7864361702127659,0.21356382978723404,0.0,0.067,83206.0,0.02378673957621326,0.113,0.04,0.2716342977936319,0.25535915757803684,0.003723404255319149,0.01675531914893617,0.11199999999999999
J3M,0.5051194539249146,0.0,0.47667804323094426,0.01820250284414107,6.2,0.053469852104664393,0.46810933940774485,0.18109339407744876,0.35079726651480636,235370.0,10751.0,4529.0,4398.0,38.1,2.4,0.6840909090909091,0.3159090909090909,0.0,0.096,66150.0,0.004947433518862091,0.157,0.047,0.27934978928356413,0.13984835720303285,0.0034129692832764505,0.023890784982935155,0.115
J3N,0.7021110242376857,0.0,0.2689601250977326,0.028928850664581705,7.1,0.04225352112676056,0.3393275996872557,0.33541829554339325,0.32525410476935107,290301.0,17059.0,6447.0,6391.0,39.4,2.6,0.8764659890539483,0.1235340109460516,0.0,0.046,92224.0,0.022099447513812154,0.1,0.045,0.2504736642667677,0.31939978563772775,0.0,0.010954616588419406,0.1
J3P,0.5562130177514792,0.00507185122569738,0.43660185967878273,0.002113271344040575,5.7,0.04715789473684211,0.6797138047138047,0.19654882154882156,0.12373737373737374,174970.0,24977.0,12623.0,11834.0,53.3,2.0,0.6202105263157894,0.3797894736842105,0.0,0.174,50230.0,0.008080313418217433,0.212,0.07400000000000001,0.47477391718229417,0.11255924170616113,0.0025263157894736842,0.013888888888888888,0.102
J3R,0.5284552845528455,0.012564671101256468,0.4575018477457502,0.0014781966001478197,5.9,0.05812220566318927,0.6671630677587491,0.21295606850335072,0.11988086373790022,174240.0,14199.0,7110.0,6761.0,50.2,2.0,0.6289120715350224,0.3710879284649776,0.0,0.17600000000000002,52913.0,0.010831889081455806,0.191,0.09300000000000001,0.44735729386892176,0.13851351351351351,0.0029806259314456036,0.01713859910581222,0.113
J3T,0.5811001410437235,0.0,0.40479548660084624,0.014104372355430184,6.0,0.04936530324400564,0.5619718309859155,0.252112676056338,0.18591549295774648,160658.0,8169.0,3751.0,3546.0,50.8,2.1,0.6488011283497884,0.3511988716502116,0.0,0.152,54528.0,0.010425020048115477,0.185,0.047,0.38636363636363635,0.1707920792079208,0.0028208744710860366,0.00846262341325811,0.079
J3V,0.7224691358024692,0.013827160493827161,0.2632098765432099,0.0004938271604938272,7.6,0.06564659427443238,0.6426456071076012,0.21767028627838106,0.13968410661401776,349711.0,25953.0,10298.0,10124.0,45.9,2.5,0.866238894373149,0.13376110562685095,0.0,0.044000000000000004,98521.0,0.06047889410022217,0.095,0.047,0.36251482799525503,0.46585557299843017,0.0024679170779861796,0.009382716049382716,0.086
J3X,0.6307409675443968,0.0,0.36864666258420087,0.000612369871402327,6.9,0.029411764705882353,0.3104294478527607,0.5368098159509203,0.15276073619631902,299844.0,21257.0,8315.0,8161.0,41.1,2.6,0.8033088235294118,0.19669117647058823,0.0,0.05,90315.0,0.025500910746812388,0.09699999999999999,0.039,0.26746565331774336,0.25116872078198044,0.001838235294117647,0.012254901960784314,0.08199999999999999
J3Y,0.5750503018108651,0.008048289738430584,0.39959758551307845,0.017303822937625755,6.3,0.049698189134808855,0.4788732394366197,0.31327967806841045,0.20784708249496983,259586.0,61954.0,25316.0,24853.0,41.6,2.5,0.7967806841046278,0.20321931589537223,0.0,0.079,74552.0,0.009893992932862191,0.141,0.057,0.31679797685050093,0.2259837962962963,0.007443170388251861,0.032796780684104625,0.115
J3Z,0.8870431893687708,0.0,0.11295681063122924,0.0,7.8,0.03934426229508197,0.11513157894736842,0.4769736842105263,0.40789473684210525,348413.0,4863.0,1521.0,1507.0,36.6,3.2,0.9475409836065574,0.05245901639344262,0.0,0.032,114716.0,0.018335684062059238,0.086,0.057999999999999996,0.208955223880597,0.3562386980108499,0.0,0.022950819672131147,0.1
J4B,0.6014213799230086,0.013621557595498964,0.3849570624814925,0.0,7.2,0.043516873889875664,0.48859934853420195,0.29819366301450995,0.21320698845128813,349382.0,41671.0,17134.0,16888.0,47.4,2.4,0.8567199526346951,0.14328004736530492,0.0,0.043,97401.0,0.0595292331055429,0.09,0.043,0.3527683947716258,0.4599905303030303,0.0017767249037607344,0.008880994671403197,0.075
J4G,0.2950276243093923,0.0,0.7049723756906078,0.0,5.7,0.051991150442477874,0.3473451327433628,0.629424778761062,0.023230088495575223,309895.0,9875.0,4653.0,4527.0,45.8,2.1,0.5685840707964602,0.4314159292035398,0.0,0.099,67635.0,0.03366583541147132,0.106,0.055,0.31696969696969696,0.3477112676056338,0.0022123893805309734,0.023230088495575223,0.113
J4H,0.15374677002583978,0.22545219638242894,0.6208010335917312,0.0,4.9,0.07156798959011061,0.7867360208062418,0.14369310793237972,0.06957087126137841,350030.0,15144.0,8222.0,7740.0,49.2,1.8,0.3810143042912874,0.6189856957087126,0.0,0.184,51363.0,0.0215142738932561,0.161,0.07,0.41514041514041516,0.4064558629776021,0.005855562784645413,0.03513337670787248,0.152
J4J,0.193006993006993,0.0073426573426573424,0.7993006993006992,0.00034965034965034965,4.8,0.07590066456803078,0.7440559440559441,0.1839160839160839,0.07202797202797202,286366.0,29492.0,15261.0,14301.0,39.8,2.1,0.31829310947883876,0.6817068905211613,0.0,0.22,46729.0,0.010212588578574405,0.2,0.09300000000000001,0.38164544168182735,0.22225563909774437,0.010846745976207137,0.049667715984610006,0.155
J4K,0.1494661921708185,0.1383946223803875,0.712139185448794,0.0,4.6,0.09644268774703557,0.7279557137208382,0.17042309213127718,0.10162119414788454,269317.0,25903.0,13723.0,12646.0,38.8,2.0,0.3221343873517787,0.6778656126482213,0.0,0.228,46046.0,0.0049881235154394295,0.2,0.099,0.3686741470116785,0.25,0.019762845849802372,0.060102807433768286,0.204
J4L,0.2363356428021555,0.012702078521939953,0.7509622786759046,0.0,5.3,0.07784200385356455,0.7281478629187524,0.22333461686561418,0.04851752021563342,264999.0,30266.0,13883.0,12993.0,41.4,2.3,0.4302773497688752,0.5697226502311248,0.0,0.19,53429.0,0.004685835995740149,0.205,0.084,0.3801398026315789,0.18905316137150047,0.01848998459167951,0.05394990366088632,0.135
J4M,0.5476439790575917,0.0,0.4523560209424084,0.0,6.7,0.038865546218487396,0.4065126050420168,0.4411764705882353,0.15231092436974789,300572.0,13048.0,4884.0,4776.0,43.7,2.6,0.842436974789916,0.15756302521008403,0.0,0.063,88320.0,0.02047082906857728,0.11599999999999999,0.05,0.3328416912487709,0.3504775900073475,0.008403361344537815,0.031545741324921134,0.079
J4N,0.23154362416107382,0.012304250559284116,0.756152125279642,0.0,5.4,0.017758046614872364,0.06777777777777778,0.2611111111111111,0.6711111111111111,300584.0,9876.0,4638.0,4466.0,52.1,2.0,0.7760532150776053,0.22394678492239467,0.0,0.062,76595.0,0.06323337679269883,0.09300000000000001,0.042,0.3697585768742058,0.466,0.0,0.008869179600886918,0.14
J4P,0.22902270483711748,0.22902270483711748,0.5419545903257651,0.0,5.6,0.08919722497522299,0.8219584569732937,0.11374876360039565,0.06429277942631058,484049.0,10798.0,5528.0,5061.0,48.3,2.0,0.49950445986124875,0.5004955401387512,0.0,0.128,65328.0,0.07249850209706411,0.10099999999999999,0.07200000000000001,0.37514450867052024,0.5103578154425612,0.0019821605550049554,0.024777006937561942,0.153
J4R,0.3057395143487859,0.0695364238410596,0.6247240618101545,0.0,5.8,0.0932297447280799,0.7288888888888889,0.19111111111111112,0.08,401161.0,9982.0,4813.0,4527.0,46.9,2.1,0.5554323725055432,0.4445676274944568,0.0,0.132,62694.0,0.07436399217221135,0.099,0.063,0.397068196303378,0.448024948024948,0.003329633740288568,0.022172949002217297,0.14
J4S,0.25496688741721857,0.15728476821192053,0.5877483443708609,0.0,5.8,0.076158940397351,0.5920398009950248,0.3814262023217247,0.026533996683250415,349580.0,6155.0,3155.0,3022.0,50.2,2.0,0.6965174129353234,0.3034825870646766,0.0,0.11199999999999999,73879.0,0.09072781655034895,0.102,0.086,0.4497098646034816,0.6031746031746031,0.011589403973509934,0.02152317880794702,0.11599999999999999
J4T,0.31855604813172894,0.0006333122229259025,0.6801773274224192,0.0006333122229259025,5.2,0.08259773013871374,0.6666666666666666,0.2438563327032136,0.08947700063011972,250165.0,17836.0,8275.0,7894.0,40.6,2.2,0.4609079445145019,0.5390920554854981,0.0,0.174,51986.0,0.0021119324181626186,0.205,0.085,0.35388283378746593,0.1306532663316583,0.011349306431273645,0.04981084489281211,0.162
J4V,0.40014114326040934,0.028228652081863093,0.570924488355681,0.0007057163020465773,5.8,0.08842105263157894,0.7870695713281799,0.15881939564300773,0.054111033028812365,278610.0,16543.0,7379.0,7079.0,42.9,2.3,0.6203508771929824,0.37964912280701757,0.0,0.155,60952.0,0.008738601823708206,0.175,0.075,0.37852494577006507,0.2887760857304005,0.016151685393258428,0.047017543859649125,0.126
J4W,0.38308115543328747,0.08253094910591471,0.5343878954607978,0.0,6.0,0.0718232044198895,0.6919889502762431,0.20096685082872928,0.10704419889502763,280573.0,18319.0,7506.0,7264.0,43.2,2.5,0.6765722183828611,0.3234277816171389,0.0,0.156,63555.0,0.011182649949169773,0.18100000000000002,0.09,0.4007161458333333,0.3194297782470961,0.020718232044198894,0.06353591160220995,0.135
J4X,0.5083207261724659,0.17851739788199697,0.31316187594553707,0.0,6.9,0.06108597285067873,0.16654107008289373,0.5651846269781462,0.26827430293896004,400644.0,17657.0,6752.0,6615.0,51.6,2.5,0.8485305199698568,0.15146948003014318,0.0,0.096,84273.0,0.04580965909090909,0.121,0.067,0.432866416125726,0.4958133971291866,0.006028636021100226,0.02562170308967596,0.16899999999999998
J4Y,0.4376088218224028,0.03424260011607661,0.5275681950087058,0.0005803830528148578,6.4,0.03955788248981966,0.33973240255962767,0.22164048865619546,0.4386271087841768,340094.0,23179.0,8867.0,8612.0,41.3,2.6,0.8087209302325581,0.19127906976744186,0.0,0.099,81948.0,0.031347077096865295,0.11199999999999999,0.068,0.3378524945770065,0.45700444085587405,0.012216404886561954,0.03606748109365911,0.158
J4Z,0.35949837436135623,0.039479795633999074,0.6010218300046447,0.0,5.6,0.061167747914735865,0.5206113941639648,0.11208893006021306,0.3672996757758221,264222.0,26576.0,11130.0,10771.0,38.3,2.5,0.6771653543307087,0.3228346456692913,0.0,0.132,65617.0,0.012470023980815348,0.154,0.075,0.3385536619069553,0.329190460194827,0.020379805465493284,0.05329008341056534,0.156
J5A,0.6805349182763745,0.0,0.316988608221892,0.0024764735017335313,6.7,0.04013875123885035,0.28889990089197226,0.4568880079286422,0.25421209117938554,278561.0,27312.0,10263.0,10093.0,38.8,2.7,0.8152550767706785,0.18474492322932146,0.0,0.055,86639.0,0.01028708133971292,0.12,0.047,0.2578717536198575,0.19388418998048146,0.00396235760277365,0.022288261515601784,0.099
J5B,0.6897746967071057,0.0,0.30849220103986136,0.0017331022530329288,6.9,0.036395147313691506,0.5190311418685121,0.3391003460207612,0.14186851211072665,259298.0,7443.0,2943.0,2880.0,39.9,2.6,0.8055555555555556,0.19444444444444445,0.0,0.063,80823.0,0.007792207792207792,0.138,0.051,0.286783042394015,0.18469015795868773,0.005199306759098787,0.019064124783362217,0.09699999999999999
J5C,0.5677276091783864,0.02146558105107328,0.41080680977054035,0.0,6.2,0.04071058475203553,0.28814814814814815,0.5414814814814815,0.17037037037037037,250596.0,17047.0,6845.0,6751.0,41.9,2.5,0.7613046701260193,0.23869532987398073,0.0,0.07,76090.0,0.009025949605114705,0.133,0.052000000000000005,0.2783803326102675,0.15734448510193413,0.005185185185185185,0.02072538860103627,0.1
J5J,0.7807228915662651,0.0,0.21927710843373494,0.0,6.2,0.05943775100401606,0.3330658105939005,0.19181380417335472,0.4751203852327448,228873.0,15690.0,6578.0,6225.0,37.0,2.5,0.8104417670682731,0.1895582329317269,0.0,0.115,66566.0,0.0033444816053511705,0.165,0.064,0.26696284329563813,0.08591625883632409,0.004016064257028112,0.023293172690763052,0.17300000000000001
J5K,0.8590604026845637,0.0,0.1342281879194631,0.006711409395973154,6.8,0.04114189756507137,0.18288590604026847,0.3104026845637584,0.5067114093959731,259354.0,16019.0,6200.0,5954.0,36.7,2.7,0.8790931989924433,0.12090680100755667,0.0,0.077,81141.0,0.010160880609652836,0.129,0.063,0.24055262088581877,0.1424,0.0033585222502099076,0.026028547439126783,0.142
J5L,0.6763794172349659,0.0,0.3236205827650341,0.0,6.6,0.03600248292985723,0.22022332506203474,0.36786600496277916,0.4119106699751861,250097.0,20067.0,8383.0,8067.0,39.4,2.5,0.792675356921167,0.20732464307883303,0.0,0.078,76410.0,0.012767315671879987,0.133,0.054000000000000006,0.2957354758961681,0.16119141480508103,0.0031036623215394167,0.018001241464928614,0.136
J5M,0.7233910891089109,0.0,0.2561881188118812,0.02042079207920792,6.0,0.052664188351920695,0.30030959752321984,0.2582043343653251,0.44148606811145513,200185.0,20788.0,8360.0,8074.0,35.2,2.6,0.7430340557275542,0.25696594427244585,0.0,0.141,61635.0,0.0032216494845360823,0.209,0.075,0.31394989174141663,0.04541522491349481,0.006811145510835914,0.0346749226006192,0.166
J5R,0.5822640433418876,0.01996007984031936,0.39749073282007413,0.00028514399771884804,6.9,0.0450656018254421,0.3256344453949244,0.33475905332192757,0.339606501283148,340734.0,45157.0,17872.0,17529.0,40.4,2.6,0.7829435253850542,0.21705647461494582,0.0,0.063,89731.0,0.04970674486803519,0.092,0.048,0.2896920264379131,0.38861487875051376,0.002852253280091272,0.016828294352538506,0.105
J5T,0.7728971962616823,0.0,0.20841121495327103,0.018691588785046728,6.4,0.0457516339869281,0.2679738562091503,0.4444444444444444,0.2875816993464052,214073.0,13657.0,5507.0,5351.0,39.1,2.5,0.7917833800186741,0.20821661998132587,0.0,0.11,68454.0,0.006676204101096805,0.17600000000000002,0.078,0.33879781420765026,0.0771789753825682,0.003738317757009346,0.020560747663551402,0.132
J5V,0.48011363636363635,0.0,0.5184659090909091,0.0014204545454545455,5.4,0.048295454545454544,0.6638176638176638,0.25213675213675213,0.08404558404558404,149855.0,7152.0,3704.0,3519.0,55.3,1.9,0.5298295454545454,0.47017045454545453,0.0,0.248,39186.0,0.005988023952095809,0.284,0.077,0.47983193277310926,0.08262108262108261,0.002840909090909091,0.018465909090909092,0.12
J5W,0.5993117010816126,0.0,0.3815142576204523,0.019174041297935103,6.4,0.03883972468043265,0.352015732546706,0.3053097345132743,0.34267453294001965,240100.0,25868.0,10426.0,10171.0,39.0,2.5,0.744963144963145,0.255036855036855,0.0,0.09,73897.0,0.012693577050012693,0.149,0.059000000000000004,0.303955078125,0.1542816702052371,0.006391347099311701,0.025565388397246803,0.12300000000000001
J5X,0.6229749631811488,0.0,0.37702503681885124,0.0,6.2,0.06323529411764706,0.43004418262150224,0.28865979381443296,0.2812960235640648,224479.0,8693.0,3564.0,3398.0,38.0,2.5,0.6995581737849779,0.3004418262150221,0.0,0.152,63392.0,0.004626060138781804,0.18,0.059000000000000004,0.32619926199261995,0.1148577449947313,0.0029455081001472753,0.033823529411764704,0.153
J5Y,0.6745043798985708,0.009220839096357769,0.31581373905025356,0.0004610419548178884,6.8,0.02440147329650092,0.12839392544868844,0.5025310630464795,0.369075011504832,280244.0,29382.0,10965.0,10840.0,40.0,2.7,0.8517495395948435,0.14825046040515655,0.0,0.053,89408.0,0.02214765100671141,0.115,0.046,0.2982493595217763,0.218759642085776,0.006445672191528545,0.02578268876611418,0.122
J5Z,0.4991047448522829,0.005819158460161146,0.495076096687556,0.0,6.0,0.03577817531305903,0.34033989266547404,0.39892665474060823,0.2607334525939177,244751.0,27327.0,11365.0,11177.0,41.9,2.4,0.7364653243847875,0.26353467561521254,0.0,0.081,72442.0,0.00856283267762092,0.147,0.063,0.3091594588600577,0.1397179403082978,0.001788109074653554,0.02101967799642218,0.111
J6A,0.5955571227080395,0.06770098730606489,0.33497884344146683,0.001763046544428773,6.4,0.05263157894736842,0.644648534086895,0.2797598021900389,0.07559166372306605,259087.0,33489.0,14508.0,14182.0,50.3,2.3,0.7248322147651006,0.2751677852348993,0.0,0.087,69089.0,0.01762114537444934,0.16899999999999998,0.061,0.4211367673179396,0.18518518518518517,0.0035323207347227126,0.016955139526669022,0.11
J6E,0.42553716967152383,0.007409236848604593,0.5663126697950112,0.0007409236848604594,5.6,0.04271604938271605,0.48728708960750433,0.27622809182917796,0.2364848185633177,200528.0,43876.0,21064.0,20240.0,49.6,2.0,0.5123456790123457,0.4876543209876543,0.0,0.195,49032.0,0.011868577218121292,0.21,0.084,0.4488277411203145,0.1843807763401109,0.004197530864197531,0.023703703703703703,0.098
J6J,0.6393008474576272,0.0,0.3606991525423729,0.0,6.4,0.059227921734531994,0.6273784355179705,0.20983086680761098,0.16279069767441862,245521.0,23457.0,9750.0,9446.0,42.6,2.5,0.7210164107993647,0.27898358920063526,0.0,0.129,63469.0,0.009241641750475673,0.177,0.083,0.3749352667011911,0.18011409942950285,0.006874669487043892,0.028027498677948175,0.157
J6K,0.6802139037433155,0.0074866310160427805,0.3122994652406417,0.0,6.4,0.057754010695187166,0.5454545454545454,0.20748663101604278,0.24705882352941178,230022.0,24449.0,9616.0,9352.0,42.1,2.6,0.7838416265382557,0.21615837346174424,0.0,0.11,68898.0,0.006174496644295302,0.17800000000000002,0.084,0.3636831275720165,0.1685126582278481,0.006955591225254147,0.027807486631016044,0.162
J6N,0.5787139689578714,0.0,0.4028085735402809,0.018477457501847747,5.9,0.06577974870657798,0.6186252771618626,0.20842572062084258,0.1729490022172949,224533.0,15189.0,7118.0,6765.0,46.4,2.2,0.6696230598669624,0.3303769401330377,0.0,0.131,58537.0,0.011793411956079707,0.18,0.07200000000000001,0.3783570300157978,0.1267957526545909,0.0029563932002956393,0.020710059171597635,0.139
J6R,0.7582644628099173,0.0,0.24173553719008264,0.0,6.9,0.03925619834710744,0.3640124095139607,0.30920372285418823,0.3267838676318511,259775.0,13115.0,4932.0,4839.0,38.5,2.7,0.8543388429752066,0.14566115702479338,0.0,0.059000000000000004,83872.0,0.013078470824949699,0.134,0.05,0.3050602409638554,0.1840974212034384,0.002066115702479339,0.009307135470527405,0.10300000000000001
J6S,0.4886255924170616,0.00047393364928909954,0.5099526066350711,0.0009478672985781991,5.8,0.06537186167693036,0.6232844297207761,0.23284429720776148,0.14387127307146239,200199.0,23518.0,10934.0,10553.0,49.0,2.1,0.6160037878787878,0.3839962121212121,0.0,0.16399999999999998,52693.0,0.0053792361484669175,0.205,0.07400000000000001,0.39644815878819534,0.09825870646766169,0.004261363636363636,0.02462121212121212,0.14
J6T,0.4448574969021066,0.0,0.5551425030978935,0.0,5.6,0.06261624302541847,0.7038413878562577,0.1852540272614622,0.11090458488228006,199755.0,17227.0,8422.0,8070.0,47.2,2.1,0.5198511166253101,0.4801488833746898,0.0,0.196,48751.0,0.0061283345349675555,0.22399999999999998,0.095,0.4417220861043052,0.10265087422447829,0.0043397396156230625,0.02851828890266584,0.12300000000000001
J6V,0.6332970620239391,0.1044613710554951,0.2535364526659412,0.008705114254624592,6.6,0.01950162513542795,0.16268980477223427,0.31019522776572667,0.527114967462039,300006.0,12315.0,4679.0,4591.0,40.5,2.7,0.9079089924160346,0.09209100758396534,0.0,0.046,94545.0,0.02546419098143236,0.1,0.049,0.27530364372469635,0.2581792318634424,0.004329004329004329,0.018418201516793065,0.11800000000000001
J6W,0.5287878787878788,0.0,0.4712121212121212,0.0,6.1,0.046229632436528986,0.45926487305797653,0.34444865479348236,0.1962864721485411,265259.0,32007.0,13486.0,13207.0,41.8,2.4,0.6574460022735885,0.34255399772641154,0.0,0.10800000000000001,67483.0,0.014492753623188406,0.15,0.059000000000000004,0.3323164918970448,0.17638483965014579,0.006065200909780136,0.02843062926459439,0.129
J6X,0.6853025936599424,0.0005763688760806917,0.2985590778097983,0.015561959654178675,6.7,0.03168202764976959,0.25906735751295334,0.5734024179620034,0.16753022452504318,259501.0,23026.0,8766.0,8676.0,41.3,2.6,0.8094415659182499,0.19055843408175013,0.0,0.067,83248.0,0.015088013411567477,0.127,0.061,0.273650454302512,0.16049382716049382,0.004605641911341394,0.025331030512377662,0.105
J6Y,0.8431665421956684,0.0,0.15608663181478716,0.0007468259895444362,7.2,0.03218562874251497,0.2161555721765146,0.23036649214659685,0.5534779356768885,314543.0,19967.0,6857.0,6693.0,36.5,3.0,0.9086142322097378,0.09138576779026217,0.0,0.059000000000000004,94996.0,0.019907571987202274,0.11,0.049,0.248381601362862,0.22288602941176472,0.0037425149700598802,0.02397003745318352,0.142
J6Z,0.6882673942701227,0.0,0.3117326057298772,0.0,7.1,0.046353101567825496,0.4583901773533424,0.3226466575716235,0.2189631650750341,299346.0,18958.0,7476.0,7333.0,41.9,2.6,0.8445807770961146,0.1554192229038855,0.0,0.071,84647.0,0.04258943781942078,0.095,0.055,0.3010403120936281,0.3045366795366795,0.0027266530334014998,0.014996591683708248,0.12300000000000001
J7A,0.8237585199610516,0.0009737098344693282,0.17526777020447906,0.0,7.9,0.04678362573099415,0.4317738791423002,0.4239766081871345,0.1442495126705653,400715.0,14083.0,5216.0,5130.0,46.0,2.7,0.8792599805258033,0.12074001947419669,0.0,0.055,103424.0,0.06097560975609756,0.08900000000000001,0.054000000000000006,0.32929467762873216,0.40415224913494807,0.001949317738791423,0.016569200779727095,0.098
J7B,0.8902147971360382,0.045346062052505964,0.06443914081145585,0.0,8.5,0.025089605734767026,0.045346062052505964,0.47494033412887826,0.4797136038186158,450439.0,13029.0,4253.0,4191.0,41.9,3.0,0.8864994026284349,0.1135005973715651,0.0,0.04,131371.0,0.10515247108307045,0.054000000000000006,0.048,0.26279527559055116,0.41889880952380953,0.0,0.007168458781362007,0.106
J7C,0.6176376950015918,0.0019102196752626551,0.37472142629735755,0.0057306590257879654,6.8,0.035623409669211195,0.23751987281399045,0.3726550079491256,0.38982511923688395,288779.0,41925.0,16024.0,15702.0,39.2,2.7,0.7887368755965638,0.2112631244034362,0.0,0.066,84067.0,0.024493641073951956,0.11,0.051,0.26938653067346635,0.23299503347009284,0.003816793893129771,0.021310432569974554,0.11199999999999999
J7E,0.3191648023862789,0.03691275167785235,0.6439224459358688,0.0,5.5,0.05468164794007491,0.5131086142322098,0.30337078651685395,0.18352059925093633,275944.0,30476.0,13875.0,13411.0,43.7,2.2,0.5041198501872659,0.4958801498127341,0.0,0.151,55921.0,0.016347601634760164,0.171,0.065,0.369814467375443,0.19675389201722424,0.013857677902621723,0.03258426966292135,0.16399999999999998
J7G,0.5332856120257695,0.0007158196134574087,0.4659985683607731,0.0,6.5,0.06523297491039426,0.4619799139167862,0.4770444763271162,0.06097560975609756,280013.0,17218.0,7108.0,6981.0,41.7,2.5,0.7041547277936963,0.29584527220630374,0.0,0.085,73206.0,0.017985611510791366,0.124,0.065,0.28492392807745504,0.20031217481789804,0.0028653295128939827,0.023655913978494623,0.106
J7H,0.4818181818181818,0.0,0.5181818181818182,0.0,6.2,0.044563279857397504,0.20535714285714285,0.6,0.19464285714285715,290529.0,6982.0,2823.0,2748.0,36.8,2.5,0.6559714795008913,0.34402852049910876,0.0,0.073,81920.0,0.019963702359346643,0.10300000000000001,0.049,0.2408198121263877,0.21464019851116625,0.014285714285714285,0.03208556149732621,0.10099999999999999
J7J,0.5164113785557987,0.0010940919037199124,0.4824945295404814,0.0,6.2,0.03384279475982533,0.17695248498088476,0.292190060076461,0.5308574549426542,299720.0,23008.0,9473.0,9142.0,36.6,2.5,0.6730349344978166,0.3269650655021834,0.0,0.079,77312.0,0.010866456963111238,0.124,0.045,0.2419753086419753,0.1657754010695187,0.0027292576419213972,0.026200873362445413,0.115
J7K,0.5613519470977223,0.0003673769287288758,0.43828067597354886,0.0,6.2,0.03232916972814107,0.2570694087403599,0.2390745501285347,0.5038560411311054,250630.0,34964.0,13932.0,13611.0,38.2,2.5,0.7767168564083731,0.22328314359162688,0.0,0.068,77601.0,0.009392371094498754,0.133,0.047,0.27601476014760146,0.16897001303780965,0.004041146216017634,0.02570694087403599,0.131
J7L,0.8076923076923077,0.0,0.19230769230769232,0.0,7.1,0.060676779463243874,0.493006993006993,0.23076923076923078,0.2762237762237762,259557.0,11728.0,4390.0,4289.0,40.3,2.7,0.8541423570595099,0.14585764294049008,0.0,0.067,80913.0,0.014325068870523415,0.138,0.054000000000000006,0.28187565858798735,0.1443932411674347,0.002331002331002331,0.018648018648018648,0.145
J7M,0.6767266395821242,0.0005803830528148578,0.3006384213580963,0.022054556006964595,6.4,0.04355400696864112,0.16144018583042974,0.41579558652729387,0.42276422764227645,225076.0,24207.0,8815.0,8615.0,35.6,2.8,0.8310104529616724,0.16898954703832753,0.0,0.091,73524.0,0.003388873199661113,0.16699999999999998,0.08,0.26987110633727174,0.08557548579970105,0.005226480836236934,0.0429732868757259,0.157
J7N,0.6798664122137404,0.004770992366412214,0.31536259541984735,0.0,6.4,0.03730272596843615,0.23529411764705882,0.25251076040172166,0.5121951219512195,250875.0,27495.0,10912.0,10481.0,35.1,2.6,0.7392344497607656,0.2607655502392344,0.0,0.086,75027.0,0.009364218827008379,0.136,0.05,0.24862670169572487,0.13465346534653466,0.005263157894736842,0.019617224880382776,0.111
J7P,0.533806146572104,0.0018912529550827422,0.46430260047281324,0.0,6.1,0.052432687765706185,0.5451110061407652,0.24846480869154464,0.20642418516769012,250396.0,24790.0,10839.0,10582.0,43.6,2.3,0.7006610009442871,0.29933899905571293,0.0,0.10099999999999999,66086.0,0.01180607887465461,0.162,0.07200000000000001,0.3446601941747573,0.15915020499440924,0.006613131790269249,0.02834199338686821,0.115
J7R,0.5659488559892328,0.025908479138627188,0.4078061911170929,0.00033647375504710633,6.2,0.058229552339279705,0.4560753954897341,0.40861662739818244,0.13530797711208348,250348.0,36714.0,15143.0,14858.0,42.1,2.4,0.7068327162571525,0.2931672837428475,0.0,0.10099999999999999,71321.0,0.012775638781939097,0.142,0.063,0.3156391735259533,0.2065950537097177,0.003702457085156513,0.024234264557388085,0.106
J7T,0.8991462113127001,0.0,0.09178228388473852,0.009071504802561366,7.7,0.042689434364994665,0.23425827107790823,0.40928495197438636,0.35645677694770544,348456.0,26699.0,9534.0,9372.0,40.6,2.8,0.9146666666666666,0.08533333333333333,0.0,0.055999999999999994,98387.0,0.03975993998499625,0.09300000000000001,0.048,0.2572584483579248,0.27244793444861726,0.0010672358591248667,0.0144076840981857,0.11900000000000001
J7V,0.627527858027239,0.009492364836978951,0.36132893107717706,0.0016508460586050352,6.4,0.04539826661163846,0.33030553261767137,0.3028488852188274,0.3668455821635012,296450.0,63003.0,24931.0,24236.0,39.9,2.5,0.7944696657036732,0.20553033429632686,0.0,0.076,77957.0,0.019289878113407526,0.12,0.053,0.28136766052711915,0.2602107086159619,0.00990507635163021,0.031159719356170037,0.142
J7W,0.7068493150684931,0.0,0.29041095890410956,0.0027397260273972603,6.9,0.04296160877513711,0.46526508226691043,0.17824497257769653,0.35648994515539306,269804.0,14558.0,5556.0,5471.0,40.5,2.6,0.8802559414990859,0.11974405850091407,0.0,0.063,81894.0,0.016659162539396668,0.126,0.067,0.30129310344827587,0.2697704081632653,0.007312614259597806,0.014625228519195612,0.129
J7X,0.4920273348519362,0.0,0.5056947608200456,0.002277904328018223,6.1,0.05,0.3097949886104784,0.214123006833713,0.4760820045558087,224653.0,5368.0,2285.0,2200.0,37.0,2.4,0.6863636363636364,0.31363636363636366,0.0,0.092,67677.0,0.004968944099378882,0.152,0.054000000000000006,0.2682634730538922,0.1265164644714038,0.004545454545454545,0.022727272727272728,0.10300000000000001
J7Y,0.2871244635193133,0.01201716738197425,0.7004291845493562,0.00042918454935622315,5.1,0.04383326171035668,0.41323024054982815,0.26718213058419243,0.31958762886597936,205276.0,24934.0,12233.0,11646.0,47.0,2.0,0.4884020618556701,0.5115979381443299,0.0,0.19399999999999998,47522.0,0.006910673150755055,0.222,0.078,0.41415399950161974,0.11326078194276501,0.003436426116838488,0.0313573883161512,0.17300000000000001
J7Z,0.2988876928597058,0.07355579476139218,0.6271977036239684,0.0003588087549336204,5.1,0.057726783793474366,0.5396199354607386,0.29544639655790605,0.16493366798135534,200471.0,29351.0,14702.0,13931.0,47.8,2.0,0.45141627823592684,0.5485837217640731,0.0,0.23,43734.0,0.004291845493562232,0.242,0.087,0.4336116910229645,0.10061601642710473,0.005017921146953405,0.03333333333333333,0.16399999999999998
J8A,0.9066002490660025,0.0012453300124533001,0.0896637608966376,0.0024906600249066002,6.3,0.06991260923845194,0.4688279301745636,0.18952618453865336,0.341645885286783,249981.0,9113.0,5073.0,4007.0,44.5,2.3,0.850187265917603,0.149812734082397,0.0,0.113,67005.0,0.016107382550335572,0.14300000000000002,0.07400000000000001,0.3194263363754889,0.15123739688359303,0.0,0.02247191011235955,0.15
J8B,0.5863166268894192,0.0,0.411296738265712,0.002386634844868735,6.0,0.07159904534606205,0.46459824980111375,0.27048528241845665,0.2649164677804296,250115.0,12919.0,7602.0,6283.0,52.2,2.0,0.6878980891719745,0.31210191082802546,0.0,0.174,54127.0,0.017757009345794394,0.18100000000000002,0.077,0.40664845173041897,0.2264957264957265,0.002386634844868735,0.018312101910828025,0.201
J8C,0.519364448857994,0.0,0.4726911618669315,0.007944389275074478,5.7,0.06045589692765114,0.5847373637264618,0.22001982160555006,0.1952428146679881,200650.0,10559.0,6798.0,5040.0,52.6,2.0,0.6128712871287129,0.38712871287128714,0.0,0.221,45568.0,0.01216685979142526,0.21899999999999997,0.08800000000000001,0.4384571752694271,0.14020427112349118,0.0029702970297029703,0.02277227722772277,0.191
J8E,0.5366120218579234,0.001092896174863388,0.4426229508196721,0.019672131147540985,5.9,0.05245901639344262,0.3923497267759563,0.2786885245901639,0.3289617486338798,250058.0,9687.0,8149.0,4574.0,50.4,2.0,0.639344262295082,0.36065573770491804,0.0,0.149,51866.0,0.020741671904462602,0.174,0.096,0.38413878562577447,0.18693467336683417,0.002185792349726776,0.01639344262295082,0.16
J8G,0.8151862464183381,0.0,0.166189111747851,0.01862464183381089,6.3,0.10300429184549356,0.6738505747126436,0.1896551724137931,0.13649425287356323,179291.0,7849.0,4895.0,3488.0,48.9,2.2,0.7736389684813754,0.22636103151862463,0.0,0.175,53024.0,0.006269592476489028,0.215,0.098,0.40499621498864496,0.09718969555035128,0.002861230329041488,0.01859799713876967,0.14300000000000002
J8H,0.5372093023255814,0.0,0.462015503875969,0.0007751937984496124,5.6,0.07413127413127413,0.6200772200772201,0.1667953667953668,0.21312741312741312,199760.0,13810.0,7522.0,6454.0,49.9,2.1,0.5505791505791506,0.4494208494208494,0.0,0.235,45613.0,0.008976660682226212,0.243,0.065,0.46200607902735563,0.09810791871058164,0.0030911901081916537,0.037065637065637064,0.142
J8L,0.6041131105398457,0.0,0.39331619537275064,0.002570694087403599,6.4,0.061053984575835475,0.4222365038560411,0.3560411311053985,0.2217223650385604,224656.0,18626.0,8408.0,7775.0,43.0,2.4,0.7189710610932476,0.2810289389067524,0.0,0.136,65612.0,0.00786862812179268,0.166,0.055,0.37495881383855023,0.14960629921259844,0.0038560411311053984,0.02956298200514139,0.12
J8M,0.4559841740850643,0.0,0.5420375865479723,0.0019782393669634025,6.5,0.04451038575667656,0.25867195242814667,0.4370664023785927,0.30426164519326065,200347.0,12981.0,5168.0,5058.0,34.8,2.6,0.7445544554455445,0.25544554455445545,0.0,0.092,73773.0,0.004121586810922205,0.14,0.061,0.27582797825012356,0.1163586584531143,0.0049504950495049506,0.03564356435643564,0.08900000000000001
J8N,0.8448637316561844,0.0031446540880503146,0.149895178197065,0.0020964360587002098,6.8,0.060732984293193716,0.29916317991631797,0.36715481171548114,0.33368200836820083,278842.0,12054.0,6886.0,4770.0,40.7,2.5,0.8755230125523012,0.12447698744769875,0.0,0.08,82595.0,0.010638297872340425,0.125,0.063,0.29360613810741687,0.1715076071922545,0.006276150627615063,0.019895287958115182,0.132
J8P,0.4209993247805537,0.010465901417960837,0.562120189061445,0.006414584740040513,6.0,0.07060810810810811,0.5527027027027027,0.24594594594594596,0.20135135135135135,220122.0,33621.0,15623.0,14810.0,40.2,2.2,0.620945945945946,0.37905405405405407,0.0,0.14400000000000002,61635.0,0.0043257476020312205,0.17,0.071,0.34539832666424153,0.13793103448275862,0.005741303613644039,0.025667004390408647,0.128
J8R,0.5362921867776237,0.0018492834026814608,0.4613962089690245,0.0004623208506703652,6.9,0.04070305272895467,0.15263644773358,0.4801110083256244,0.36725254394079554,250695.0,29175.0,10972.0,10811.0,36.5,2.7,0.7955596669750231,0.20444033302497688,0.0,0.057,92935.0,0.011197440585009141,0.09699999999999999,0.055999999999999994,0.24296619411123227,0.24370503597122303,0.002311604253351826,0.024503005085529356,0.087
J8T,0.4016830294530154,0.04123422159887798,0.5565217391304348,0.0005610098176718093,5.9,0.05747126436781609,0.5538418395961862,0.31940549635445875,0.126752664049355,230008.0,39349.0,18837.0,17821.0,47.9,2.1,0.5892907204934118,0.41070927950658814,0.0,0.161,58064.0,0.011298535964353915,0.16699999999999998,0.078,0.40384024577572963,0.2335285505124451,0.00897112419400056,0.0336417157275021,0.11599999999999999
J8V,0.676560900716479,0.0,0.3203684749232344,0.0030706243602865915,7.3,0.05069124423963134,0.1811668372569089,0.42374616171954965,0.39508700102354144,300789.0,26483.0,10093.0,9772.0,39.6,2.7,0.8781362007168458,0.12186379928315412,0.0,0.047,103719.0,0.025974025974025976,0.09,0.046,0.26689027311931,0.34909456740442657,0.0035842293906810036,0.020993343573988736,0.10099999999999999
J8X,0.08858447488584476,0.3095890410958904,0.6018264840182649,0.0,4.2,0.12259835315645014,0.6688014638609332,0.20860018298261665,0.12259835315645014,239749.0,9749.0,6661.0,5474.0,38.0,1.7,0.19030192131747484,0.8096980786825252,0.0,0.33799999999999997,39366.0,0.006230529595015576,0.17600000000000002,0.138,0.3375912408759124,0.3240174672489083,0.006404391582799634,0.035681610247026534,0.188
J8Y,0.26915027208036835,0.12473838426119715,0.6048555881121809,0.0012557555462536626,5.0,0.08790288823775638,0.8137295939723734,0.14022603599832567,0.046044370029300966,250395.0,23241.0,13170.0,11940.0,43.3,1.9,0.39598158225198826,0.6040184177480117,0.0,0.23600000000000002,46733.0,0.004758128469468675,0.183,0.08800000000000001,0.37563971340839303,0.29817049435578047,0.011306532663316583,0.04562578484721641,0.134
J8Z,0.19073946095369732,0.17069799585349,0.6385625431928127,0.0,5.5,0.06639004149377593,0.4633471645919779,0.45020746887966806,0.08644536652835408,259410.0,14938.0,7779.0,7232.0,40.1,2.1,0.4536652835408022,0.5463347164591977,0.0,0.18600000000000003,57835.0,0.021065675340768277,0.124,0.078,0.3487261146496815,0.39324487334137515,0.017289073305670817,0.034578146611341634,0.096
J9A,0.23645320197044334,0.0755336617405583,0.6880131362889984,0.0,6.0,0.03936577364680153,0.18469945355191256,0.4540983606557377,0.36120218579234975,275161.0,21438.0,9798.0,9143.0,37.4,2.3,0.6380535811919081,0.36194641880809186,0.0,0.099,80520.0,0.025147469729897547,0.09,0.071,0.27116637063351096,0.5136138613861386,0.009841443411700382,0.030071077091306724,0.114
J9B,0.9616858237547893,0.0,0.038314176245210725,0.0,7.9,0.09386973180076628,0.42911877394636017,0.39080459770114945,0.18007662835249041,425037.0,6898.0,2894.0,2607.0,44.8,2.6,0.9272030651340997,0.07279693486590039,0.0,0.051,116553.0,0.06415094339622641,0.071,0.046,0.28894927536231885,0.5601552393272963,0.0038314176245210726,0.019157088122605363,0.114
J9E,0.6968449931412894,0.0013717421124828531,0.2962962962962963,0.0054869684499314125,5.8,0.12397820163487738,0.6698369565217391,0.22010869565217392,0.11005434782608696,125031.0,7769.0,4013.0,3644.0,49.2,2.1,0.6335149863760218,0.3569482288828338,0.009536784741144414,0.264,41531.0,0.0032520325203252032,0.28600000000000003,0.136,0.4480062548866302,0.09637046307884856,0.008174386920980926,0.0326975476839237,0.12300000000000001
J9H,0.40688575899843504,0.03834115805946792,0.554773082942097,0.0,6.4,0.06491982792334768,0.5044939429464634,0.19656115670183666,0.2989449003516999,250649.0,31023.0,13411.0,12780.0,39.2,2.4,0.697692608525616,0.30230739147438407,0.0,0.11,74823.0,0.014864282636794485,0.127,0.057,0.32317826265953065,0.34804804804804806,0.007036747458952306,0.03441533046538913,0.10300000000000001
J9J,0.4974832214765101,0.0,0.5020973154362416,0.00041946308724832214,6.9,0.028955098615190935,0.11624003357112883,0.20016785564414605,0.6835921107847251,301054.0,32714.0,12516.0,11916.0,34.1,2.7,0.809903483004616,0.19009651699538396,0.0,0.063,100160.0,0.024427150886294855,0.087,0.048,0.21992558908639934,0.47301328993761865,0.006717044500419815,0.026856903063365505,0.115
J9L,0.6123417721518988,0.0,0.372626582278481,0.015031645569620253,5.8,0.08517350157728706,0.5583596214511041,0.27681388012618297,0.16482649842271294,160723.0,14002.0,6830.0,6319.0,47.7,2.1,0.6285488958990536,0.3714511041009464,0.0,0.213,47669.0,0.005917159763313609,0.22899999999999998,0.1,0.4264382960035134,0.12389979688557888,0.0023677979479084454,0.02365930599369085,0.11800000000000001
J9P,0.5139931740614334,0.011945392491467578,0.46075085324232085,0.013310580204778157,5.9,0.07169682485489928,0.5631830601092896,0.3073770491803279,0.1294398907103825,219983.0,32766.0,15458.0,14648.0,42.3,2.2,0.6346876066917037,0.36531239330829635,0.0,0.122,64600.0,0.02622950819672131,0.14300000000000002,0.061,0.33339615529589145,0.15660639777468707,0.0054626152270399455,0.01808873720136519,0.096
J9T,0.5194132873166523,0.0008628127696289905,0.47627264883520276,0.003451251078515962,6.1,0.08620689655172414,0.6574633304572908,0.2545297670405522,0.08800690250215704,200019.0,13381.0,6076.0,5791.0,43.3,2.2,0.5962036238136325,0.38481449525452976,0.01898188093183779,0.121,60294.0,0.016916384726921217,0.163,0.076,0.35179924242424243,0.16192560175054704,0.0034482758620689655,0.01293103448275862,0.091
J9V,0.6501547987616099,0.0,0.3498452012383901,0.0,6.2,0.052307692307692305,0.5758513931888545,0.32507739938080493,0.09907120743034056,179513.0,3462.0,1870.0,1620.0,50.2,2.0,0.676923076923077,0.3230769230769231,0.0,0.125,56491.0,0.010889292196007259,0.19399999999999998,0.068,0.4144144144144144,0.1833810888252149,0.0,0.018461538461538463,0.111
J9X,0.320993031358885,0.004790940766550522,0.6702961672473867,0.0039198606271777,5.5,0.07444492816717457,0.7279059643012625,0.21332172398781019,0.0587723117109273,229674.0,23669.0,12372.0,11480.0,44.1,2.0,0.46385017421602787,0.5361498257839721,0.0,0.174,51079.0,0.015885623510722795,0.166,0.084,0.3746089676746611,0.22508305647840532,0.00261210274270788,0.01872006965607314,0.10400000000000001
J9Y,0.8416988416988417,0.0,0.11840411840411841,0.039897039897039896,7.1,0.06451612903225806,0.4007731958762887,0.41494845360824745,0.18427835051546393,249995.0,10201.0,4185.0,3886.0,38.5,2.6,0.927741935483871,0.07225806451612904,0.0,0.055999999999999994,91768.0,0.026451612903225806,0.12,0.063,0.3123048094940662,0.18095238095238095,0.003870967741935484,0.02193548387096774,0.061
J9Z,0.5845481049562682,0.0014577259475218659,0.41253644314868804,0.0014577259475218659,6.0,0.06695778748180495,0.6982507288629738,0.24198250728862974,0.0597667638483965,155382.0,7340.0,3667.0,3432.0,48.1,2.1,0.6404657933042213,0.35953420669577874,0.0,0.165,52267.0,0.013710368466152529,0.18899999999999997,0.071,0.4156171284634761,0.11866666666666667,0.0029069767441860465,0.010189228529839884,0.094
K0A,0.8765463917525773,0.0047680412371134025,0.11237113402061856,0.006314432989690722,7.3,0.0612533779436366,0.4363659760648565,0.3145026380131257,0.24913138592201775,348995.0,103474.0,40512.0,38794.0,43.6,2.6,0.8696435465191095,0.13035645348089048,0.0,0.067,97331.0,0.026779640051951263,0.09,0.05,0.2922050854522718,0.2327871709952937,0.0038605070132544076,0.01943121863338052,0.132
K0B,0.846815834767642,0.0005737234652897303,0.13941480206540446,0.013195639701663799,6.6,0.07780979827089338,0.5827089337175793,0.2806916426512968,0.13659942363112393,224585.0,20945.0,9395.0,8714.0,49.0,2.3,0.8162442396313364,0.1837557603686636,0.0,0.132,67424.0,0.012396694214876033,0.15,0.06,0.3651381372828254,0.13994685562444642,0.001729106628242075,0.020172910662824207,0.14
K0C,0.8580217699952674,0.00236630383341221,0.12352106010411737,0.01609086606720303,6.9,0.07431952662721894,0.6061538461538462,0.25751479289940826,0.13633136094674556,224933.0,52154.0,22366.0,21132.0,47.9,2.4,0.8236686390532545,0.17633136094674556,0.0,0.12300000000000001,70388.0,0.013994450476535168,0.147,0.064,0.36585933861201675,0.1438330871491876,0.007100591715976331,0.025798816568047337,0.147
K0E,0.8754250386398763,0.00401854714064915,0.11313755795981453,0.0074188562596599695,7.0,0.08950139362031588,0.637546468401487,0.24287484510532836,0.11957868649318464,230056.0,38903.0,18248.0,16177.0,48.7,2.4,0.8336946423041189,0.1663053576958811,0.0,0.122,69739.0,0.012933753943217666,0.158,0.079,0.3892515560953393,0.12527688899827713,0.005266418835192069,0.01982651796778191,0.155
K0G,0.8868673503142573,0.0,0.10320873304664241,0.00992391663910023,7.0,0.07725464190981432,0.4807692307692308,0.30072944297082227,0.21850132625994695,300614.0,37097.0,18931.0,15121.0,49.0,2.4,0.8809681697612732,0.1190318302387268,0.0,0.10400000000000001,79061.0,0.01899366877707431,0.131,0.064,0.37403474903474904,0.1954167715940569,0.0033156498673740055,0.01956233421750663,0.17800000000000002
K0H,0.9376251788268956,0.0,0.048927038626609444,0.013447782546494993,7.2,0.07821866971167571,0.548258138206739,0.2866933181039406,0.1650485436893204,299351.0,44019.0,25284.0,17479.0,49.9,2.4,0.8966304968589377,0.10336950314106225,0.0,0.105,78514.0,0.019568916619398753,0.14400000000000002,0.061,0.4079662860250136,0.17658643326039386,0.0022837567799029405,0.01770416904625928,0.153
K0J,0.9112198531981824,0.0003495281370150297,0.07654666200629151,0.01188395665851101,6.7,0.1023484051875219,0.6225026288117771,0.24956186470382055,0.12793550648440238,200653.0,33702.0,19946.0,14306.0,50.6,2.3,0.8700070077084793,0.1289418360196216,0.001051156271899089,0.145,64048.0,0.012569316081330868,0.172,0.09,0.4243509400179051,0.16264705882352942,0.005257623554153523,0.020329477742726955,0.14800000000000002
K0K,0.8950300869177624,0.0004457321149988857,0.0988410965010029,0.005683084466235792,7.1,0.0850826261723984,0.5626884001339735,0.25678240482304343,0.18052919504298315,250873.0,111372.0,51289.0,44868.0,49.3,2.4,0.8523729759910664,0.14762702400893354,0.0,0.128,68812.0,0.013589083995078851,0.16399999999999998,0.065,0.4141256330136839,0.13637949075688874,0.0037959138104275984,0.022663838338729484,0.16899999999999998
K0L,0.9192556903140057,0.0003322811098189068,0.07443096859943513,0.005981059976740323,6.9,0.08151721843287306,0.6018626309662398,0.2634292366539165,0.13470813237984366,279726.0,71343.0,48033.0,30095.0,52.2,2.3,0.8657461320911662,0.13392114456829146,0.00033272334054233906,0.138,64938.0,0.016813858695652172,0.171,0.076,0.45119947420308903,0.14940347071583515,0.002995008319467554,0.020965058236272878,0.191
K0M,0.9225384974335045,0.0,0.06952869808679421,0.007932804479701353,6.9,0.07708430367955287,0.5514911463187325,0.29030754892823857,0.1582013047530289,300227.0,49388.0,37172.0,21430.0,54.8,2.3,0.8770377270610153,0.12296227293898462,0.0,0.141,64643.0,0.016200648025921038,0.18,0.079,0.4593623188405797,0.12221553281155931,0.00395993477754484,0.021430235266713255,0.195
K1A,0.11428571428571428,0.8571428571428571,0.02857142857142857,0.0,4.8,0.11475409836065574,0.6065573770491803,0.26229508196721313,0.13114754098360656,359816.0,589.0,484.0,352.0,43.9,1.7,0.26666666666666666,0.7333333333333333,0.0,0.161,61696.0,0.027777777777777776,0.099,0.034,0.3695652173913043,0.42592592592592593,0.0,0.03278688524590164,0.0
K1B,0.34190620272314676,0.1475037821482602,0.510590015128593,0.0,6.7,0.07045454545454545,0.7456340167046317,0.22323462414578588,0.031131359149582385,323882.0,17110.0,6826.0,6611.0,40.3,2.5,0.6755117513267627,0.3244882486732373,0.0,0.111,80942.0,0.0166358595194085,0.11699999999999999,0.073,0.3415593705293276,0.31810676940011007,0.015909090909090907,0.04624715693707354,0.147
K1C,0.5601835510060007,0.0,0.4362866219555242,0.0035298270384751147,7.4,0.0342031029619182,0.28012684989429176,0.6222692036645525,0.09760394644115575,364680.0,37662.0,14338.0,14172.0,45.4,2.6,0.8417342262953824,0.15826577370461756,0.0,0.057,102212.0,0.0319611780455154,0.087,0.066,0.35134271099744246,0.40411808484247086,0.005289139633286318,0.029961226647867465,0.11199999999999999
K1E,0.676829268292683,0.040940766550522645,0.28222996515679444,0.0,7.5,0.042720139494333044,0.39425587467362927,0.5543951261966927,0.05134899912967798,340280.0,14803.0,5815.0,5742.0,46.2,2.6,0.8936355710549259,0.10636442894507411,0.0,0.044000000000000004,99226.0,0.018114450391107453,0.1,0.061,0.3590047393364929,0.29570552147239265,0.004359197907585004,0.02700348432055749,0.105
K1G,0.386892177589852,0.3537702607470049,0.2547568710359408,0.0045806906272022555,5.7,0.06692497358224728,0.6028169014084507,0.3313380281690141,0.0658450704225352,399730.0,34075.0,15128.0,14195.0,39.2,2.3,0.52184637068358,0.47815362931642,0.0,0.217,67205.0,0.020563171545016672,0.114,0.10099999999999999,0.37930425569486137,0.43237125070741367,0.023247622402254316,0.07713983797111659,0.14
K1H,0.5775165319617928,0.2858192505510654,0.1366642174871418,0.0,6.6,0.05917159763313609,0.8025147928994083,0.15162721893491124,0.04585798816568047,524621.0,15796.0,7180.0,6804.0,45.7,2.3,0.6489283074648928,0.35107169253510717,0.0,0.14400000000000002,86556.0,0.06831566548881036,0.086,0.068,0.4207156308851224,0.5981554677206851,0.014792899408284023,0.04656319290465632,0.114
K1J,0.32238385734396996,0.1708118254340685,0.5068043172219615,0.0,6.6,0.04833411543876114,0.699812382739212,0.200281425891182,0.099906191369606,349210.0,26931.0,11111.0,10652.0,43.3,2.5,0.7038948850305021,0.2961051149694979,0.0,0.158,79710.0,0.029397705544933077,0.114,0.086,0.4010440308669995,0.4101620029455081,0.024401689347724072,0.0652275926794932,0.14800000000000002
K1K,0.18397626112759644,0.2763353115727003,0.5396884272997032,0.0,5.2,0.11367013372956909,0.6609665427509294,0.24349442379182157,0.09553903345724907,348767.0,29499.0,14212.0,13482.0,43.3,2.1,0.4156760772659733,0.5843239227340268,0.0,0.257,56462.0,0.01783029001074114,0.162,0.109,0.41709577754891863,0.33962868117797695,0.016716196136701337,0.06352154531946508,0.171
K1L,0.13561131873998933,0.22744260544580885,0.6369460758142018,0.0,4.6,0.11478910838227442,0.7553418803418803,0.15918803418803418,0.08547008547008547,334459.0,17021.0,10452.0,9369.0,43.5,1.8,0.3352909770421783,0.6647090229578216,0.0,0.259,49156.0,0.018448923812777587,0.152,0.09699999999999999,0.39834437086092717,0.317468105986261,0.011211959423384944,0.0597971169247197,0.19699999999999998
K1M,0.3544520547945205,0.1695205479452055,0.476027397260274,0.0,6.4,0.06802721088435375,0.7670068027210885,0.1683673469387755,0.06462585034013606,751194.0,6695.0,3180.0,2919.0,48.4,2.2,0.5911413969335605,0.4088586030664395,0.0,0.094,111189.0,0.1519230769230769,0.044000000000000004,0.044000000000000004,0.3330300272975432,0.7555555555555555,0.0,0.018739352640545145,0.147
K1N,0.04487179487179487,0.48378582202111614,0.471342383107089,0.0,4.2,0.07538635506973237,0.6123680241327301,0.20776772247360484,0.17986425339366516,450391.0,25063.0,16708.0,13262.0,34.3,1.7,0.2393516773464003,0.7606483226535997,0.0,0.301,50203.0,0.03396974956607984,0.091,0.11,0.33148371531966225,0.5771495877502945,0.01620806633999246,0.05767056162834527,0.213
K1P,0.0,0.9782608695652174,0.021739130434782608,0.0,3.0,0.0,0.0,0.044444444444444446,0.9555555555555556,340045.0,340.0,469.0,230.0,32.3,1.5,0.46511627906976744,0.5348837209302325,0.0,0.11900000000000001,79104.0,0.047619047619047616,0.015,0.0,0.10526315789473684,0.7083333333333334,0.0,0.0,0.35
K1R,0.06419400855920114,0.466000951022349,0.46980504041844984,0.0,4.1,0.08223684210526316,0.662130455185359,0.2050680431722196,0.1328015016424214,401132.0,18730.0,12095.0,10518.0,35.8,1.7,0.28980742132456555,0.7101925786754345,0.0,0.24100000000000002,57141.0,0.023522129371711543,0.087,0.079,0.27989292088042833,0.5640703517587939,0.01832706766917293,0.055894786284640674,0.222
K1S,0.33072100313479624,0.23706896551724138,0.4318181818181818,0.00039184952978056425,5.9,0.05990602975724354,0.7513703993735317,0.13234142521534847,0.11628817541111981,697193.0,28660.0,14379.0,12757.0,38.7,2.2,0.5389432485322896,0.46105675146771036,0.0,0.12300000000000001,93332.0,0.09209383145091225,0.049,0.07200000000000001,0.29007953118459606,0.7286922576447625,0.008613938919342208,0.04541895066562255,0.129
K1T,0.3570552147239264,0.07934560327198364,0.5631901840490797,0.00040899795501022495,6.5,0.03387755102040816,0.21314822376480197,0.43037974683544306,0.356472029399755,369802.0,35432.0,12557.0,12219.0,35.5,2.9,0.736734693877551,0.26326530612244897,0.0,0.162,86318.0,0.02231467473524962,0.095,0.08900000000000001,0.3067637138292207,0.4046632124352332,0.037142857142857144,0.08125765618619844,0.195
K1V,0.3299287410926366,0.20736342042755346,0.46270783847980995,0.0,6.3,0.05243179122182681,0.5284765068818225,0.22828666350261034,0.24323682961556717,390696.0,54835.0,22427.0,21048.0,37.7,2.6,0.6147093712930012,0.3852906287069988,0.0,0.19399999999999998,77298.0,0.030142908610544014,0.106,0.08900000000000001,0.3607811786203746,0.4188951442646024,0.03226571767497034,0.07805456702253856,0.163
K1W,0.6122137404580152,0.0,0.38778625954198476,0.0,7.4,0.01669195751138088,0.06818181818181818,0.36363636363636365,0.5681818181818182,448666.0,10032.0,3420.0,3278.0,36.6,3.0,0.8922610015174507,0.10773899848254932,0.0,0.047,122368.0,0.04502688172043011,0.055,0.052000000000000005,0.24461343472750316,0.4654867256637168,0.010622154779969651,0.036418816388467376,0.131
K1X,0.8461538461538461,0.0,0.046153846153846156,0.1076923076923077,7.4,0.046153846153846156,0.6363636363636364,0.19696969696969696,0.16666666666666666,400062.0,835.0,349.0,325.0,46.0,2.6,0.676923076923077,0.3230769230769231,0.0,0.078,87808.0,0.014814814814814815,0.114,0.065,0.34507042253521125,0.23404255319148937,0.0,0.0,0.09300000000000001
K1Y,0.33421470121628766,0.2765732416710735,0.38921205711263884,0.0,5.5,0.07101218865924748,0.7251059322033898,0.1784957627118644,0.09639830508474577,598078.0,19774.0,9988.0,9458.0,39.9,2.0,0.5235824059353471,0.4764175940646529,0.0,0.125,81682.0,0.06325958242443129,0.064,0.057,0.2827461607949413,0.6298016040523428,0.009533898305084746,0.02754237288135593,0.13699999999999998
K1Z,0.2472636815920398,0.33681592039800995,0.41592039800995023,0.0,5.0,0.09172932330827067,0.7276830491474423,0.13039117352056168,0.141925777331996,449232.0,20983.0,10909.0,10054.0,39.0,2.0,0.3904761904761905,0.6095238095238096,0.0,0.23,60928.0,0.031315868714242696,0.10800000000000001,0.08,0.34922491956712487,0.4514501891551072,0.01905717151454363,0.06215538847117794,0.141
K2A,0.47050659264399725,0.26717557251908397,0.2623178348369188,0.0,6.1,0.059846903270702856,0.7903899721448467,0.09610027855153204,0.11350974930362116,599002.0,16790.0,7433.0,7205.0,47.0,2.2,0.6116910229645094,0.3883089770354906,0.0,0.095,88448.0,0.07639680729760548,0.076,0.062,0.3730841121495327,0.6129807692307693,0.009046624913013222,0.028531663187195546,0.124
K2B,0.1709140332993544,0.544682296975875,0.28304451240231054,0.0013591573224600749,5.0,0.08460754332313965,0.7770981991165478,0.1875637104994903,0.03533809038396194,341191.0,32260.0,15640.0,14719.0,41.4,2.1,0.3777626657599456,0.6222373342400545,0.0,0.243,55556.0,0.015879239364830426,0.159,0.099,0.4191928584712665,0.3885560215698023,0.04044867437117607,0.09211420802175391,0.188
K2C,0.42165122156697554,0.2805391743892165,0.2978096040438079,0.0,6.0,0.055415617128463476,0.7231543624161074,0.14471476510067113,0.13213087248322147,389969.0,27941.0,12901.0,11863.0,39.4,2.3,0.5848026868178001,0.4151973131821998,0.0,0.16,71920.0,0.023709284289829383,0.099,0.08199999999999999,0.334901625320787,0.4420980926430518,0.01678556441460344,0.056255247691015954,0.154
K2E,0.42105263157894735,0.24436090225563908,0.33458646616541354,0.0,6.3,0.04334170854271357,0.6532663316582915,0.2443467336683417,0.10238693467336683,421562.0,19034.0,8424.0,7976.0,41.4,2.4,0.5806654111738857,0.41933458882611424,0.0,0.16899999999999998,72569.0,0.025969862135299775,0.11900000000000001,0.084,0.38882063882063883,0.44078597981943707,0.02763819095477387,0.06340238543628374,0.15
K2G,0.5354083380925185,0.02569960022844089,0.43889206167904055,0.0,7.2,0.03494700658837009,0.38699513033514754,0.363506158693784,0.24949871097106846,400791.0,49222.0,18145.0,17506.0,40.0,2.8,0.7494272623138603,0.25057273768613975,0.0,0.096,97502.0,0.0333070036861506,0.083,0.073,0.3163431433938635,0.46254389387436595,0.01403609281008307,0.0441008018327606,0.11800000000000001
K2H,0.4519185220274751,0.08621506395073425,0.4391283751776409,0.022738038844149693,6.9,0.05511443250817375,0.7224299065420561,0.21168224299065422,0.06588785046728972,350103.0,26402.0,10879.0,10555.0,46.6,2.4,0.7898178421298458,0.21018215787015412,0.0,0.09699999999999999,86351.0,0.03631489154277358,0.098,0.079,0.3655764323822779,0.43548387096774194,0.007940214852872489,0.03035964502568893,0.154
K2J,0.49870354364736386,0.0054019014693171994,0.4958945548833189,0.0,7.2,0.019442644199611146,0.12329950334700929,0.30339019650183546,0.5733103001511552,376402.0,68963.0,23593.0,23145.0,36.1,3.0,0.875324114088159,0.12467588591184096,0.0,0.067,106679.0,0.02934470110042629,0.065,0.057999999999999996,0.2590581406235371,0.4551473451901856,0.018578526679628428,0.03845322963923094,0.151
K2K,0.43977591036414565,0.12044817927170869,0.43977591036414565,0.0,7.1,0.03256597417181359,0.21773288439955107,0.38215488215488214,0.4001122334455668,415251.0,24431.0,9326.0,8921.0,42.6,2.7,0.7682379349046016,0.23176206509539843,0.0,0.069,107644.0,0.05790465930514409,0.07200000000000001,0.064,0.3458205912334353,0.5425149700598803,0.011791128579449747,0.031443009545199324,0.122
K2L,0.49514563106796117,0.006934812760055479,0.4972260748959778,0.0006934812760055479,7.2,0.037396121883656507,0.4490644490644491,0.5211365211365211,0.0297990297990298,324021.0,19162.0,7276.0,7208.0,42.9,2.6,0.8346020761245675,0.16539792387543253,0.0,0.075,91819.0,0.021021021021021023,0.094,0.07400000000000001,0.31297709923664124,0.31788389513108617,0.007617728531855956,0.024930747922437674,0.11599999999999999
K2M,0.5151679306608884,0.0005417118093174431,0.48429035752979416,0.0,7.5,0.020032485110990796,0.055224688684353006,0.4899837574445046,0.4547915538711424,393858.0,27028.0,9308.0,9226.0,37.0,2.9,0.8965890633459664,0.10341093665403357,0.0,0.047,113928.0,0.04081632653061224,0.061,0.063,0.2540056550424128,0.4833887043189369,0.010822510822510822,0.023280996210070383,0.11
K2P,0.02007689021785562,0.6907304570696283,0.28919265271251604,0.0,3.6,0.07501071581654523,0.6545220745820831,0.17359622803257607,0.17188169738534076,401300.0,17603.0,13302.0,11706.0,34.5,1.5,0.181311615945135,0.818688384054865,0.0,0.223,55268.0,0.030625,0.068,0.07,0.25263157894736843,0.6287425149700598,0.00856898029134533,0.03900557222460351,0.247
K2R,0.9873417721518988,0.0,0.012658227848101266,0.0,9.4,0.05128205128205128,0.3157894736842105,0.5526315789473685,0.13157894736842105,752470.0,1188.0,412.0,393.0,48.7,3.0,0.9487179487179487,0.05128205128205128,0.0,0.055,155477.0,0.13636363636363635,0.05,0.052000000000000005,0.35436893203883496,0.5040650406504065,0.038461538461538464,0.02564102564102564,0.233
K2S,0.708314402544298,0.00045433893684688776,0.2821444797819173,0.009086778736937756,7.9,0.021402550091074682,0.1111617312072893,0.36719817767653756,0.5216400911161732,435309.0,32061.0,11125.0,11008.0,40.1,2.9,0.9198177676537586,0.08018223234624146,0.0,0.037000000000000005,121655.0,0.054951943167572084,0.061,0.046,0.27069486404833837,0.45454545454545453,0.004553734061930784,0.015489749430523917,0.107
K2T,0.5121163166397416,0.0,0.4878836833602585,0.0,7.3,0.012944983818770227,0.0048543689320388345,0.20550161812297735,0.7896440129449838,473257.0,9447.0,3138.0,3096.0,38.6,3.1,0.8770226537216829,0.12297734627831715,0.0,0.07400000000000001,128931.0,0.061628760088041086,0.048,0.057,0.280812324929972,0.6537698412698413,0.008090614886731391,0.01779935275080906,0.133
K2V,0.5149700598802395,0.0,0.47904191616766467,0.005988023952095809,7.2,0.0,0.0,0.16265060240963855,0.8373493975903614,400731.0,2435.0,887.0,827.0,33.5,2.9,0.9457831325301205,0.05421686746987952,0.0,0.049,108416.0,0.0332409972299169,0.063,0.040999999999999995,0.23076923076923078,0.4713804713804714,0.018072289156626505,0.011976047904191617,0.212
K2W,0.6737044145873321,0.0,0.32629558541266795,0.0,7.8,0.02480916030534351,0.03824091778202677,0.15296367112810708,0.8087954110898662,467747.0,8660.0,2624.0,2603.0,37.0,3.3,0.9276190476190476,0.07238095238095238,0.0,0.048,134656.0,0.07905803195962995,0.044000000000000004,0.064,0.2718676122931442,0.5744211686879823,0.009523809523809525,0.02857142857142857,0.11599999999999999
K4A,0.5303316257751416,0.004853060124022647,0.4621191695874899,0.0026961445133459154,7.4,0.017534394388993794,0.02291722836344028,0.3868967376651389,0.5901860339714209,380235.0,54524.0,18677.0,18544.0,36.9,2.9,0.9023732470334412,0.09762675296655879,0.0,0.046,112523.0,0.029683458554009116,0.064,0.057,0.251288056206089,0.40952537903757413,0.01240895602913407,0.03371998920960345,0.129
K4B,0.8988439306358381,0.0,0.09826589595375723,0.002890173410404624,7.6,0.04956268221574344,0.40988372093023256,0.48546511627906974,0.10465116279069768,450341.0,4793.0,1771.0,1732.0,46.3,2.7,0.877906976744186,0.12209302325581395,0.0,0.061,109824.0,0.034974093264248704,0.081,0.027999999999999997,0.3236775818639798,0.2620817843866171,0.0,0.008746355685131196,0.115
K4C,0.9174603174603174,0.0,0.07936507936507936,0.0031746031746031746,8.1,0.0732484076433121,0.410828025477707,0.39171974522292996,0.19745222929936307,540524.0,4530.0,1623.0,1578.0,46.8,2.8,0.9174603174603174,0.08253968253968254,0.0,0.05,122002.0,0.059490084985835696,0.068,0.048,0.32075471698113206,0.3390191897654584,0.006349206349206349,0.01592356687898089,0.127
K4K,0.6747491638795987,0.010869565217391304,0.30518394648829433,0.00919732441471572,6.7,0.038525963149078725,0.2370184254606365,0.3869346733668342,0.3760469011725293,299165.0,15368.0,6118.0,5977.0,42.5,2.5,0.7738693467336684,0.22613065326633167,0.0,0.07400000000000001,87488.0,0.01385972280554389,0.11,0.049,0.3352295814709468,0.1807875894988067,0.0041876046901172526,0.02179379715004191,0.14
K4M,0.8830845771144279,0.0,0.11691542288557213,0.0,8.4,0.04918032786885246,0.39141414141414144,0.2967171717171717,0.31186868686868685,573397.0,11009.0,4165.0,4019.0,45.4,2.7,0.9267676767676768,0.07323232323232323,0.0,0.047,127840.0,0.09314285714285714,0.055999999999999994,0.059000000000000004,0.3470847084708471,0.5064822817631807,0.0025220680958385876,0.015132408575031526,0.139
K4P,0.8946564885496183,0.0,0.07022900763358779,0.035114503816793895,8.2,0.04393939393939394,0.19726858877086495,0.34446130500758726,0.4582701062215478,500636.0,9821.0,3336.0,3273.0,43.4,2.9,0.9531013615733737,0.046898638426626324,0.0,0.046,132716.0,0.06508474576271187,0.06,0.052000000000000005,0.281590763309814,0.3614457831325301,0.007575757575757576,0.019696969696969695,0.12
K4R,0.8651252408477842,0.0,0.1348747591522158,0.0,7.3,0.05825242718446602,0.28932038834951457,0.41941747572815535,0.2912621359223301,348567.0,7435.0,2639.0,2595.0,41.3,2.8,0.8953488372093024,0.10465116279069768,0.0,0.039,109483.0,0.02064631956912029,0.077,0.043,0.28657487091222034,0.2828282828282828,0.003883495145631068,0.01937984496124031,0.131
K6A,0.4510135135135135,0.0,0.5456081081081081,0.0033783783783783786,5.6,0.08537616229923922,0.555367709213863,0.3169907016060862,0.12764158918005072,182863.0,12538.0,6231.0,5917.0,52.4,2.0,0.5684121621621622,0.43158783783783783,0.0,0.24100000000000002,46601.0,0.007854688267059401,0.231,0.091,0.47271001423825343,0.09445745511319281,0.0016891891891891893,0.021132713440405747,0.16699999999999998
K6H,0.5162842339008142,0.05884529977794226,0.42450037009622504,0.0003700962250185048,6.0,0.093519882179676,0.678939617083947,0.22091310751104565,0.10014727540500737,190216.0,30949.0,14455.0,13515.0,46.1,2.2,0.5613259668508287,0.43867403314917125,0.0,0.271,46646.0,0.007559848803023939,0.23,0.106,0.47191235059760955,0.10693454309786131,0.0066273932253313695,0.03755522827687776,0.136
K6J,0.5034396497811132,0.043151969981238276,0.44777986241400874,0.005628517823639775,5.8,0.08145363408521303,0.7539135879774578,0.18785222291797118,0.05823418910457107,174843.0,17644.0,8221.0,8000.0,46.3,2.1,0.5595238095238095,0.44047619047619047,0.0,0.24100000000000002,47238.0,0.00610632183908046,0.23600000000000002,0.08800000000000001,0.4577148774594408,0.10375146541617819,0.009398496240601503,0.02631578947368421,0.14
K6K,0.7120622568093385,0.0,0.28793774319066145,0.0,7.1,0.06451612903225806,0.5303643724696356,0.3684210526315789,0.10121457489878542,200501.0,3153.0,1293.0,1284.0,45.0,2.5,0.8024193548387096,0.1975806451612903,0.0,0.10300000000000001,67482.0,0.007920792079207921,0.16699999999999998,0.062,0.4092741935483871,0.1238390092879257,0.008064516129032258,0.0,0.136
K6T,0.9024390243902439,0.0,0.024390243902439025,0.07317073170731707,7.9,0.08571428571428572,0.19444444444444445,0.6666666666666666,0.1388888888888889,279853.0,556.0,207.0,203.0,46.8,2.8,1.0,0.0,0.0,0.054000000000000006,98048.0,0.02197802197802198,0.11199999999999999,0.057,0.3375,0.09615384615384616,0.0,0.0,0.0
K6V,0.5699645250295625,0.04611746156878203,0.38076468269609776,0.0031533307055577452,6.3,0.07836990595611286,0.7315830721003135,0.19984326018808776,0.06857366771159874,224549.0,27782.0,13427.0,12688.0,50.4,2.1,0.6332288401253918,0.3667711598746082,0.0,0.18,56384.0,0.016100573445081607,0.18100000000000002,0.08900000000000001,0.4454102183591266,0.1693255982596084,0.004702194357366771,0.027821316614420062,0.141
K7A,0.702893436838391,0.006351446718419196,0.26534932956951307,0.025405786873676783,6.6,0.08962597035991532,0.6838390966831334,0.19689484827099507,0.11926605504587157,221472.0,16626.0,7507.0,7083.0,47.2,2.3,0.7297106563161609,0.2702893436838391,0.0,0.17800000000000002,60124.0,0.007936507936507936,0.191,0.079,0.424507658643326,0.1161026837806301,0.004940014114326041,0.02328863796753705,0.179
K7C,0.7095614665708123,0.0,0.2695902228612509,0.020848310567936738,6.9,0.0651862464183381,0.44452397995705084,0.33285612025769507,0.22261989978525412,300983.0,17666.0,7459.0,6956.0,44.0,2.5,0.8001432664756447,0.1998567335243553,0.0,0.095,81453.0,0.018874773139745917,0.11900000000000001,0.055999999999999994,0.3383275261324042,0.19854090672225116,0.0028653295128939827,0.025053686471009307,0.14800000000000002
K7G,0.6970108695652174,0.020380434782608696,0.28125,0.001358695652173913,6.7,0.06967213114754098,0.6684931506849315,0.2219178082191781,0.1095890410958904,259535.0,8297.0,4035.0,3683.0,52.0,2.2,0.7410958904109589,0.2589041095890411,0.0,0.127,65429.0,0.01686217008797654,0.15,0.069,0.38573508005822416,0.17583732057416268,0.0,0.019151846785225718,0.177
K7H,0.75592960979342,0.010711553175210406,0.22111706197398623,0.01224177505738332,6.7,0.05972434915773354,0.5650842266462481,0.277947932618683,0.15696784073506892,285239.0,15009.0,7888.0,6540.0,52.9,2.2,0.764345830145371,0.23565416985462892,0.0,0.125,67651.0,0.015052888527257934,0.16399999999999998,0.065,0.4220472440944882,0.17305061559507523,0.0038284839203675345,0.02909647779479326,0.139
K7K,0.357613596947624,0.13180714533472077,0.49913284772806105,0.011446409989594173,5.6,0.0796398891966759,0.583939079266182,0.24610591900311526,0.16995500173070266,259297.0,31621.0,16175.0,14418.0,37.0,2.2,0.459993072393488,0.5400069276065119,0.0,0.22899999999999998,53314.0,0.01275154413229727,0.155,0.095,0.369938884644767,0.27766881479405997,0.0048493245583650845,0.036703601108033244,0.166
K7L,0.4312796208530806,0.24229857819905212,0.3246445497630332,0.0017772511848341231,5.9,0.05952380952380952,0.6960142772159429,0.18084473527662107,0.12314098750743604,425724.0,17749.0,11904.0,8441.0,44.6,2.0,0.513095238095238,0.4869047619047619,0.0,0.162,67107.0,0.05345060893098782,0.09699999999999999,0.077,0.4136439267886855,0.5105868118572293,0.004169148302561048,0.017857142857142856,0.138
K7M,0.4976947342877942,0.1977675321523902,0.30453773355981556,0.0,6.4,0.05591866376180102,0.5975314617618587,0.2971926427879961,0.10527589545014521,296652.0,47676.0,21655.0,20605.0,44.6,2.2,0.6110842207163601,0.3889157792836399,0.0,0.139,66454.0,0.019613040021203287,0.141,0.08,0.39149316643249454,0.31509754028838,0.005809731299927378,0.0336480271120794,0.14
K7N,0.6672212978369384,0.04159733777038269,0.2911813643926789,0.0,6.9,0.064891846921797,0.6023294509151415,0.1314475873544093,0.26622296173044924,259626.0,7900.0,3060.0,3007.0,40.3,2.5,0.7603993344425957,0.23960066555740434,0.0,0.09300000000000001,77504.0,0.008438818565400843,0.138,0.067,0.31643499591169255,0.16666666666666666,0.0,0.029950083194675542,0.131
K7P,0.6966360856269113,0.06605504587155964,0.23730886850152905,0.0,7.2,0.030543677458766034,0.20354523227383864,0.39486552567237165,0.4015892420537897,344729.0,21653.0,8308.0,8178.0,41.2,2.6,0.8191814294441051,0.18081857055589493,0.0,0.061,91968.0,0.02457075192421551,0.099,0.064,0.3233040022707919,0.32783326096396004,0.004886988393402566,0.023824068417837508,0.136
K7R,0.7257663628831814,0.0,0.27340513670256833,0.0008285004142502071,6.7,0.07071547420965059,0.6622296173044925,0.21713810316139767,0.12063227953410982,249934.0,14406.0,6541.0,6034.0,48.8,2.3,0.7312811980033278,0.2687188019966722,0.0,0.154,64256.0,0.009619588981198076,0.18100000000000002,0.053,0.4328547297297297,0.13082811412665274,0.0016638935108153079,0.02493765586034913,0.16
K7S,0.660427807486631,0.00980392156862745,0.3244206773618538,0.0053475935828877,6.5,0.06589492430988424,0.5668449197860963,0.23707664884135474,0.19607843137254902,250878.0,12986.0,5899.0,5608.0,48.2,2.3,0.7153024911032029,0.2846975088967972,0.0,0.13699999999999998,67367.0,0.0124282982791587,0.157,0.064,0.392175128085701,0.14864864864864866,0.0026714158504007124,0.025823686553873553,0.142
K7V,0.7381150959132611,0.0,0.2468723936613845,0.015012510425354461,6.4,0.08862876254180602,0.6969949916527546,0.18030050083472454,0.12270450751252086,219786.0,13438.0,6619.0,5997.0,50.6,2.2,0.725752508361204,0.27424749163879597,0.0,0.175,56771.0,0.010185185185185186,0.192,0.077,0.4206989247311828,0.12306558585114223,0.0016722408026755853,0.0225752508361204,0.154
K8A,0.740045766590389,0.0,0.2594965675057208,0.0004576659038901602,6.6,0.09124087591240876,0.6771545827633378,0.2111263109895121,0.11171910624715002,231910.0,25771.0,11691.0,10925.0,46.0,2.3,0.7157846715328468,0.2842153284671533,0.0,0.145,63432.0,0.013031718711581017,0.159,0.073,0.40764482431149096,0.14497041420118342,0.0027384755819260614,0.023722627737226276,0.157
K8B,0.9354838709677419,0.0,0.06451612903225806,0.0,8.3,0.0,0.0,0.8076923076923077,0.19230769230769232,310659.0,442.0,159.0,156.0,40.8,2.9,0.8928571428571429,0.10714285714285714,0.0,0.045,100864.0,0.014705882352941176,0.095,0.065,0.27692307692307694,0.18421052631578946,0.0,0.0,0.0
K8H,0.6651665166516652,0.0,0.3339333933393339,0.0009000900090009,7.0,0.07194244604316546,0.5161870503597122,0.2580935251798561,0.22571942446043167,273035.0,15205.0,5922.0,5555.0,30.1,2.6,0.6205035971223022,0.37949640287769787,0.0,0.043,85967.0,0.008095238095238095,0.077,0.042,0.24954212454212454,0.19877300613496932,0.0017985611510791368,0.017985611510791366,0.087
K8N,0.6740800646987465,0.07885159725030327,0.2426202992317024,0.004448038819247877,6.6,0.07229402261712439,0.6647796198948646,0.17994338859684594,0.15527699150828952,239958.0,28462.0,12984.0,12363.0,46.7,2.3,0.6941414141414142,0.3058585858585859,0.0,0.15,63595.0,0.018941868060091443,0.159,0.055999999999999994,0.4197635135135135,0.20631651218674907,0.005250403877221325,0.027474747474747475,0.152
K8P,0.4880952380952381,0.11471861471861472,0.39664502164502163,0.0005411255411255411,6.1,0.06984298863021116,0.6737012987012987,0.22294372294372294,0.10335497835497835,214311.0,21289.0,9686.0,9243.0,44.2,2.2,0.5227272727272727,0.4772727272727273,0.0,0.215,51520.0,0.008659301283965363,0.20600000000000002,0.08800000000000001,0.4292316580011554,0.1413094677343382,0.007575757575757576,0.04112554112554113,0.163
K8R,0.9814814814814815,0.0,0.009259259259259259,0.009259259259259259,7.8,0.017857142857142856,0.8440366972477065,0.13761467889908258,0.01834862385321101,224935.0,1418.0,544.0,539.0,44.9,2.6,0.9285714285714286,0.07142857142857142,0.0,0.049,82240.0,0.008771929824561403,0.139,0.040999999999999995,0.3881856540084388,0.1095890410958904,0.0,0.0,0.076
K8V,0.6640316205533597,0.04391743522178305,0.2648221343873518,0.027228809837505488,6.6,0.06851119894598155,0.663444639718805,0.22495606326889278,0.11159929701230228,200530.0,27192.0,11792.0,11384.0,43.3,2.3,0.6609574000878349,0.3390425999121651,0.0,0.155,62514.0,0.00702576112412178,0.17300000000000001,0.068,0.4001349527665317,0.09968630184733357,0.004393673110720563,0.029437609841827767,0.132
K9A,0.6581818181818182,0.03272727272727273,0.29818181818181816,0.01090909090909091,6.7,0.06409090909090909,0.5316052751250568,0.26557526148249205,0.2028194633924511,300976.0,25677.0,11353.0,10999.0,52.3,2.3,0.7527272727272727,0.24727272727272728,0.0,0.11,69451.0,0.023832221163012392,0.154,0.084,0.44759926131117267,0.1997513468711148,0.003181818181818182,0.023625624716038164,0.149
K9H,0.5393518518518519,0.03009259259259259,0.42978395061728397,0.0007716049382716049,6.0,0.07786728039892597,0.7424184261036468,0.15930902111324377,0.09827255278310941,259700.0,28597.0,14046.0,12960.0,42.8,2.1,0.5648503453568687,0.4351496546431312,0.0,0.22899999999999998,50900.0,0.012134344528710726,0.18600000000000003,0.09699999999999999,0.4217900460058553,0.26640513552068473,0.004604758250191865,0.028779739063699156,0.17300000000000001
K9J,0.6199890170236134,0.10845689181768259,0.2677100494233937,0.003844041735310269,6.4,0.06820049301561217,0.7417853231106243,0.1774370208105148,0.0807776560788609,275319.0,43047.0,19192.0,18207.0,44.9,2.3,0.6292442497261774,0.3702081051478642,0.000547645125958379,0.18,58121.0,0.014761765565624087,0.17300000000000001,0.086,0.4052572392465561,0.19554342883128695,0.005751848808545604,0.03204601479046836,0.17
K9K,0.750253807106599,0.007106598984771574,0.24263959390862944,0.0,7.6,0.028426395939086295,0.2198581560283688,0.4316109422492401,0.3485309017223911,329987.0,13155.0,5105.0,4927.0,45.6,2.6,0.8578680203045685,0.14213197969543148,0.0,0.078,86864.0,0.028488652824722356,0.114,0.069,0.3718546132339236,0.3163265306122449,0.0030425963488843813,0.013197969543147208,0.127
K9L,0.7562277580071174,0.04092526690391459,0.20284697508896798,0.0,7.5,0.035650623885918005,0.38146167557932265,0.31194295900178254,0.3065953654188948,300895.0,7364.0,2923.0,2811.0,42.8,2.6,0.8535714285714285,0.14642857142857144,0.0,0.086,81899.0,0.01619778346121057,0.13699999999999998,0.07200000000000001,0.37530662305805396,0.2878179384203481,0.0035650623885918,0.016042780748663103,0.136
K9V,0.6763948497854078,0.05836909871244635,0.26180257510729615,0.0034334763948497852,6.5,0.052450558899398106,0.5595186935969059,0.25010743446497635,0.19037387193811775,276436.0,27760.0,12554.0,11654.0,50.1,2.3,0.7185217017619252,0.2814782982380748,0.0,0.16,59154.0,0.01292810161034248,0.192,0.083,0.45165562913907287,0.13892078071182548,0.005588993981083405,0.026225279449699053,0.16699999999999998
L0A,0.9554655870445344,0.0,0.043522267206477734,0.0010121457489878543,7.7,0.052899287894201424,0.5423037716615698,0.31396534148827726,0.1437308868501529,379691.0,13590.0,5089.0,4940.0,44.9,2.7,0.9237029501525941,0.0762970498474059,0.0,0.069,93920.0,0.02692664809656453,0.1,0.062,0.33153638814016173,0.16710875331564987,0.004073319755600814,0.0254323499491353,0.159
L0B,0.956366874443455,0.0008904719501335708,0.03383793410507569,0.008904719501335707,7.6,0.07836153161175423,0.6755793226381461,0.23351158645276293,0.09090909090909091,449294.0,15146.0,5988.0,5615.0,47.2,2.7,0.905693950177936,0.09430604982206406,0.0,0.07400000000000001,93232.0,0.035930561162696814,0.096,0.069,0.3409178557655226,0.1670630202140309,0.0035587188612099642,0.016918967052537846,0.161
L0C,0.9394387001477105,0.0014771048744460858,0.05760709010339734,0.0014771048744460858,7.7,0.07380607814761216,0.5739130434782609,0.26956521739130435,0.1565217391304348,500540.0,9414.0,3539.0,3383.0,46.3,2.8,0.8885672937771346,0.11143270622286541,0.0,0.078,95330.0,0.03016393442622951,0.094,0.064,0.3053097345132743,0.18400770712909442,0.004341534008683068,0.014450867052023121,0.201
L0E,0.8947040498442368,0.0,0.09595015576323987,0.009345794392523364,6.8,0.08504034761018,0.6229813664596273,0.2484472049689441,0.12857142857142856,399891.0,20497.0,9815.0,8027.0,46.5,2.5,0.8645121193287756,0.13548788067122436,0.0,0.127,74022.0,0.015907005200367086,0.13699999999999998,0.057,0.35361216730038025,0.12382234185733512,0.0031036623215394167,0.03600248292985723,0.252
L0G,0.8494815874150876,0.00893814801573114,0.14086521272792277,0.0007150518412584912,7.6,0.053418803418803416,0.4873530459565372,0.3245457784111151,0.1881011756323477,600889.0,39873.0,14486.0,13986.0,43.6,2.8,0.8885327635327636,0.11146723646723647,0.0,0.071,101083.0,0.041679923639834554,0.084,0.055,0.2948055893074119,0.22921972678860847,0.003918774492340577,0.02101139601139601,0.19
L0H,0.9688888888888889,0.0,0.03111111111111111,0.0,8.3,0.058823529411764705,0.481981981981982,0.4144144144144144,0.1036036036036036,949304.0,3385.0,1192.0,1124.0,46.4,3.0,0.8378378378378378,0.16216216216216217,0.0,0.08900000000000001,110507.0,0.07733812949640288,0.064,0.061,0.33570159857904086,0.3581267217630854,0.00904977375565611,0.03167420814479638,0.258
L0J,0.9440559440559441,0.0,0.055944055944055944,0.0,9.1,0.0410958904109589,0.2945205479452055,0.2945205479452055,0.410958904109589,1504231.0,5003.0,1512.0,1433.0,43.3,3.4,0.9140893470790378,0.0859106529209622,0.0,0.046,160666.0,0.14133333333333334,0.032,0.038,0.30012610340479196,0.37065637065637064,0.0,0.0136986301369863,0.237
L0K,0.9139004149377593,0.0,0.08298755186721991,0.0031120331950207467,6.9,0.08602890571231935,0.5535283993115319,0.2874354561101549,0.15903614457831325,299924.0,34722.0,21324.0,14461.0,50.3,2.4,0.8819683413626979,0.11803165863730214,0.0,0.12,71924.0,0.016966759002770084,0.152,0.071,0.4018660446517827,0.12442768650686777,0.0020646937370956643,0.02202339986235375,0.21100000000000002
L0L,0.9534412955465587,0.0008675534991324465,0.04424522845575477,0.0014459224985540775,7.8,0.0574245939675174,0.47318063206726585,0.3174833285010148,0.20933603943171933,449197.0,46902.0,21825.0,17286.0,45.8,2.7,0.910092807424594,0.08990719257540604,0.0,0.077,93394.0,0.0380398890503236,0.095,0.057,0.31779769526248397,0.22057953873447664,0.0031902552204176333,0.018846042331110466,0.163
L0M,0.8309748427672956,0.005110062893081761,0.15212264150943397,0.01179245283018868,7.3,0.06609307782557684,0.46517996870109546,0.28794992175273865,0.2468701095461659,349998.0,35844.0,13706.0,12715.0,39.9,2.7,0.8404380132968322,0.15956198670316776,0.0,0.086,83937.0,0.016562384983437616,0.111,0.061,0.2900105522335561,0.14285714285714285,0.005084082909659757,0.028157997653500196,0.175
L0N,0.9549295774647887,0.0,0.03943661971830986,0.005633802816901409,7.7,0.0838150289017341,0.5784883720930233,0.2936046511627907,0.12790697674418605,537312.0,5050.0,2111.0,1772.0,44.0,2.8,0.8760806916426513,0.1239193083573487,0.0,0.11599999999999999,90010.0,0.03176620076238882,0.098,0.067,0.3007246376811594,0.17422867513611615,0.01440922190201729,0.049132947976878616,0.215
L0P,0.9519725557461407,0.0,0.030874785591766724,0.017152658662092625,8.4,0.061511423550087874,0.6010544815465729,0.26362038664323373,0.13532513181019332,801021.0,8543.0,3202.0,2915.0,46.7,2.9,0.9172535211267606,0.08274647887323944,0.0,0.07,113920.0,0.08296943231441048,0.067,0.063,0.333805811481219,0.33144796380090497,0.007029876977152899,0.0351493848857645,0.16399999999999998
L0R,0.7464768269649862,0.012785122766235653,0.23725119860525934,0.0034868516635188146,7.3,0.04255010165553297,0.3752541388324136,0.28071449317455704,0.34403136799302936,438307.0,97999.0,35050.0,34415.0,40.3,2.8,0.8976183560848098,0.10238164391519024,0.0,0.064,96701.0,0.03141921251420549,0.096,0.044000000000000004,0.30222652468538236,0.2519925218931418,0.0062445541678768516,0.025704327621260528,0.156
L0S,0.8509107263323589,0.004272543287609625,0.13964470429503037,0.005172026085001125,7.2,0.05611899932386748,0.5308836789900812,0.24188458070333635,0.2272317403065825,375243.0,55265.0,26504.0,22237.0,51.5,2.4,0.8785488958990536,0.12145110410094637,0.0,0.09300000000000001,81381.0,0.034554858589193355,0.122,0.057,0.4066239316239316,0.26726017441860467,0.00473186119873817,0.020730058584948176,0.155
L1A,0.7102446483180428,0.05581039755351682,0.2324159021406728,0.0015290519877675841,6.7,0.07904834996162702,0.6730621642363775,0.1642363775901765,0.1627014581734459,299398.0,15304.0,6739.0,6536.0,51.0,2.3,0.7680491551459293,0.23195084485407066,0.0,0.11599999999999999,71266.0,0.022845691382765532,0.145,0.067,0.4024012393493416,0.17245817245817247,0.0023023791250959325,0.03225806451612903,0.166
L1B,0.9001074113856069,0.0,0.09022556390977443,0.00966702470461869,6.9,0.034408602150537634,0.27018299246501615,0.36167922497308935,0.3681377825618945,399679.0,11977.0,4745.0,4656.0,46.7,2.6,0.9171151776103337,0.08288482238966631,0.0,0.055,87834.0,0.0286607608129234,0.12300000000000001,0.075,0.4075757575757576,0.18877551020408162,0.005376344086021506,0.01935483870967742,0.154
L1C,0.7036679536679536,0.01705276705276705,0.277992277992278,0.001287001287001287,7.0,0.041091492776886035,0.34178433889602056,0.31129653401797175,0.3469191270860077,399843.0,43531.0,15805.0,15537.0,36.8,2.8,0.834991974317817,0.16500802568218298,0.0,0.075,92075.0,0.021462517246665643,0.095,0.07400000000000001,0.2885202968136185,0.18010471204188483,0.0038510911424903724,0.030176565008025683,0.158
L1E,0.8213318895506226,0.0005414185165132648,0.1781266919328641,0.0,7.5,0.024959305480195332,0.10200759631036353,0.5903418339663592,0.30765056972327726,425423.0,27117.0,9321.0,9233.0,37.8,2.9,0.9327548806941431,0.06724511930585683,0.0,0.049,105588.0,0.02598652550529355,0.078,0.076,0.27203856749311295,0.2108054358634405,0.00596529284164859,0.026572668112798264,0.16
L1G,0.46356502242152464,0.22393497757847533,0.3125,0.0,6.2,0.08466051969823973,0.7712290502793296,0.19329608938547485,0.03547486033519553,349601.0,41124.0,18496.0,17836.0,46.3,2.2,0.598770606314613,0.40122939368538696,0.0,0.165,62653.0,0.013523666416228399,0.163,0.10300000000000001,0.4255197132616487,0.16537285344624794,0.010338083263481419,0.04414640961162336,0.198
L1H,0.5795158286778399,0.06666666666666667,0.3538175046554935,0.0,6.2,0.08370535714285714,0.8062476757158795,0.14838229825213833,0.04537002603198215,320240.0,31261.0,14143.0,13424.0,44.3,2.3,0.6521577380952381,0.3478422619047619,0.0,0.183,60691.0,0.00904799370574351,0.17,0.10800000000000001,0.40220490401064435,0.10031527658354829,0.005208333333333333,0.04836309523809524,0.204
L1J,0.44763313609467453,0.12100591715976332,0.43136094674556213,0.0,6.3,0.09150521609538002,0.7543964232488822,0.2262295081967213,0.019374068554396422,324987.0,41793.0,17472.0,16897.0,42.2,2.5,0.6301043219076006,0.3698956780923994,0.0,0.16699999999999998,63795.0,0.009569377990430622,0.163,0.105,0.3911924506720046,0.11825413889486132,0.009242695289206918,0.04918032786885246,0.19699999999999998
L1K,0.7592446892210858,0.016522423288749016,0.22423288749016523,0.0,7.5,0.028649921507064365,0.14588235294117646,0.2811764705882353,0.5729411764705883,450303.0,39697.0,12815.0,12704.0,36.6,3.1,0.8854003139717426,0.11459968602825746,0.0,0.081,100427.0,0.022719389524800553,0.09699999999999999,0.08,0.30509025857863065,0.2375886524822695,0.01098901098901099,0.03218210361067504,0.201
L1L,0.8864265927977839,0.002770083102493075,0.11080332409972299,0.0,7.6,0.008241758241758242,0.06027397260273973,0.019178082191780823,0.9205479452054794,598735.0,5742.0,2023.0,1799.0,33.0,3.2,0.8846153846153846,0.11538461538461539,0.0,0.09699999999999999,102940.0,0.03151515151515152,0.08,0.081,0.2940503432494279,0.37422360248447206,0.027472527472527472,0.04395604395604396,0.255
L1M,0.8608438193930422,0.0,0.1391561806069578,0.0,8.0,0.020694752402069475,0.11225997045790251,0.21344165435745938,0.6742983751846381,599542.0,21878.0,6842.0,6752.0,36.3,3.2,0.9505169867060561,0.04948301329394387,0.0,0.036000000000000004,129002.0,0.060067114093959734,0.057999999999999996,0.051,0.2608005082592122,0.3626037570991699,0.005173688100517369,0.01772525849335303,0.162
L1N,0.5981586785810994,0.11535337124289195,0.28621716761440563,0.00027078256160303275,6.7,0.047824912185895706,0.4613722312263641,0.3951917882225824,0.14343598055105347,450090.0,47572.0,18892.0,18459.0,44.0,2.5,0.7446636044312348,0.2553363955687652,0.0,0.092,85673.0,0.026078898596769925,0.11,0.077,0.34177215189873417,0.26015625,0.007835720075655228,0.03296406376654958,0.171
L1P,0.7007366482504604,0.1298342541436464,0.1685082872928177,0.0009208103130755065,7.4,0.03824626865671642,0.2446311858076564,0.32212885154061627,0.4332399626517274,552812.0,17479.0,5443.0,5427.0,36.8,3.2,0.8152985074626866,0.18470149253731344,0.0,0.10300000000000001,109137.0,0.04716981132075472,0.073,0.08800000000000001,0.3017596405840509,0.3146551724137931,0.029850746268656716,0.06623134328358209,0.171
L1R,0.7470023980815348,0.02877697841726619,0.22382094324540366,0.0003996802557953637,7.6,0.015968063872255488,0.027944111776447105,0.5197604790419161,0.45229540918163674,536280.0,40287.0,12624.0,12507.0,38.0,3.2,0.9049520766773163,0.0950479233226837,0.0,0.071,114133.0,0.044317609535000836,0.07,0.079,0.2848141146817895,0.3415370327374042,0.010379241516966068,0.0343313373253493,0.17800000000000002
L1S,0.5311367380560131,0.12520593080724876,0.3436573311367381,0.0,6.6,0.04641211323238973,0.5337504115903853,0.3375041159038525,0.12874547250576227,448547.0,40689.0,15436.0,15172.0,42.5,2.7,0.7818361303060217,0.21816386969397827,0.0,0.10300000000000001,83781.0,0.019085731876250577,0.114,0.08800000000000001,0.32374415887850466,0.24451827242524918,0.014483212639894667,0.05628703094140882,0.221
L1T,0.7538407821229051,0.016410614525139665,0.22939944134078213,0.00034916201117318437,7.4,0.023426573426573425,0.06018194541637509,0.5139958012596221,0.4258222533240028,556718.0,50536.0,14512.0,14320.0,36.6,3.5,0.9080419580419581,0.09195804195804196,0.0,0.08900000000000001,107702.0,0.02579101302844988,0.085,0.08,0.2886405959031657,0.316209838446179,0.02727272727272727,0.07237762237762238,0.242
L1V,0.5482117310443491,0.12417739628040057,0.3273247496423462,0.0002861230329041488,7.2,0.040022870211549454,0.27171428571428574,0.5942857142857143,0.134,549666.0,51910.0,17740.0,17470.0,41.9,2.9,0.872462110380326,0.127537889619674,0.0,0.084,99216.0,0.0344488188976378,0.092,0.08,0.3253682867416773,0.3155927376290495,0.014865637507146942,0.043167524299599774,0.221
L1W,0.5755725190839694,0.07022900763358779,0.3519083969465649,0.0022900763358778627,7.1,0.03208556149732621,0.7018348623853211,0.18042813455657492,0.11773700305810397,500474.0,17033.0,6791.0,6549.0,44.8,2.6,0.8517952635599695,0.14820473644003057,0.0,0.08,89317.0,0.03130622526088521,0.10099999999999999,0.087,0.3251639627200552,0.271436086270384,0.008396946564885497,0.03132161955691368,0.22699999999999998
L1X,0.7567804024496938,0.0008748906386701663,0.24234470691163604,0.0,7.6,0.033304119193689745,0.07449605609114812,0.6406660823838738,0.2848378615249781,598702.0,19481.0,5855.0,5717.0,36.8,3.4,0.9342105263157895,0.06578947368421052,0.0,0.08900000000000001,110720.0,0.03195425496131853,0.081,0.078,0.29913710450623204,0.3434343434343434,0.035056967572304996,0.054385964912280704,0.22699999999999998
L1Y,0.9084507042253521,0.0,0.09154929577464789,0.0,7.9,0.07042253521126761,0.6267605633802817,0.2605633802816901,0.11267605633802817,750420.0,2005.0,740.0,711.0,46.7,2.8,0.7183098591549296,0.28169014084507044,0.0,0.096,114560.0,0.0790273556231003,0.067,0.049,0.2915451895043732,0.29515418502202645,0.0,0.02127659574468085,0.19399999999999998
L1Z,0.7243947858472998,0.0,0.2756052141527002,0.0,7.1,0.018633540372670808,0.024875621890547265,0.1890547263681592,0.7860696517412935,580262.0,28446.0,8154.0,8054.0,33.8,3.5,0.9341205717837165,0.06587942821628341,0.0,0.09300000000000001,105984.0,0.02488572879634332,0.079,0.077,0.2572515454113172,0.3610489286856412,0.038485412787088766,0.06273291925465839,0.303
L2A,0.771613832853026,0.0446685878962536,0.18371757925072046,0.0,6.6,0.08823529411764706,0.7451543431442929,0.15793251974156497,0.09691313711414214,200381.0,16532.0,7529.0,6944.0,48.3,2.3,0.7338593974175036,0.2661406025824964,0.0,0.183,57127.0,0.011376564277588168,0.193,0.08900000000000001,0.4362050163576881,0.14049586776859505,0.006456241032998565,0.03156384505021521,0.192
L2E,0.613354873451804,0.06031233171782445,0.3236402800215401,0.0026925148088314485,6.2,0.09341252699784017,0.8491891891891892,0.11189189189189189,0.03891891891891892,214449.0,20956.0,9906.0,9289.0,47.0,2.2,0.6211548839719374,0.3788451160280626,0.0,0.223,49111.0,0.006731050629206907,0.21100000000000002,0.085,0.40534329215742604,0.14383875400824553,0.004319654427645789,0.04265658747300216,0.204
L2G,0.6366083445491252,0.019291161956034097,0.3436518618214446,0.00044863167339614175,6.3,0.09299191374663072,0.7907498877413561,0.14099685675797036,0.06825325550067356,219956.0,26096.0,11711.0,11148.0,45.1,2.3,0.6401617250673854,0.35983827493261455,0.0,0.18899999999999997,54289.0,0.005676442762535478,0.201,0.09,0.40150995195607414,0.11502177068214804,0.008984725965858042,0.04269662921348315,0.16
L2H,0.7134043746494672,0.022434099831744252,0.26247896803140774,0.0016825574873808188,7.1,0.027359017308766054,0.22892238972640983,0.400893355667225,0.37018425460636517,320140.0,25616.0,9140.0,8916.0,41.0,2.8,0.8419877163595757,0.15801228364042436,0.0,0.115,80348.0,0.015921931176168466,0.12300000000000001,0.062,0.3272458045409674,0.2697881828316611,0.00893355667225014,0.02847571189279732,0.185
L2J,0.7140495867768595,0.07272727272727272,0.21322314049586777,0.0,7.1,0.04702970297029703,0.7563996696944674,0.16928158546655656,0.07431874483897605,274683.0,14463.0,6121.0,6051.0,49.4,2.4,0.8100743187448389,0.18992568125516102,0.0,0.109,67597.0,0.0170265780730897,0.157,0.071,0.4005636070853462,0.2139917695473251,0.006606110652353427,0.024752475247524754,0.154
L2M,0.593939393939394,0.1319073083778966,0.2737967914438503,0.00035650623885918,6.3,0.05565465572600785,0.8004996431120628,0.15667380442541043,0.042826552462526764,265990.0,32759.0,14395.0,14020.0,45.7,2.3,0.6642882625758116,0.33571173742418836,0.0,0.174,58477.0,0.008327024981074944,0.185,0.08199999999999999,0.41121835731196504,0.18751875187518752,0.008919015340706386,0.03283369022127052,0.157
L2N,0.5780413159908186,0.11591430757459832,0.306044376434583,0.0,6.6,0.044707680550248374,0.7817278287461774,0.17928134556574923,0.0389908256880734,286902.0,30648.0,13306.0,13068.0,51.2,2.2,0.742453190676347,0.25754680932365304,0.0,0.114,67315.0,0.0205686630369026,0.151,0.08,0.41622574955908287,0.26161790017211706,0.006493506493506494,0.02482811306340718,0.162
L2P,0.5161030595813204,0.04669887278582931,0.43719806763285024,0.0,6.1,0.056451612903225805,0.7092084006462036,0.16478190630048464,0.1260096930533118,219284.0,14517.0,6432.0,6210.0,40.5,2.3,0.6583400483481063,0.3416599516518936,0.0,0.191,56174.0,0.005985463873450192,0.18100000000000002,0.087,0.36783505154639173,0.15167095115681234,0.009669621273166801,0.03387096774193549,0.162
L2R,0.510061242344707,0.12073490813648294,0.36920384951881013,0.0,5.7,0.09486166007905138,0.8492307692307692,0.10197802197802198,0.04879120879120879,214431.0,24496.0,12535.0,11432.0,41.0,2.1,0.5204216073781291,0.4795783926218709,0.0,0.239,47245.0,0.016422435573521982,0.162,0.08800000000000001,0.3660227835562159,0.23231571109456442,0.007465963987703118,0.048726953467954345,0.209
L2S,0.6198347107438017,0.022727272727272728,0.3450413223140496,0.012396694214876033,6.6,0.05281207133058985,0.4247422680412371,0.3965635738831615,0.17869415807560138,299993.0,19006.0,7503.0,7256.0,41.0,2.6,0.7558299039780522,0.24417009602194786,0.0,0.165,68701.0,0.017514314584035028,0.139,0.067,0.37985242220083415,0.27567020738492665,0.013031550068587106,0.038408779149519894,0.163
L2T,0.6400437636761488,0.20459518599562362,0.15536105032822758,0.0,6.6,0.06043956043956044,0.8032967032967033,0.15164835164835164,0.045054945054945054,299873.0,10684.0,5398.0,4571.0,46.0,2.3,0.7087912087912088,0.29120879120879123,0.0,0.185,61914.0,0.024889380530973452,0.145,0.084,0.44089456869009586,0.3119266055045872,0.007692307692307693,0.03512623490669594,0.18899999999999997
L2V,0.6628175519630485,0.02617397998460354,0.31100846805234794,0.0,6.7,0.06058282208588957,0.6418711656441718,0.2415644171779141,0.1165644171779141,250582.0,16268.0,7509.0,6499.0,40.2,2.5,0.7024539877300614,0.29754601226993865,0.0,0.154,62522.0,0.009198926791874281,0.156,0.087,0.35753575357535755,0.1962286387743076,0.004601226993865031,0.03680981595092025,0.161
L2W,0.6044776119402985,0.0,0.39552238805970147,0.0,7.6,0.051094890510948905,0.07246376811594203,0.644927536231884,0.2826086956521739,501163.0,2043.0,678.0,671.0,38.5,3.0,0.6594202898550725,0.34057971014492755,0.0,0.204,89984.0,0.05573770491803279,0.10099999999999999,0.071,0.35384615384615387,0.45098039215686275,0.028985507246376812,0.050724637681159424,0.198
L3B,0.6500974658869396,0.0297270955165692,0.31968810916179335,0.0004873294346978557,6.2,0.10131514856307842,0.8050682261208577,0.11257309941520467,0.08235867446393762,180347.0,22980.0,10728.0,10255.0,46.0,2.2,0.6531904529956162,0.3468095470043838,0.0,0.22399999999999998,49180.0,0.005947553392808867,0.22399999999999998,0.10099999999999999,0.434589220303506,0.07866075030254134,0.007793472966390648,0.027277155382367267,0.188
L3C,0.662742119255602,0.08887200911507785,0.24838587162932016,0.0,6.8,0.05131128848346636,0.6011406844106464,0.25627376425855514,0.14258555133079848,249968.0,31670.0,13545.0,13159.0,45.4,2.4,0.7416413373860182,0.25835866261398177,0.0,0.134,65020.0,0.009010773751224289,0.17,0.077,0.40976805581746184,0.19398307740520213,0.003800836183960471,0.02242493348536678,0.147
L3K,0.7364485981308411,0.02367601246105919,0.23862928348909657,0.0012461059190031153,6.5,0.07927590511860175,0.80375,0.13625,0.06,200038.0,18226.0,8708.0,8028.0,50.1,2.2,0.7401623985009369,0.2598376014990631,0.0,0.16,56800.0,0.010462369220384746,0.19699999999999998,0.09699999999999999,0.44291789335950277,0.11697497279651796,0.0037476577139287947,0.022485946283572766,0.17800000000000002
L3M,0.6792360430950048,0.025465230166503428,0.29529872673849167,0.0,7.2,0.04064642507345739,0.45784313725490194,0.2549019607843137,0.2872549019607843,401248.0,26845.0,10417.0,10214.0,43.6,2.6,0.8560235063663075,0.14397649363369247,0.0,0.06,93115.0,0.034761904761904765,0.1,0.047,0.3337946943483276,0.2844332855093257,0.002939735423811857,0.022037218413320275,0.147
L3P,0.7869047619047619,0.06706349206349206,0.14603174603174604,0.0,7.7,0.03774334525228447,0.43441971383147854,0.5115262321144675,0.05405405405405406,849124.0,37764.0,12889.0,12601.0,46.1,3.0,0.8827969805323799,0.11720301946762018,0.0,0.099,100291.0,0.043463944682252224,0.09,0.063,0.36217146433041303,0.4318637274549098,0.009535160905840286,0.026629570747217807,0.212
L3R,0.6202143950995406,0.1498213374170495,0.2299642674834099,0.0,6.7,0.03115423901940756,0.1987228607918263,0.5484035759897828,0.25287356321839083,850985.0,62298.0,20441.0,19587.0,44.3,3.2,0.8699872286079182,0.13001277139208173,0.0,0.177,82036.0,0.03488718815227115,0.098,0.08,0.4107429434532238,0.4099616858237548,0.03804902962206333,0.07151979565772669,0.307
L3S,0.6912845642282114,0.016100805040252013,0.2926146307315366,0.0,6.7,0.02345117255862793,0.041652082604130204,0.6828841442072103,0.27546377318865944,800436.0,56117.0,14906.0,14287.0,38.2,3.9,0.8728991596638656,0.12710084033613445,0.0,0.154,84688.0,0.01209631404770056,0.131,0.091,0.375053487376979,0.28856361589190926,0.08995449772488624,0.1144557227861393,0.34299999999999997
L3T,0.42871768620424877,0.35884310212439213,0.21218326081392372,0.0002559508574353724,6.1,0.04505888376856119,0.5207267144319345,0.263050153531218,0.21622313203684748,798769.0,50669.0,20181.0,19526.0,45.7,2.6,0.775416133162612,0.22458386683738796,0.0,0.177,79455.0,0.04604007633587786,0.087,0.065,0.38007044654016586,0.5574007220216607,0.03942652329749104,0.08218125960061444,0.298
L3V,0.6596761348553225,0.044332359968144414,0.27767454207592246,0.018316963100610567,6.4,0.07148551687483391,0.5900637619553666,0.24521785334750265,0.1647183846971307,289747.0,44915.0,20774.0,18841.0,47.3,2.3,0.701195219123506,0.2942895086321381,0.0045152722443559095,0.155,61321.0,0.015431669678854442,0.16899999999999998,0.077,0.4041031178296666,0.17067785383086775,0.0037204358224820623,0.036131774707757705,0.182
L3X,0.6443839875631558,0.00777302759424796,0.3474543334628838,0.000388651379712398,7.6,0.018992248062015504,0.017060876308646764,0.45870492438929816,0.5242341993020551,752365.0,42239.0,13013.0,12857.0,37.4,3.3,0.8790697674418605,0.12093023255813953,0.0,0.091,113801.0,0.0498812351543943,0.064,0.063,0.26103272290603424,0.3986718080548415,0.01202016285381931,0.03914728682170543,0.233
L3Y,0.5784901138406231,0.07159976033553025,0.3496105452366687,0.0002995805871779509,6.9,0.05467107239411235,0.5728446981075398,0.36467407629918897,0.06248122559327125,600561.0,44469.0,17251.0,16690.0,45.6,2.6,0.73046875,0.26953125,0.0,0.109,82755.0,0.02797694362434978,0.10800000000000001,0.067,0.32295349469676365,0.27311191030251747,0.008408408408408409,0.03844998498047462,0.19899999999999998
L3Z,0.7329700272479565,0.02633969118982743,0.240236148955495,0.00045413260672116256,7.0,0.024489795918367346,0.27392290249433104,0.2947845804988662,0.4312925170068027,549099.0,33666.0,11312.0,11009.0,36.8,3.0,0.8241160471441523,0.17588395285584768,0.0,0.09,92741.0,0.01664025356576862,0.10300000000000001,0.057999999999999996,0.27781997721230534,0.19672564034856085,0.01904761904761905,0.0380952380952381,0.24100000000000002
L4A,0.7487649964714185,0.007410021171489062,0.24382498235709246,0.0,7.2,0.024381625441696114,0.2457627118644068,0.1853813559322034,0.5688559322033898,728576.0,42174.0,14433.0,14174.0,39.5,2.9,0.8862190812720848,0.1137809187279152,0.0,0.081,102022.0,0.04413160392280924,0.085,0.051,0.3157814640085223,0.3579609252189535,0.010954063604240283,0.024734982332155476,0.24100000000000002
L4B,0.4918580375782881,0.2918580375782881,0.2162839248434238,0.0,6.6,0.036620890553474825,0.021639617145235122,0.6013316687473991,0.37702871410736577,1000876.0,35858.0,12367.0,11975.0,43.4,3.0,0.8338884263114071,0.16611157368859283,0.0,0.174,83578.0,0.04282765737874097,0.073,0.07200000000000001,0.38291605301914583,0.5754576942107867,0.03079483978360383,0.06824802330420308,0.36200000000000004
L4C,0.5125427594070695,0.26605853287723297,0.22139870771569745,0.0,6.4,0.0407386255473063,0.35040944581984385,0.4757189106836793,0.17387164349647685,802344.0,71152.0,27583.0,26312.0,45.6,2.7,0.7354396650171298,0.2645603349828702,0.0,0.179,74046.0,0.03628371972765664,0.1,0.07400000000000001,0.3721253785088796,0.45840319876176966,0.022658035034272658,0.05825242718446602,0.33299999999999996
L4E,0.7410165101974749,0.0038847523470378763,0.2550987374554872,0.0,7.3,0.021359223300970873,0.06181229773462783,0.1488673139158576,0.7893203883495146,900310.0,52207.0,15905.0,15449.0,38.5,3.4,0.915210355987055,0.08478964401294499,0.0,0.12300000000000001,108774.0,0.04482531311799604,0.063,0.062,0.285466054362666,0.5059452007582285,0.016828478964401296,0.024587512131996118,0.337
L4G,0.603448275862069,0.04960212201591512,0.346684350132626,0.0002652519893899204,7.4,0.035003977724741446,0.2609387430389817,0.42429063908777515,0.3147706178732432,753352.0,55445.0,19381.0,18851.0,41.5,2.9,0.8387695571466455,0.16123044285335456,0.0,0.08900000000000001,106708.0,0.06647972894029676,0.059000000000000004,0.059000000000000004,0.28883441051927794,0.43380653681082865,0.006631299734748011,0.0294351630867144,0.214
L4H,0.7157894736842105,0.0002631578947368421,0.2839473684210526,0.0,7.4,0.015255128879537085,0.004996055745464107,0.2666316066263476,0.7283723376281883,802313.0,68382.0,19325.0,19003.0,35.9,3.6,0.9426466719284399,0.057353328071560114,0.0,0.073,117095.0,0.03310989234206785,0.077,0.053,0.27161086059675715,0.3464406779661017,0.025519600105235463,0.05181483429773803,0.261
L4J,0.5635059142912546,0.24781849912739964,0.18848167539267016,0.00019391118867558658,6.7,0.025232919254658384,0.08192583964278781,0.5637740244612697,0.35430013589594256,827290.0,77214.0,26277.0,25783.0,42.5,3.0,0.8604425465838509,0.13955745341614906,0.0,0.113,97967.0,0.05608325761955893,0.07200000000000001,0.065,0.334884454609985,0.5577655003069367,0.023680124223602484,0.051058046981168705,0.295
L4K,0.5243296921549155,0.11519364448857994,0.36047666335650447,0.0,6.4,0.027944111776447105,0.2073778664007976,0.47357926221335994,0.3190428713858425,697912.0,15591.0,5558.0,5033.0,43.1,3.1,0.8522954091816367,0.14770459081836326,0.0,0.08199999999999999,92123.0,0.015061434799841459,0.111,0.063,0.3311884935654807,0.39196272568433316,0.028942115768463075,0.05788423153692615,0.271
L4L,0.69519890260631,0.099039780521262,0.205761316872428,0.0,7.7,0.02914489964256255,0.18421776189166897,0.6378883695353313,0.1778938685729997,801334.0,54282.0,18774.0,18224.0,47.3,2.9,0.897196261682243,0.102803738317757,0.0,0.067,97503.0,0.03992881770659548,0.111,0.052000000000000005,0.37620785913678334,0.3040358744394619,0.010723123453395655,0.04729172394830904,0.196
L4M,0.586781449597334,0.08719800055540128,0.32435434601499585,0.0016662038322688142,6.7,0.06060606060606061,0.4599777654252362,0.2612562534741523,0.27876598110061146,376497.0,45991.0,18988.0,18005.0,38.4,2.5,0.6555462885738115,0.34445371142618847,0.0,0.14,71359.0,0.01788416563488788,0.124,0.07400000000000001,0.322978892871366,0.22536069904490957,0.006394217403391716,0.03836530442035029,0.218
L4N,0.6198764738910725,0.06709713644020214,0.3130263896687254,0.0,7.0,0.04143840427026268,0.22826239640398932,0.45146790279533644,0.32026970080067424,380495.0,98663.0,36532.0,35628.0,38.9,2.7,0.7457508076977104,0.25424919230228965,0.0,0.111,81891.0,0.020364701184613337,0.11,0.073,0.2957916852358821,0.2024401689347724,0.0067425200168563,0.0351172917544599,0.20199999999999999
L4P,0.779504613890238,0.009713453132588635,0.21029626032054397,0.00048567265662943174,6.8,0.05725376031052887,0.3255701115963125,0.4114507520621058,0.26297913634158177,450531.0,28916.0,10856.0,10297.0,39.4,2.8,0.8249272550921436,0.17507274490785646,0.0,0.10400000000000001,85733.0,0.015405224380442064,0.111,0.065,0.28858057630736395,0.1459227467811159,0.006789524733268671,0.03734238603297769,0.22399999999999998
L4R,0.6732108929702343,0.06396453451551615,0.2621912602913236,0.0006333122229259025,6.4,0.0740975300823306,0.6364787840405319,0.24192526915769474,0.12159594680177327,230010.0,18153.0,8286.0,7901.0,50.4,2.2,0.6782773907536416,0.3217226092463585,0.0,0.179,55813.0,0.011544991511035654,0.203,0.086,0.44770702738370177,0.1549597855227882,0.0018999366687777073,0.028499050031665613,0.182
L4S,0.656867469879518,0.0,0.34313253012048195,0.0,6.9,0.02407318247472316,0.0091478093403948,0.5387578237843043,0.4520943668753009,900671.0,35803.0,10607.0,10379.0,42.4,3.4,0.9027911453320501,0.09720885466794996,0.0,0.155,100683.0,0.0321805067505086,0.071,0.068,0.3548167092924126,0.5560640732265446,0.022617901828681425,0.04285026480500722,0.326
L4T,0.22130074203404626,0.1056307289393278,0.6708860759493671,0.002182453077258839,5.7,0.07158446093408992,0.7672489082969433,0.17729257641921398,0.055458515283842796,450120.0,38445.0,12359.0,11459.0,35.9,3.3,0.637276298559581,0.36272370144041904,0.0,0.217,61835.0,0.0013922728854855553,0.195,0.107,0.3834927841738284,0.27359198998748435,0.11130510694020078,0.18856394587516367,0.341
L4V,,,,,,,,,,,5.0,1.0,1.0,,,,,,,,,,,,,,,
L4W,0.527411519777932,0.24566273421235255,0.22623178348369188,0.0006939625260235947,6.7,0.050871080139372825,0.4236933797909408,0.5233449477351917,0.0529616724738676,689372.0,20761.0,7337.0,7199.0,48.0,2.8,0.7881533101045296,0.2118466898954704,0.0,0.10300000000000001,89424.0,0.026284348864994027,0.11599999999999999,0.062,0.3637668676428366,0.3826931975937066,0.024390243902439025,0.06829268292682927,0.204
L4X,0.23610108303249097,0.46498194945848376,0.26137184115523465,0.03754512635379061,5.2,0.078757225433526,0.753968253968254,0.18542568542568544,0.06060606060606061,599818.0,19592.0,7183.0,6928.0,39.2,2.8,0.4833815028901734,0.5166184971098265,0.0,0.22699999999999998,60429.0,0.012108980827447022,0.153,0.096,0.37372773536895676,0.3093629343629344,0.10910404624277456,0.18208092485549132,0.244
L4Y,0.3362930077691454,0.3462819089900111,0.3174250832408435,0.0,6.0,0.07277777777777777,0.8415786548082268,0.12006670372429128,0.03835464146748194,600056.0,23796.0,9170.0,9012.0,44.8,2.6,0.6859366314619233,0.3140633685380767,0.0,0.15,72815.0,0.01993181222134802,0.135,0.077,0.3861187672262591,0.30036043251902284,0.042777777777777776,0.08611111111111111,0.22699999999999998
L4Z,0.2791062328498628,0.2908663269306154,0.4300274402195218,0.0,5.7,0.03057624460995688,0.16111328890631124,0.5668365346922776,0.2720501764014112,550172.0,38102.0,13151.0,12758.0,38.6,3.0,0.7169737357898863,0.2830262642101137,0.0,0.152,80869.0,0.015128593040847202,0.102,0.08199999999999999,0.30926042983565105,0.4055848020141909,0.06191222570532915,0.11093688749509996,0.264
L5A,0.1512168444079847,0.5870932458299152,0.2616899097621001,0.0,5.0,0.07234507234507234,0.712998361551065,0.24576734025122884,0.04123429819770617,400830.0,47828.0,18649.0,18283.0,40.6,2.6,0.5001365001365001,0.49986349986349987,0.0,0.20600000000000002,61511.0,0.009209823812066203,0.151,0.08900000000000001,0.36318785578747625,0.3333964766054177,0.08026208026208026,0.15615615615615616,0.307
L5B,0.15310233682514102,0.6798952457695407,0.1670024174053183,0.0,4.6,0.034045124899274776,0.21711983887210473,0.3798590130916415,0.4030211480362538,376745.0,63394.0,26478.0,24822.0,37.3,2.5,0.5883182275931521,0.41168177240684795,0.0,0.242,63412.0,0.012781803542673107,0.11699999999999999,0.096,0.362661351556568,0.4639403150041448,0.08460918614020951,0.16377921031426268,0.35200000000000004
L5C,0.4555160142348754,0.15099135739705136,0.3929842399593289,0.0005083884087442806,6.6,0.05858380030565461,0.5967413441955194,0.35692464358452136,0.04633401221995927,601075.0,29687.0,10243.0,9842.0,42.3,3.0,0.7729124236252546,0.22708757637474541,0.0,0.139,82670.0,0.024048515265579256,0.11599999999999999,0.084,0.36295270136552543,0.3537984496124031,0.04276985743380855,0.08859470468431772,0.244
L5E,0.4566854990583804,0.307909604519774,0.23540489642184556,0.0,6.1,0.07575757575757576,0.6679280983916746,0.22043519394512773,0.11163670766319773,599161.0,12731.0,5438.0,5309.0,45.9,2.4,0.771050141911069,0.22894985808893092,0.0,0.11,78933.0,0.02975909305621162,0.113,0.075,0.3424782807498857,0.31466113416320884,0.013257575757575758,0.04730368968779565,0.242
L5G,0.42151162790697677,0.38546511627906976,0.1930232558139535,0.0,5.9,0.06790481717933837,0.7518840579710145,0.1055072463768116,0.1426086956521739,848438.0,20206.0,8892.0,8599.0,44.7,2.3,0.554846198491004,0.4451538015089959,0.0,0.126,77945.0,0.0810149801284011,0.067,0.07400000000000001,0.3271386430678466,0.4090113735783027,0.016831108531630876,0.06384213580963435,0.223
L5H,0.6793048973143759,0.11058451816745656,0.21011058451816747,0.0,7.7,0.05555555555555555,0.6349206349206349,0.22777777777777777,0.1373015873015873,1002379.0,17608.0,6535.0,6330.0,45.6,2.8,0.7968253968253968,0.20317460317460317,0.0,0.09,118374.0,0.1303106033559443,0.043,0.066,0.3155737704918033,0.5315315315315315,0.009531374106433678,0.03333333333333333,0.22399999999999998
L5J,0.38731379144642,0.17924074963959635,0.4329649207111965,0.0004805382027871216,6.7,0.06181121226641112,0.7801724137931034,0.1685823754789272,0.05124521072796935,552500.0,28089.0,10588.0,10404.0,43.3,2.7,0.7648467432950191,0.23515325670498086,0.0,0.09699999999999999,88843.0,0.053383962474871566,0.081,0.073,0.3221205024483713,0.3891432308698496,0.01964542405366555,0.06130268199233716,0.209
L5K,0.4689507494646681,0.29014989293361887,0.24089935760171305,0.0,6.6,0.09100642398286937,0.7427652733118971,0.2304394426580922,0.02679528403001072,698682.0,13967.0,4722.0,4669.0,40.9,2.9,0.6659528907922913,0.3340471092077088,0.0,0.175,82859.0,0.042522694696607743,0.10099999999999999,0.095,0.3617021276595745,0.4015525758645025,0.07601713062098502,0.1145610278372591,0.198
L5L,0.45773263433813893,0.15498034076015726,0.3872870249017038,0.0,6.9,0.04020921869892122,0.4052993130520118,0.544978737324174,0.049721949623814196,602028.0,44860.0,15619.0,15262.0,42.8,2.9,0.7998691955526488,0.2001308044473512,0.0,0.127,93909.0,0.03865943540536782,0.096,0.083,0.3470144313517807,0.3919491525423729,0.02321019941157241,0.05786204642039882,0.213
L5M,0.4829307568438003,0.08518518518518518,0.4314009661835749,0.0004830917874396135,6.6,0.022397679664840478,0.07008216529724505,0.44562590623489606,0.48429192846785885,697150.0,104868.0,32003.0,31049.0,38.5,3.4,0.8090865152247463,0.19091348477525374,0.0,0.139,98908.0,0.0321966088778815,0.077,0.087,0.33025841168470227,0.5427486309839251,0.04141153722204318,0.07669996777312278,0.26899999999999996
L5N,0.46935752638400297,0.0905387891131272,0.439918533604888,0.00018515089798185522,6.7,0.04407407407407407,0.32246712354139656,0.5519540655676978,0.12557881089090572,552869.0,84829.0,27354.0,27003.0,39.2,3.1,0.8312962962962963,0.16870370370370372,0.0,0.086,100355.0,0.02512025654730091,0.08,0.071,0.27905132641291813,0.3937585087443711,0.034444444444444444,0.07018518518518518,0.213
L5R,0.32366348943224205,0.32987981765437213,0.3452134272689598,0.0012432656444260257,5.9,0.026533996683250415,0.05550952775476388,0.7270091135045568,0.21748135874067936,599158.0,37126.0,12508.0,12064.0,40.7,3.1,0.7611940298507462,0.23880597014925373,0.0,0.153,82185.0,0.015382043136599232,0.113,0.085,0.34517606189799466,0.41847179243037375,0.05677579776212184,0.11893907998342312,0.298
L5S,,,,,,,,,,,5.0,1.0,1.0,,,,,,,,,,,,,,,
L5T,,,,,,,,,,,5.0,10.0,4.0,,,,,,,,,,,,,,,
L5V,0.5040381791483113,0.05066079295154185,0.44530102790014686,0.0,6.8,0.031146940271161598,0.020146520146520148,0.6761904761904762,0.30366300366300364,659476.0,50821.0,13858.0,13621.0,38.1,3.7,0.8395016489556614,0.16049835104433857,0.0,0.125,100925.0,0.01788011319783895,0.09,0.09300000000000001,0.32308425694196163,0.4661801352794589,0.05789666544521803,0.09604105571847507,0.247
L5W,0.505564387917329,0.0,0.4944356120826709,0.0,7.0,0.013481363996827915,0.01507936507936508,0.23809523809523808,0.7468253968253968,681191.0,24871.0,6370.0,6294.0,35.9,3.9,0.9144215530903328,0.08557844690966719,0.0,0.09,114643.0,0.028904947192884937,0.07200000000000001,0.068,0.2909560723514212,0.46176579239009974,0.04916732751784298,0.0832012678288431,0.27399999999999997
L6A,0.662767244856797,0.04154901169826543,0.2956837434449375,0.0,7.1,0.0213408496074089,0.025573902537253324,0.37474828836085383,0.5996778091018928,801851.0,85794.0,25222.0,24787.0,37.6,3.4,0.905557792992348,0.09444220700765203,0.0,0.094,108180.0,0.03371755665333647,0.079,0.059000000000000004,0.28116887932952606,0.38999680068252107,0.02778896496173983,0.059806685461135725,0.295
L6B,0.5605786618444847,0.0,0.4394213381555154,0.0,6.7,0.01201923076923077,0.022262334536702767,0.098676293622142,0.8790613718411552,751452.0,29411.0,8497.0,8298.0,36.3,3.5,0.8918269230769231,0.10817307692307693,0.0,0.09699999999999999,105149.0,0.02281460134486071,0.078,0.068,0.29295902196060675,0.45,0.03485576923076923,0.06310096153846154,0.305
L6C,0.6404120970422067,0.00033233632436025255,0.35925556663343305,0.0,7.0,0.015962753574991686,0.028903654485049834,0.2541528239202658,0.7169435215946844,1000009.0,50929.0,15344.0,15045.0,39.3,3.4,0.9135350848021284,0.08646491519787164,0.0,0.156,98251.0,0.04101028511912511,0.067,0.064,0.35453546575509703,0.5076708507670851,0.021941489361702128,0.03523936170212766,0.349
L6E,0.587594696969697,0.01893939393939394,0.3934659090909091,0.0,6.5,0.01231060606060606,0.004261363636363636,0.04924242424242424,0.9464962121212122,800140.0,36356.0,10714.0,10561.0,37.8,3.4,0.9318181818181818,0.06818181818181818,0.0,0.129,96604.0,0.022808001495606654,0.08900000000000001,0.064,0.33766233766233766,0.44450076026355806,0.04071969696969697,0.056818181818181816,0.34
L6G,0.025408348457350273,0.9183303085299456,0.056261343012704176,0.0,3.5,0.010830324909747292,0.012612612612612612,0.032432432432432434,0.954954954954955,369995.0,5370.0,3139.0,2752.0,35.0,1.9,0.592057761732852,0.40794223826714804,0.0,0.336,50121.0,0.01899441340782123,0.08199999999999999,0.10400000000000001,0.3530020703933747,0.48450704225352115,0.048736462093862815,0.14054054054054055,0.506
L6H,0.565100997809686,0.11535653443660258,0.31954246775371137,0.0,7.3,0.038957876795714635,0.280808572820263,0.46760837798343885,0.2515830491962981,750206.0,60913.0,21246.0,20544.0,41.0,2.9,0.8349561830574489,0.16504381694255113,0.0,0.1,110184.0,0.07724270189644152,0.057999999999999996,0.069,0.29914011127971674,0.5120556414219475,0.009252495738982226,0.035549062576089606,0.19699999999999998
L6J,0.7918170878459687,0.10770156438026474,0.10048134777376655,0.0,8.5,0.028985507246376812,0.4984894259818731,0.37885196374622354,0.12265861027190332,1058015.0,24673.0,8639.0,8313.0,45.4,2.9,0.8544685990338164,0.14553140096618358,0.0,0.07400000000000001,147405.0,0.16631634261692066,0.03,0.071,0.35992996498249125,0.6167565325591041,0.005438066465256798,0.024154589371980676,0.168
L6K,0.40086580086580087,0.33506493506493507,0.26406926406926406,0.0,5.7,0.07161345987920621,0.7066436583261432,0.15530629853321828,0.13805004314063848,752284.0,13009.0,6236.0,5771.0,46.2,2.2,0.5008620689655172,0.4991379310344828,0.0,0.161,65237.0,0.06909430438842204,0.086,0.066,0.3846838824577026,0.37427745664739887,0.023295944779982744,0.06298533218291631,0.233
L6L,0.6731620903454384,0.18113374667847654,0.14570416297608504,0.0,7.2,0.043343653250773995,0.5917735515258735,0.189296771340115,0.21892967713401149,798970.0,29742.0,11708.0,11296.0,46.3,2.6,0.8101769911504425,0.18982300884955752,0.0,0.081,104634.0,0.08845417818413778,0.07200000000000001,0.065,0.3706861550954121,0.4671557185728576,0.005749668288367979,0.02344095532950022,0.19399999999999998
L6M,0.6107151634308183,0.03145736053084296,0.3575817154091914,0.0002457606291472106,7.5,0.016457872758535986,0.03021370670596905,0.43822156718251043,0.5315647261115205,799548.0,65493.0,20788.0,20345.0,38.5,3.2,0.8771800540407763,0.12281994595922378,0.0,0.098,127398.0,0.09527373823781009,0.047,0.071,0.2782189164740175,0.5755622403667097,0.013510194055514615,0.03414394497666421,0.205
L6P,0.7081339712918661,0.014354066985645933,0.27751196172248804,0.0,7.3,0.014361702127659574,0.015957446808510637,0.05638297872340425,0.9276595744680851,699502.0,82182.0,19288.0,18807.0,34.7,4.4,0.9133209252858282,0.08667907471417176,0.0,0.09,102070.0,0.014031255251218283,0.111,0.075,0.3301214257735997,0.3342929525564256,0.07896835947886201,0.11063829787234042,0.377
L6R,0.5442257529049087,0.00023713540431586437,0.4552999762864596,0.00023713540431586437,6.7,0.018505338078291814,0.00830367734282325,0.39288256227758006,0.5988137603795967,552932.0,88002.0,21754.0,21089.0,34.6,4.2,0.900094921689606,0.09990507831039393,0.0,0.106,91710.0,0.006208739390128891,0.12300000000000001,0.087,0.33258001020631334,0.3034601332473673,0.09608540925266904,0.12265717674970344,0.365
L6S,0.5342789598108747,0.0933806146572104,0.3723404255319149,0.0,6.9,0.05398230088495575,0.5253687315634218,0.37846607669616517,0.09616519174041298,449602.0,53308.0,17526.0,16925.0,39.8,3.1,0.8385954558866923,0.16140454411330776,0.0,0.1,86240.0,0.011954572624028692,0.126,0.081,0.3329592638312198,0.2619625520110957,0.034513274336283185,0.08940690469164946,0.23399999999999999
L6T,0.20462169213566903,0.47558702944465153,0.3194185613119642,0.0003727171077152441,5.5,0.07457121551081283,0.697986577181208,0.21774794929157346,0.0842654735272185,378910.0,38451.0,13943.0,13419.0,37.4,2.8,0.5642937010808796,0.4357062989191204,0.0,0.185,64932.0,0.0048250904704463205,0.16,0.087,0.355606258148631,0.25412621359223303,0.07084265473527218,0.14578672632363907,0.295
L6V,0.2784764642472152,0.11713977721882861,0.6043837585339562,0.0,6.1,0.05321826681049982,0.6019417475728155,0.26537216828478966,0.13268608414239483,401358.0,41853.0,14529.0,13913.0,37.5,3.0,0.689432063263839,0.310567936736161,0.0,0.142,73573.0,0.004863508001255099,0.14400000000000002,0.085,0.336635127143702,0.21357544314742757,0.042790363178712695,0.104638619201726,0.27
L6W,0.468557336621455,0.26633785450061653,0.2651048088779285,0.0,6.1,0.06246134817563389,0.6491336633663366,0.2592821782178218,0.09158415841584158,500198.0,22128.0,8381.0,8107.0,41.2,2.7,0.6283240568954854,0.3716759431045145,0.0,0.14400000000000002,71462.0,0.015836452634609848,0.139,0.079,0.363960504662644,0.24619932432432431,0.03463203463203463,0.09400123685837972,0.225
L6X,0.5377456049638056,0.07161323681489142,0.390641158221303,0.0,6.7,0.03125,0.19907048799380325,0.321714433255874,0.47921507875032276,501354.0,67070.0,19891.0,19341.0,35.6,3.4,0.8106921487603306,0.18930785123966942,0.0,0.10300000000000001,90087.0,0.010332252836304701,0.10800000000000001,0.084,0.29885496183206106,0.3136536373507057,0.04209710743801653,0.08496900826446281,0.313
L6Y,0.46963722397476343,0.16186908517350157,0.36829652996845424,0.0001971608832807571,6.3,0.036123174101855504,0.20572556762092795,0.45824284304047386,0.3360315893385982,552251.0,87654.0,26401.0,25363.0,35.6,3.4,0.7125937623371497,0.2874062376628504,0.0,0.139,81078.0,0.01226158038147139,0.12,0.091,0.3294834549705945,0.37083689154568744,0.06848233668837576,0.12374185908821789,0.33
L6Z,0.6262575452716298,0.0005030181086519115,0.3732394366197183,0.0,7.4,0.0286144578313253,0.28263052208835343,0.5973895582329317,0.11997991967871485,500739.0,32749.0,10267.0,9944.0,38.9,3.3,0.8855421686746988,0.1144578313253012,0.0,0.087,99206.0,0.02237926972909305,0.096,0.075,0.2932400073678394,0.2614802809292274,0.030120481927710843,0.06529382219989954,0.228
L7A,0.6995972518360578,0.00047382136934375743,0.2996920161099266,0.00023691068467187872,6.9,0.018448438978240302,0.007563223824155046,0.11581186480737414,0.8766249113684708,550902.0,80236.0,21449.0,21103.0,33.2,3.8,0.9101229895931883,0.08987701040681173,0.0,0.08800000000000001,98633.0,0.007215134183897932,0.09699999999999999,0.08199999999999999,0.2727198162729659,0.31494903737259344,0.05581835383159887,0.08493021055121835,0.327
L7B,0.8851422550052687,0.026343519494204427,0.0874604847207587,0.001053740779768177,8.4,0.04219409282700422,0.4029535864978903,0.2109704641350211,0.3860759493670886,1146890.0,14863.0,5104.0,4745.0,41.5,3.1,0.9018987341772152,0.0981012658227848,0.0,0.076,128695.0,0.0985977212971078,0.048,0.042,0.30956375838926176,0.402555910543131,0.006335797254487857,0.026399155227032733,0.237
L7C,0.8413429888084266,0.0,0.15734035549703754,0.0013166556945358788,7.8,0.03747534516765286,0.31254103742613265,0.25476034143138543,0.4326986211424819,750210.0,24632.0,7875.0,7599.0,39.1,3.2,0.9066403681788298,0.09335963182117028,0.0,0.06,114146.0,0.04423841059602649,0.075,0.052000000000000005,0.2964169381107492,0.3039106145251397,0.01971090670170828,0.03944773175542406,0.223
L7E,0.7971546581000459,0.010555300596603947,0.19229004130335017,0.0,7.7,0.03491042719338539,0.3005514705882353,0.44025735294117646,0.25919117647058826,648241.0,33934.0,11128.0,10894.0,40.9,3.1,0.9127640036730946,0.08723599632690542,0.0,0.052000000000000005,112722.0,0.04083991523791177,0.076,0.06,0.2622197721425946,0.2465564738292011,0.0073461891643709825,0.03627180899908173,0.18100000000000002
L7G,0.7180057161003494,0.0463639250555732,0.2356303588440775,0.0,7.4,0.03969514131470308,0.43537630993966336,0.2934264845982852,0.27119720546205145,580966.0,46057.0,16025.0,15745.0,41.0,2.9,0.8647619047619047,0.13523809523809524,0.0,0.049,110751.0,0.05381101912646303,0.068,0.053,0.2614647501711157,0.305766468294685,0.00476341695776437,0.024769768180374723,0.151
L7J,0.7782299084435402,0.030518819938962362,0.19125127161749747,0.0,7.3,0.052525252525252523,0.603030303030303,0.18585858585858586,0.2111111111111111,477312.0,13634.0,5026.0,4924.0,42.6,2.8,0.8343434343434344,0.16565656565656567,0.0,0.063,94903.0,0.025593299208934387,0.095,0.043,0.26819407008086255,0.18375499334221038,0.00404040404040404,0.03333333333333333,0.162
L7K,0.9598603839441536,0.0017452006980802793,0.03664921465968586,0.0017452006980802793,8.2,0.06502636203866433,0.5376532399299475,0.37478108581436076,0.08756567425569177,681981.0,8231.0,3123.0,2857.0,47.3,2.8,0.8943661971830986,0.1056338028169014,0.0,0.067,116764.0,0.06736526946107785,0.068,0.044000000000000004,0.29416005767844267,0.2730299667036626,0.012302284710017574,0.03169014084507042,0.16699999999999998
L7L,0.550333623440673,0.1174934725848564,0.33188279663475484,0.0002901073397156948,6.9,0.0357662111078802,0.4542018028496656,0.2151788310555394,0.330619366094795,576815.0,46761.0,17484.0,17232.0,41.5,2.7,0.8490840360569933,0.1509159639430067,0.0,0.064,101915.0,0.052639006491673725,0.07400000000000001,0.053,0.3008969828757815,0.4310838445807771,0.004653868528214078,0.019488074461896453,0.168
L7M,0.5739078396169958,0.0038898862956313583,0.4222022740873728,0.0,7.3,0.028101644245142002,0.15177771138332835,0.47505228562892143,0.3731700029877502,600655.0,47925.0,16791.0,16709.0,39.8,2.8,0.9076233183856502,0.09237668161434978,0.0,0.057,111955.0,0.06265389876880985,0.064,0.057,0.2744504409635382,0.43093063920730523,0.008071748878923767,0.02630005977286312,0.159
L7N,0.5297450424929179,0.210576015108593,0.25967894239848915,0.0,7.0,0.058712121212121215,0.793168880455408,0.1555977229601518,0.051233396584440226,601934.0,12972.0,5365.0,5290.0,48.9,2.4,0.7045454545454546,0.29545454545454547,0.0,0.076,83695.0,0.06999041227229147,0.08800000000000001,0.05,0.3924756154203437,0.3818770226537217,0.005687203791469194,0.027488151658767772,0.171
L7P,0.6400733608436497,0.0687757909215956,0.2906923429619441,0.0004585052728106373,7.5,0.050274223034734916,0.7308043875685558,0.22806215722120657,0.04113345521023766,524859.0,29700.0,11065.0,10910.0,43.8,2.7,0.8519872087711283,0.14801279122887162,0.0,0.057999999999999996,99593.0,0.05355630821337849,0.081,0.05,0.32155260469867214,0.31387096774193546,0.004113345521023766,0.02376599634369287,0.163
L7R,0.35196274118429804,0.30538922155688625,0.3426480372588157,0.0,5.7,0.07429718875502007,0.7275769745649264,0.16733601070950468,0.10508701472556894,599527.0,15866.0,7752.0,7516.0,45.5,2.1,0.5120481927710844,0.4879518072289157,0.0,0.122,70549.0,0.04581005586592179,0.10099999999999999,0.059000000000000004,0.3218682114409848,0.35180995475113125,0.008032128514056224,0.04013377926421405,0.17300000000000001
L7S,0.26595744680851063,0.5171849427168577,0.21685761047463176,0.0,5.1,0.052759740259740256,0.4659643435980551,0.4213938411669368,0.1126418152350081,500361.0,12191.0,6322.0,6106.0,51.4,1.9,0.5073051948051948,0.4926948051948052,0.0,0.12300000000000001,66636.0,0.03723404255319149,0.122,0.068,0.389622641509434,0.3503591380686353,0.0113544201135442,0.047039740470397405,0.242
L7T,0.4764119601328904,0.2877076411960133,0.23588039867109634,0.0,6.4,0.041223404255319146,0.5953488372093023,0.12691029900332226,0.2777408637873754,601266.0,17728.0,7666.0,7532.0,49.1,2.3,0.6220891550232868,0.37791084497671323,0.0,0.08900000000000001,81137.0,0.05281207133058985,0.10099999999999999,0.063,0.37739013753773903,0.32941176470588235,0.011310711909514305,0.04125083166999335,0.177
L8E,0.5606113233761723,0.20527961097603334,0.23376172282042376,0.0003473428273706148,6.6,0.06391108023619312,0.48385977091287746,0.2867060048594238,0.2294342242276987,400615.0,39398.0,14798.0,14397.0,41.3,2.7,0.7245571378951025,0.27544286210489755,0.0,0.131,75771.0,0.01887705711519845,0.135,0.069,0.3637065637065637,0.2357308584686775,0.0305661688086141,0.07085793678360541,0.188
L8G,0.5579470198675497,0.2152317880794702,0.22682119205298013,0.0,6.5,0.057363485934914506,0.649200220628792,0.2906784335355764,0.06012134583563155,399890.0,21547.0,9207.0,9059.0,50.1,2.3,0.6789851075565362,0.3210148924434639,0.0,0.11900000000000001,66083.0,0.0136986301369863,0.16899999999999998,0.066,0.4439631835408771,0.19848771266540643,0.015995587424158852,0.03364589078874793,0.16699999999999998
L8H,0.7388362652232747,0.07171853856562922,0.18899413622011726,0.0004510599909788002,5.8,0.11769991015274034,0.9263252470799641,0.04806828391734052,0.025606469002695417,229687.0,25892.0,11720.0,11086.0,41.3,2.3,0.6816546762589928,0.3183453237410072,0.0,0.22399999999999998,53126.0,0.0036319612590799033,0.205,0.085,0.40068649885583524,0.07404936624416278,0.015280898876404495,0.06558849955076371,0.185
L8J,0.698076923076923,0.000641025641025641,0.30128205128205127,0.0,7.3,0.03390914907229686,0.2674344209852847,0.39731285988483683,0.3352527191298784,401370.0,24381.0,7885.0,7801.0,37.8,3.1,0.872040946896993,0.12795905310300704,0.0,0.092,98176.0,0.018604651162790697,0.1,0.055999999999999994,0.29646017699115046,0.22662141779788839,0.013435700575815739,0.04798464491362764,0.154
L8K,0.5233406272793582,0.2301239970824216,0.24653537563822028,0.0,6.1,0.08512970405553526,0.8926223520818115,0.0945945945945946,0.012783053323593864,300668.0,31449.0,14097.0,13713.0,44.3,2.3,0.6368286445012787,0.3631713554987212,0.0,0.158,59820.0,0.005824111822947,0.17800000000000002,0.085,0.39649384558000744,0.15433896330809552,0.012422360248447204,0.051516258677384,0.157
L8L,0.5131683958499601,0.10375099760574621,0.38268156424581007,0.0003990422984836393,5.8,0.1470941883767535,0.9170673076923077,0.07091346153846154,0.01201923076923077,225188.0,30825.0,14463.0,12532.0,37.0,2.4,0.5290581162324649,0.4709418837675351,0.0,0.306,45151.0,0.0021376656690893546,0.247,0.102,0.4276691116544417,0.1163604549431321,0.023637820512820512,0.0841683366733467,0.205
L8M,0.3783132530120482,0.1357429718875502,0.4859437751004016,0.0,5.7,0.12619808306709265,0.904,0.076,0.02,348267.0,13533.0,7053.0,6224.0,40.6,2.1,0.4244604316546763,0.5755395683453237,0.0,0.28,43533.0,0.006143667296786389,0.18899999999999997,0.11199999999999999,0.3848202396804261,0.17988394584139264,0.012789768185451638,0.05755395683453238,0.19699999999999998
L8N,0.14689265536723164,0.4844632768361582,0.3686440677966102,0.0,4.2,0.09647887323943662,0.8284106891701828,0.11884669479606189,0.052742616033755275,341874.0,13819.0,8087.0,7086.0,37.5,1.9,0.25,0.75,0.0,0.355,37205.0,0.009874326750448833,0.18100000000000002,0.099,0.35643988018827555,0.2318668252080856,0.04154929577464789,0.11126760563380282,0.302
L8P,0.20593982024228213,0.5076201641266119,0.2864400156311059,0.0,4.5,0.09451575262543757,0.8428626993387787,0.10968494749124855,0.047452353169972775,400957.0,22734.0,13919.0,12799.0,39.9,1.7,0.323220536756126,0.676779463243874,0.0,0.252,45513.0,0.029625779625779627,0.12,0.07,0.35690913667253965,0.4406215316315205,0.013224426293271101,0.049397121742512644,0.207
L8R,0.20760233918128654,0.4766081871345029,0.3148148148148148,0.0009746588693957114,4.5,0.10098039215686275,0.8049019607843138,0.12058823529411765,0.07450980392156863,300541.0,10817.0,5767.0,5126.0,40.2,2.0,0.33725490196078434,0.6627450980392157,0.0,0.354,38054.0,0.004781829049611476,0.221,0.08900000000000001,0.4191134139320668,0.27335047129391604,0.03627450980392157,0.09411764705882353,0.23
L8S,0.4268009295120062,0.34624322230828813,0.22695584817970565,0.0,5.6,0.08450704225352113,0.8334636434714621,0.1344800625488663,0.03205629397967162,419929.0,14311.0,8644.0,6449.0,34.5,2.2,0.4440969507427678,0.5559030492572322,0.0,0.252,51045.0,0.027437737441958633,0.11199999999999999,0.098,0.392886345053148,0.5099857346647646,0.026604068857589983,0.05868544600938967,0.195
L8T,0.6965784377017431,0.12782440284054228,0.17559715945771465,0.0,6.6,0.06125080593165699,0.8538312942691565,0.1159047005795235,0.030264005151320026,348318.0,19042.0,7878.0,7749.0,44.4,2.5,0.7072856221792392,0.2927143778207608,0.0,0.11699999999999999,69221.0,0.008620689655172414,0.158,0.073,0.3821909424724602,0.15486077186126038,0.011597938144329897,0.047036082474226804,0.129
L8V,0.5921192758253461,0.21884984025559107,0.18849840255591055,0.0005324813631522897,5.8,0.08178438661710037,0.8618490967056323,0.12114771519659936,0.01700318809776833,300374.0,21207.0,9626.0,9389.0,45.6,2.2,0.5902335456475584,0.40976645435244163,0.0,0.174,54968.0,0.0031958163858221964,0.193,0.075,0.41668984700973577,0.13178984861976847,0.01168348380244291,0.046202867764206054,0.161
L8W,0.5949670461354104,0.012582384661473937,0.39245056920311566,0.0,7.2,0.03770197486535009,0.29101796407185626,0.5562874251497006,0.15269461077844312,380323.0,25793.0,8417.0,8347.0,37.8,3.1,0.77737881508079,0.22262118491921004,0.0,0.139,83636.0,0.009928716904276986,0.133,0.066,0.33978702807357214,0.1880969875091844,0.015559545182525433,0.05748502994011976,0.17300000000000001
L9A,0.6676783004552352,0.15275670207384925,0.17956499747091553,0.0,6.4,0.06757438224911749,0.7605846774193549,0.16481854838709678,0.07459677419354839,325483.0,24904.0,10074.0,9886.0,41.7,2.5,0.6979324256177509,0.3020675743822491,0.0,0.153,65408.0,0.006580612503163756,0.159,0.076,0.38444767441860467,0.19375470278404816,0.018658598083711547,0.061522945032778616,0.166
L9B,0.6064030131826742,0.008160703075957313,0.37350910232266166,0.011927181418706842,7.1,0.0258349086326402,0.1886435331230284,0.44353312302839115,0.36782334384858045,448619.0,24033.0,8079.0,7969.0,41.1,3.0,0.8359621451104101,0.1640378548895899,0.0,0.10800000000000001,90991.0,0.017783857729138167,0.125,0.069,0.37135416666666665,0.27675585284280935,0.020163831127914304,0.053593947036569986,0.179
L9C,0.6192268217584673,0.09031816626753336,0.2904550119739993,0.0,6.9,0.05856011023079573,0.6924931129476584,0.22245179063360881,0.08505509641873278,376259.0,40155.0,15018.0,14612.0,42.3,2.7,0.7283057851239669,0.27169421487603307,0.0,0.14,74894.0,0.014812429560457254,0.146,0.076,0.3894720592775548,0.2612452350698856,0.01584567688598002,0.04648760330578512,0.15
L9E,0.775,0.0,0.225,0.0,6.8,0.0,0.0,0.0,1.0,599592.0,723.0,395.0,205.0,29.9,3.5,0.8571428571428571,0.14285714285714285,0.0,0.10300000000000001,98432.0,0.0,0.071,0.073,0.15384615384615385,0.48,0.07142857142857142,0.07142857142857142,0.174
L9G,0.8079470198675497,0.0,0.19205298013245034,0.0,8.1,0.035671100362756954,0.3724304715840387,0.3694074969770254,0.2581620314389359,598165.0,23560.0,8431.0,8305.0,44.9,2.8,0.9322444041137327,0.0677555958862674,0.0,0.054000000000000006,122965.0,0.08326574749932414,0.067,0.047,0.3437826541274817,0.4584913611462284,0.006049606775559589,0.017543859649122806,0.122
L9H,0.6708757637474542,0.1209775967413442,0.20814663951120163,0.0,7.1,0.04696356275303644,0.6669364629704573,0.23998381222177256,0.09307972480777013,500270.0,31125.0,12548.0,12272.0,48.6,2.4,0.7938436614013771,0.20615633859862292,0.0,0.077,92326.0,0.05290791599353797,0.09300000000000001,0.052000000000000005,0.3609296965040338,0.39528118939883644,0.0020234722784297854,0.02104411169566977,0.134
L9J,0.5384615384615384,0.07692307692307693,0.38461538461538464,0.0,6.2,0.07407407407407407,0.4716981132075472,0.07547169811320754,0.4528301886792453,349247.0,596.0,279.0,262.0,43.2,2.3,0.7924528301886793,0.20754716981132076,0.0,0.109,68608.0,0.010101010101010102,0.14,0.045,0.35,0.1774193548387097,0.0,0.0,0.39
L9K,0.6850574712643678,0.0,0.31494252873563217,0.0,7.5,0.017142857142857144,0.013714285714285714,0.3291428571428571,0.6571428571428571,598591.0,14264.0,4404.0,4353.0,39.5,3.2,0.9178082191780822,0.0821917808219178,0.0,0.10099999999999999,114629.0,0.05703238279362011,0.07200000000000001,0.063,0.3218650973291082,0.4778156996587031,0.02511415525114155,0.03538812785388128,0.201
L9L,0.8518843120070114,0.007887817703768623,0.14022787028921999,0.0,7.4,0.05360281195079086,0.5048372911169745,0.3148636763412489,0.1802990325417766,500141.0,14897.0,5934.0,5709.0,49.3,2.5,0.8427065026362038,0.1555360281195079,0.0017574692442882249,0.073,90272.0,0.03828547648772368,0.105,0.05,0.36378334680679064,0.2314499659632403,0.0017574692442882249,0.021968365553602813,0.162
L9M,0.7777777777777778,0.0008230452674897119,0.2205761316872428,0.0008230452674897119,6.7,0.08009909165978531,0.5132231404958678,0.29173553719008266,0.19504132231404958,275530.0,14825.0,8424.0,6076.0,51.2,2.3,0.7786952931461602,0.21304706853839803,0.008257638315441783,0.157,60602.0,0.014078498293515358,0.17800000000000002,0.08800000000000001,0.4440748440748441,0.13689253935660506,0.006606110652353427,0.0305532617671346,0.188
L9N,0.7945736434108527,0.0,0.2041343669250646,0.0012919896640826874,7.7,0.04025974025974026,0.4077922077922078,0.3948051948051948,0.1974025974025974,601420.0,11533.0,3944.0,3864.0,43.2,2.9,0.8818181818181818,0.11818181818181818,0.0,0.07200000000000001,103125.0,0.029265599116510214,0.08900000000000001,0.065,0.2826780021253985,0.239403453689168,0.003896103896103896,0.032467532467532464,0.19899999999999998
L9P,0.7846655791190864,0.013866231647634585,0.200652528548124,0.0008156606851549756,7.5,0.0496742671009772,0.39690301548492257,0.33088834555827223,0.2722086389568052,598858.0,16814.0,6326.0,6132.0,45.7,2.7,0.8477198697068404,0.15228013029315962,0.0,0.075,97997.0,0.0540439806187104,0.086,0.054000000000000006,0.30580277678889284,0.29492298916143755,0.004885993485342019,0.018729641693811076,0.166
L9R,0.6628189550425273,0.007897934386391251,0.32806804374240583,0.001215066828675577,6.8,0.041312272174969626,0.3126520681265207,0.26824817518248173,0.4190997566909976,400657.0,21313.0,8440.0,8229.0,42.5,2.5,0.8025516403402188,0.19744835965978128,0.0,0.085,83302.0,0.017685851318944845,0.128,0.063,0.35311143270622286,0.16627852817885422,0.0060790273556231,0.02976913730255164,0.18
L9S,0.9178279673234022,0.0004805382027871216,0.08169149447381067,0.0,7.0,0.04867469879518072,0.346172363986519,0.34039480019258544,0.31343283582089554,399512.0,28567.0,11360.0,10398.0,41.7,2.7,0.8853012048192771,0.11469879518072289,0.0,0.096,82192.0,0.017457475380483437,0.122,0.076,0.32337883959044367,0.1310632830067459,0.004339440694310511,0.03180722891566265,0.21600000000000003
L9T,0.5623346303501946,0.04840466926070039,0.38910505836575876,0.0001556420233463035,6.9,0.02328830926874709,0.20527950310559007,0.06894409937888199,0.7257763975155279,590859.0,103839.0,32977.0,32125.0,35.0,3.2,0.8546809501630181,0.14531904983698182,0.0,0.087,104077.0,0.03031781432952328,0.075,0.055999999999999994,0.2537520661157025,0.41975527575811317,0.026859183356621644,0.045800341561869275,0.223
L9V,0.8382978723404255,0.0,0.16170212765957448,0.0,7.2,0.06659729448491156,0.44386694386694386,0.21933471933471935,0.3367983367983368,399618.0,13643.0,4783.0,4703.0,39.1,2.8,0.846875,0.153125,0.0,0.09699999999999999,86633.0,0.016336633663366337,0.11,0.06,0.29818857408267535,0.14917127071823205,0.007284079084287201,0.022892819979188347,0.23399999999999999
L9W,0.7244929797191888,0.031513260530421215,0.24336973478939158,0.0006240249609984399,7.1,0.04588014981273408,0.4429865666979069,0.3323961262105592,0.2246173070915339,448815.0,44867.0,16430.0,16027.0,40.9,2.8,0.8164794007490637,0.18352059925093633,0.0,0.08,91149.0,0.02724014336917563,0.096,0.059000000000000004,0.2739707101409229,0.1942535915053092,0.006556353418669997,0.03089887640449438,0.191
L9Y,0.6118993135011441,0.02562929061784897,0.3620137299771167,0.0004576659038901602,6.6,0.05583756345177665,0.4725426857406553,0.2450392247346562,0.2824180895246885,349420.0,24766.0,15276.0,10918.0,50.4,2.2,0.7518450184501845,0.2481549815498155,0.0,0.142,66727.0,0.03571428571428571,0.134,0.054000000000000006,0.41216711458587835,0.2550473836011537,0.004151291512915129,0.024919243193354867,0.228
L9Z,0.8354641467481935,0.0,0.1539744302390217,0.010561423012784881,6.6,0.03670745272525028,0.2162312395775431,0.34130072262367983,0.4424680377987771,319788.0,20647.0,12494.0,8998.0,55.3,2.3,0.8687430478309233,0.13125695216907676,0.0,0.126,62106.0,0.011155606407322655,0.217,0.085,0.5157689087356964,0.1382415254237288,0.006117908787541713,0.02335928809788654,0.183
M1B,0.3084527928818586,0.20958971824023728,0.4819574888779041,0.0,5.7,0.05584383493946133,0.3904667819214621,0.45542109162756234,0.15411212645097555,449320.0,66108.0,20957.0,20230.0,38.2,3.3,0.7160158180919427,0.28398418190805735,0.0,0.174,69126.0,0.0038284087562579757,0.17,0.1,0.3771260457846833,0.2544119723281096,0.08277736595008649,0.15492957746478872,0.308
M1C,0.7889135254988914,0.014190687361419069,0.19645232815964522,0.0004434589800443459,7.6,0.041259982253771074,0.3824312333629104,0.49911268855368235,0.11845607808340727,697679.0,35626.0,11588.0,11274.0,44.0,3.1,0.9090102086107412,0.09098979138925876,0.0,0.08199999999999999,109785.0,0.03164335664335664,0.09699999999999999,0.07400000000000001,0.3648154306617892,0.40474287236877166,0.02129547471162378,0.05545696539485359,0.17800000000000002
M1E,0.37033799533799533,0.3446969696969697,0.28496503496503495,0.0,5.8,0.09326726901777907,0.7452637714951909,0.1882832993296415,0.06645292917516758,500845.0,46943.0,17637.0,17161.0,42.2,2.7,0.6298455260856893,0.3701544739143107,0.0,0.221,62047.0,0.0127502056484782,0.17,0.107,0.4099298154406031,0.2818985001027327,0.049256776450014576,0.11745846691926552,0.235
M1G,0.4198668714797747,0.41321044546851,0.16641065028161803,0.0005120327700972862,5.2,0.10941475826972011,0.8708036622583927,0.09715157680569685,0.03204476093591048,550600.0,29690.0,10116.0,9767.0,37.2,3.0,0.48981670061099797,0.5101832993890021,0.0,0.287,54450.0,0.004048582995951417,0.212,0.125,0.436484798000833,0.2786776859504132,0.12061068702290076,0.19491094147582697,0.26
M1H,0.2923162583518931,0.5734966592427617,0.13418708240534521,0.0,4.8,0.055991041433370664,0.5492721164613662,0.28163493840985443,0.1690929451287794,448587.0,24383.0,9274.0,8985.0,38.1,2.7,0.6035834266517357,0.3964165733482643,0.0,0.23800000000000002,58492.0,0.00574562548968399,0.16,0.08900000000000001,0.39663282990839316,0.34708286882199924,0.09574468085106383,0.1690929451287794,0.317
M1J,0.23675631621841892,0.5647921760391198,0.19845150774246129,0.0,5.0,0.11406377759607522,0.7371218315617334,0.2027800490596893,0.06009811937857727,500732.0,36699.0,12797.0,12274.0,37.2,2.9,0.45157335512872904,0.5484266448712709,0.0,0.27399999999999997,54507.0,0.004627059041273367,0.203,0.11699999999999999,0.4042297111416781,0.25514511873350926,0.12709440130772373,0.2358953393295176,0.3
M1K,0.2861126603457892,0.45370886781929726,0.26017847183491355,0.0,5.0,0.09339280735991079,0.7736900780379041,0.1850613154960981,0.04124860646599777,500983.0,48434.0,18620.0,17930.0,40.1,2.7,0.5096180652355728,0.4903819347644271,0.0,0.24600000000000002,53260.0,0.0030516120472336475,0.192,0.08900000000000001,0.4026476832771325,0.26596936869630183,0.08112628937831057,0.17591301923613048,0.301
M1L,0.2712273641851107,0.3468812877263581,0.3818913480885312,0.0,4.9,0.08340048348106366,0.6845286059629331,0.11925866236905722,0.19621273166800968,552234.0,35081.0,12884.0,12428.0,38.0,2.8,0.5167271261588069,0.48327287384119305,0.0,0.27699999999999997,56779.0,0.006735950731331794,0.159,0.10800000000000001,0.3643929799167722,0.36110401226680294,0.10757453666398066,0.19460112812248187,0.297
M1M,0.502031340684852,0.3116656993615786,0.18630295995356935,0.0,5.9,0.07834101382488479,0.7550432276657061,0.13314121037463977,0.11181556195965418,621407.0,22913.0,8908.0,8623.0,44.8,2.6,0.655907780979827,0.3440922190201729,0.0,0.187,68550.0,0.02811021430559421,0.128,0.094,0.38613081166272656,0.3414535119772635,0.03513824884792627,0.0858294930875576,0.228
M1N,0.5338097855964816,0.10390324354040682,0.3622869708631116,0.0,5.9,0.08901098901098901,0.8339747113798791,0.1159978009895547,0.05002748763056625,649221.0,22136.0,9535.0,9095.0,45.2,2.4,0.6664835164835164,0.3335164835164835,0.0,0.146,73256.0,0.04128440366972477,0.09699999999999999,0.08800000000000001,0.34751578369475705,0.33897621926642485,0.015934065934065933,0.06260296540362438,0.22699999999999998
M1P,0.24471299093655588,0.5075528700906344,0.24743202416918428,0.00030211480362537764,4.7,0.05770392749244713,0.5652962515114873,0.16324062877871826,0.2714631197097944,421009.0,45571.0,17129.0,16540.0,39.3,2.7,0.6074342701722575,0.3925657298277425,0.0,0.247,56661.0,0.005190311418685121,0.16399999999999998,0.096,0.3975788900979325,0.32639175257731956,0.09005741915986704,0.17769718948322757,0.35
M1R,0.49256505576208176,0.24953531598513012,0.2578996282527881,0.0,5.6,0.07486136783733827,0.8457274826789838,0.11454965357967667,0.039722863741339494,601111.0,29858.0,11141.0,10767.0,41.9,2.7,0.566543438077634,0.433456561922366,0.0,0.213,60881.0,0.006602768903088392,0.166,0.094,0.39447535771065184,0.27991517721902454,0.06099815157116451,0.133086876155268,0.23800000000000002
M1S,0.3683794466403162,0.3217391304347826,0.30948616600790513,0.0003952569169960474,5.7,0.04712871287128713,0.5255445544554456,0.2601980198019802,0.21425742574257425,598057.0,37769.0,13195.0,12644.0,44.3,2.9,0.7771179730799683,0.22288202692003167,0.0,0.221,63376.0,0.008284600389863547,0.158,0.09699999999999999,0.4299659126123334,0.34170978073417096,0.06413301662707839,0.11401425178147269,0.34
M1T,0.2742371572035535,0.5160293549633063,0.20973348783314022,0.0,5.0,0.06888544891640867,0.6977554179566563,0.2089783281733746,0.09326625386996903,598977.0,34588.0,13394.0,12949.0,44.6,2.6,0.5255417956656346,0.4744582043343653,0.0,0.263,53535.0,0.008673653776653415,0.182,0.09300000000000001,0.45306611853374446,0.36703483432455397,0.07972136222910217,0.14938080495356038,0.318
M1V,0.4426840633737186,0.25753339546442994,0.29947188567878225,0.00031065548306927616,5.8,0.04197761194029851,0.36990985390115017,0.5685421199875661,0.06154802611128381,600553.0,54680.0,16449.0,16092.0,43.0,3.4,0.8197078023002797,0.18029219769972024,0.0,0.218,64576.0,0.004443431696479435,0.182,0.10099999999999999,0.44667813373468074,0.24026512013256007,0.08921355299968915,0.15791109729561703,0.35100000000000003
M1W,0.3204454067429632,0.4113826167646149,0.2681719764924219,0.0,5.7,0.06041923551171394,0.6391371340523883,0.31248073959938366,0.04838212634822804,501387.0,48471.0,16597.0,16173.0,46.3,2.9,0.7614791987673344,0.23852080123266564,0.0,0.209,65190.0,0.009197751660705161,0.165,0.102,0.44247467438494936,0.3518628030751035,0.06286594761171033,0.12700369913686807,0.34
M1X,0.7119341563786008,0.0,0.2880658436213992,0.0,6.8,0.024759284731774415,0.02197802197802198,0.1401098901098901,0.8379120879120879,683647.0,15097.0,3739.0,3649.0,36.2,4.1,0.9092159559834938,0.0907840440165062,0.0,0.091,96107.0,0.005684302579798863,0.129,0.083,0.3393889347646573,0.25273390036452004,0.07967032967032966,0.14423076923076922,0.359
M2H,0.2396551724137931,0.20172413793103447,0.5586206896551724,0.0,6.2,0.064,0.8074285714285714,0.17885714285714285,0.013714285714285714,697821.0,24497.0,9093.0,8700.0,46.3,2.8,0.7794285714285715,0.22057142857142858,0.0,0.20800000000000002,72220.0,0.021983512365725707,0.131,0.08800000000000001,0.4486309384507372,0.5476381104883907,0.02857142857142857,0.06857142857142857,0.29100000000000004
M2J,0.18111136519551796,0.5769494626114795,0.2419391721930025,0.0,5.0,0.06291466483642187,0.7092198581560284,0.11827956989247312,0.1725005719514985,599191.0,58293.0,22524.0,21876.0,39.0,2.7,0.5242562929061785,0.4757437070938215,0.0,0.237,63471.0,0.015787777897110944,0.125,0.099,0.3838138593829034,0.5198406618660947,0.08144589338824068,0.16037520018302448,0.32
M2K,0.23197343453510436,0.670303605313093,0.09772296015180265,0.0,4.6,0.030660377358490566,0.40216878830740216,0.10136727958510136,0.49646393210749645,697021.0,23852.0,11147.0,10540.0,40.4,2.2,0.5554506842850401,0.44454931571495987,0.0,0.237,68015.0,0.047401774397972114,0.073,0.075,0.3777403035413153,0.6315028901734104,0.04716981132075472,0.11179245283018868,0.368
M2L,0.5829145728643216,0.24120603015075376,0.17587939698492464,0.0,7.8,0.04755944931163955,0.7155388471177945,0.18671679197994986,0.09774436090225563,1895594.0,11717.0,4154.0,3974.0,45.0,2.9,0.7096370463078848,0.2903629536921151,0.0,0.147,115493.0,0.14469453376205788,0.034,0.08199999999999999,0.38694992412746587,0.602866779089376,0.02127659574468085,0.058823529411764705,0.27
M2M,0.36088709677419356,0.48508064516129035,0.15403225806451612,0.0,5.4,0.05128205128205128,0.5571370475803172,0.2635217568117121,0.1793411956079707,899044.0,32320.0,13086.0,12399.0,43.5,2.6,0.606023606023606,0.393976393976394,0.0,0.263,60440.0,0.02727272727272727,0.11599999999999999,0.083,0.43131331082281854,0.5512457531143827,0.06188925081433225,0.12901912901912901,0.379
M2N,0.1725414691943128,0.6974229857819905,0.13003554502369669,0.0,4.4,0.036021345982804626,0.20655397390272834,0.24288256227758007,0.5505634638196916,501170.0,75897.0,36123.0,33765.0,37.0,2.2,0.6148257968865827,0.3851742031134173,0.0,0.289,62919.0,0.039681274900398404,0.069,0.085,0.38730326078770994,0.6717424407222101,0.0502594514455152,0.13044767269493032,0.425
M2P,0.5579470198675497,0.19370860927152317,0.24834437086092714,0.0,6.9,0.04455445544554455,0.4652317880794702,0.23178807947019867,0.3029801324503311,1599262.0,7843.0,3155.0,3020.0,45.8,2.6,0.7355371900826446,0.2644628099173554,0.0,0.142,107520.0,0.14910226385636222,0.028999999999999998,0.077,0.40433482810164423,0.6571767497034401,0.019834710743801654,0.04950495049504951,0.27899999999999997
M2R,0.20770465489566614,0.5990369181380417,0.19325842696629214,0.0,4.9,0.0756167894905479,0.673397435897436,0.2483974358974359,0.0782051282051282,649696.0,40792.0,16062.0,15575.0,43.6,2.6,0.44711538461538464,0.5528846153846154,0.0,0.23199999999999998,56027.0,0.016558783682071355,0.149,0.091,0.37916844047112247,0.457002457002457,0.07818007049022749,0.15956424223005447,0.33
M3A,0.19297583081570996,0.506797583081571,0.300226586102719,0.0,5.3,0.08648036253776435,0.8379909365558912,0.12197885196374622,0.04003021148036254,698502.0,34615.0,13847.0,13241.0,39.9,2.6,0.4004533434076313,0.5995466565923687,0.0,0.205,64761.0,0.025579240037071363,0.121,0.091,0.36783411744206307,0.4100052938062467,0.06570996978851963,0.14501510574018128,0.248
M3B,0.6033966033966034,0.2977022977022977,0.0989010989010989,0.0,6.9,0.0391566265060241,0.6690140845070423,0.2062374245472837,0.12474849094567404,1301739.0,13324.0,5193.0,5001.0,47.1,2.6,0.7933801404212638,0.20661985957873621,0.0,0.11900000000000001,108267.0,0.12388130004710315,0.051,0.065,0.41622103386809267,0.650381679389313,0.025075225677031094,0.050200803212851405,0.231
M3C,0.04670242978857684,0.7437677500788893,0.20952982013253393,0.0,4.2,0.07539432176656151,0.6143172500788395,0.2412488174077578,0.14443393251340272,341357.0,39153.0,16199.0,15851.0,40.4,2.4,0.4553768527278461,0.5446231472721539,0.0,0.27699999999999997,57275.0,0.020139813581890813,0.14,0.096,0.41481713035323536,0.41336872586872586,0.10189274447949527,0.19400630914826497,0.332
M3H,0.3748241912798875,0.3442334739803094,0.28094233473980307,0.0,5.6,0.05865823674042852,0.6541300527240773,0.14762741652021089,0.19824253075571177,898216.0,37011.0,14921.0,14226.0,40.1,2.6,0.5374077976817703,0.46259220231822973,0.0,0.153,71558.0,0.04930058000682361,0.083,0.065,0.3314369310793238,0.48625843780135003,0.06041447137337548,0.13136635054443274,0.243
M3J,0.13131313131313133,0.5481127060074429,0.32057416267942584,0.0,4.9,0.07594264471587892,0.6418703506907545,0.15993623804463336,0.19819341126461212,499865.0,25473.0,10196.0,9407.0,34.8,2.7,0.46149761019649493,0.5385023898035051,0.0,0.24600000000000002,54031.0,0.003633720930232558,0.16899999999999998,0.10800000000000001,0.37362132352941174,0.31424481030780244,0.10037174721189591,0.21083377588953797,0.293
M3K,0.5610859728506787,0.0,0.43665158371040724,0.0022624434389140274,6.0,0.05069124423963134,0.7811059907834101,0.1175115207373272,0.10138248847926268,751635.0,5997.0,2290.0,2208.0,42.5,2.7,0.5793103448275863,0.4206896551724138,0.0,0.151,62635.0,0.011305241521068859,0.165,0.068,0.4012158054711246,0.25199362041467305,0.034482758620689655,0.12672811059907835,0.19399999999999998
M3L,0.0979381443298969,0.19415807560137457,0.7079037800687286,0.0,5.7,0.1079447322970639,0.743103448275862,0.16034482758620688,0.09655172413793103,501643.0,17339.0,6656.0,5824.0,41.3,3.0,0.6303972366148531,0.3696027633851468,0.0,0.179,59669.0,0.002555677254472435,0.218,0.087,0.4242842359434288,0.15041782729805014,0.06050129645635264,0.16580310880829016,0.251
M3M,0.28045479155387115,0.27883053600433133,0.4401732539252842,0.0005414185165132648,4.9,0.09973045822102426,0.7525606469002696,0.14285714285714285,0.1045822102425876,599286.0,24046.0,9706.0,9234.0,40.2,2.6,0.4234913793103448,0.5765086206896551,0.0,0.20199999999999999,55099.0,0.004451427075150563,0.18600000000000003,0.077,0.3800738007380074,0.19230769230769232,0.08194070080862534,0.20754716981132076,0.23600000000000002
M3N,0.07258938244853738,0.5189599133261105,0.4084507042253521,0.0,4.8,0.1298232960692391,0.8344752975117201,0.14605120807789398,0.019473494410385865,448578.0,41958.0,14523.0,13841.0,35.2,3.0,0.37626262626262624,0.6237373737373737,0.0,0.318,47650.0,0.0008216926869350862,0.275,0.131,0.4465736624252645,0.11100591715976331,0.1240981240981241,0.27056277056277056,0.298
M4A,0.20421393841166938,0.34764991896272285,0.4481361426256078,0.0,4.7,0.06295993458708095,0.7364975450081833,0.14402618657937807,0.11947626841243862,501537.0,14443.0,6299.0,6170.0,44.2,2.3,0.49795584627964024,0.5020441537203598,0.0,0.222,54905.0,0.013454861111111112,0.162,0.094,0.4023718763235917,0.3475409836065574,0.050695012264922325,0.11856091578086672,0.243
M4B,0.4263157894736842,0.2855263157894737,0.2881578947368421,0.0,5.4,0.10848126232741617,0.8362919132149902,0.11702827087442472,0.04667981591058514,696953.0,18628.0,7872.0,7599.0,41.9,2.4,0.4835742444152431,0.5164257555847569,0.0,0.209,60749.0,0.026934878963518583,0.129,0.094,0.3737988468930173,0.326578699340245,0.04730617608409987,0.1366622864651774,0.226
M4C,0.2691713844570252,0.38728769943386515,0.34354091610910964,0.0,5.0,0.09853733641262509,0.8399589638368813,0.12131315721979995,0.0387278789433188,647627.0,46866.0,20178.0,19431.0,39.4,2.4,0.5345137285091096,0.46548627149089045,0.0,0.22,60646.0,0.019811449651591748,0.12,0.086,0.327774882751433,0.44771591720199855,0.07106208311954848,0.14802462801436633,0.237
M4E,0.2804821511358368,0.07695873898933704,0.6425591098748261,0.0,5.9,0.07942405945192754,0.8398328690807799,0.06963788300835655,0.0905292479108635,848174.0,25044.0,11284.0,10784.0,41.9,2.3,0.6398698884758365,0.3601301115241636,0.0,0.111,94587.0,0.10453497309761722,0.052000000000000005,0.067,0.2749445676274945,0.5651577503429356,0.006502554575011612,0.04180213655364608,0.171
M4G,0.44307891332470895,0.1888745148771022,0.3680465717981889,0.0,6.2,0.04873294346978557,0.6857142857142857,0.08766233766233766,0.22662337662337662,1199496.0,19076.0,8108.0,7731.0,43.3,2.4,0.6794538361508452,0.32054616384915474,0.0,0.078,115833.0,0.1729067392784207,0.033,0.068,0.31417374265186154,0.6793103448275862,0.012345679012345678,0.042884990253411304,0.154
M4H,0.0,0.9875195007800313,0.0124804992199688,0.0,3.5,0.1365399534522886,0.7902097902097902,0.19347319347319347,0.016317016317016316,274683.0,19688.0,6475.0,6415.0,32.4,3.0,0.08462732919254658,0.9153726708074534,0.0,0.47700000000000004,43945.0,0.004704037632301058,0.264,0.133,0.4650337238196663,0.3924897119341564,0.3235065942591156,0.45927075252133437,0.361
M4J,0.28760162601626016,0.15447154471544716,0.5575880758807588,0.00033875338753387534,5.5,0.08758877240446399,0.8685366677931734,0.08854342683338966,0.04291990537343697,749802.0,35738.0,15312.0,14754.0,40.8,2.4,0.6203515889114266,0.37964841108857333,0.0,0.17,72720.0,0.043401552575864505,0.10099999999999999,0.071,0.33757853625403295,0.47567437379576105,0.02434900236726412,0.07676699357456881,0.18600000000000003
M4K,0.15870834764685676,0.3486774304362762,0.49261422191686705,0.0,5.0,0.08728522336769759,0.8958404950154693,0.0715022344448264,0.03265727053970437,898565.0,31583.0,15198.0,14556.0,41.5,2.1,0.436426116838488,0.563573883161512,0.0,0.161,65948.0,0.0760848414088344,0.07200000000000001,0.065,0.29708920187793425,0.5533035009212951,0.02507729302645139,0.08453608247422681,0.193
M4L,0.18338727076591155,0.07479323984178353,0.7418194893923049,0.0,5.5,0.09888127029953085,0.8004330566582462,0.1035727174305305,0.09599422591122339,752621.0,32640.0,14634.0,13901.0,39.7,2.3,0.5943702634428004,0.4056297365571996,0.0,0.16,81014.0,0.07222767419038273,0.068,0.067,0.29364030949235703,0.4990064580228515,0.015517863587152653,0.06134969325153374,0.221
M4M,0.06629578117756142,0.20074177097821047,0.7329624478442281,0.0,4.9,0.0762081784386617,0.6745589600742804,0.11327762302692665,0.21216341689879295,699144.0,24689.0,11393.0,10787.0,38.8,2.2,0.5896840148698885,0.4103159851301115,0.0,0.19399999999999998,75412.0,0.05723651033787191,0.07400000000000001,0.065,0.2820891845282089,0.4802421924792862,0.023234200743494422,0.05901486988847584,0.243
M4N,0.48546042003231016,0.252827140549273,0.2617124394184168,0.0,6.9,0.059205190592051905,0.67558799675588,0.1922141119221411,0.1321978913219789,1599198.0,15330.0,6497.0,6190.0,44.1,2.5,0.6455798864557989,0.3544201135442011,0.0,0.095,137758.0,0.23211314475873543,0.02,0.075,0.37629688747007184,0.7428010471204188,0.0056772100567721,0.0340632603406326,0.156
M4P,0.08057491289198607,0.7238675958188153,0.1955574912891986,0.0,3.7,0.05741626794258373,0.6234782608695653,0.18956521739130436,0.18695652173913044,798823.0,20039.0,12207.0,11487.0,37.8,1.7,0.2604347826086956,0.7395652173913043,0.0,0.2,61036.0,0.06471095772217429,0.06,0.073,0.279294182519989,0.6204188481675392,0.03218790778599391,0.08920800696257615,0.223
M4R,0.35948361469712015,0.34657398212512414,0.2939424031777557,0.0,5.7,0.06231454005934718,0.7661050545094152,0.09117938553022795,0.14271555996035679,1299171.0,11394.0,5332.0,5036.0,39.4,2.3,0.5143422354104846,0.4856577645895153,0.0,0.099,94208.0,0.16870824053452116,0.028999999999999998,0.07400000000000001,0.2924921793534932,0.7345399698340875,0.019782393669634024,0.05242334322453017,0.158
M4S,0.1373134328358209,0.6358208955223881,0.22686567164179106,0.0,4.4,0.04253731343283582,0.6154419992540097,0.1794106676613204,0.2051473330846699,851388.0,26506.0,14011.0,13397.0,38.8,1.9,0.4197761194029851,0.5802238805970149,0.0,0.145,75520.0,0.0911854103343465,0.049,0.066,0.25906735751295334,0.6758893280632411,0.03395522388059701,0.08022388059701492,0.214
M4T,0.22435282837967402,0.5465004793863855,0.22914669223394055,0.0,5.4,0.05566218809980806,0.7766059443911792,0.13518696069031638,0.08820709491850431,1398897.0,10463.0,5499.0,5212.0,45.0,2.0,0.4697986577181208,0.5302013422818792,0.0,0.10099999999999999,96571.0,0.19734564339296018,0.027000000000000003,0.057,0.32945736434108525,0.7105263157894737,0.008637236084452975,0.044145873320537425,0.165
M4V,0.12047569803516028,0.5920372285418821,0.2874870734229576,0.0,4.8,0.080719794344473,0.7781780751415337,0.1116829644879053,0.11013896037056099,1344811.0,18241.0,10308.0,9666.0,43.8,1.9,0.41203703703703703,0.5879629629629629,0.0,0.12300000000000001,85487.0,0.17072389493914158,0.027999999999999997,0.061,0.3088923556942278,0.6925643469971401,0.014395886889460155,0.05089974293059126,0.184
M4W,0.20440467997247075,0.5746730901582932,0.22092222986923607,0.0,5.4,0.049586776859504134,0.5509641873278237,0.20867768595041322,0.2403581267217631,1002427.0,14561.0,7918.0,7267.0,46.1,2.0,0.5736914600550964,0.4263085399449036,0.0,0.127,101146.0,0.1974755700325733,0.02,0.068,0.34889148191365227,0.7327960322380657,0.01721763085399449,0.06336088154269973,0.221
M4X,0.008244422890397672,0.8118331716779825,0.17992240543161978,0.0,3.4,0.10480349344978165,0.7819329771733852,0.13258863525983486,0.08547838756677999,897798.0,20822.0,10809.0,10306.0,38.0,2.0,0.1344007763221737,0.8655992236778263,0.0,0.353,40291.0,0.02816483842276905,0.127,0.106,0.34202323604420515,0.4539116963594113,0.10485436893203884,0.2145631067961165,0.275
M4Y,0.0010167768174885613,0.8879003558718861,0.11108286731062532,0.0,3.2,0.0620831195484864,0.47908647677700794,0.20118039517577624,0.3197331280472158,439826.0,30472.0,21975.0,19665.0,34.0,1.5,0.27219086711133916,0.7278091328886609,0.0,0.28300000000000003,52167.0,0.03657880580957504,0.057999999999999996,0.08800000000000001,0.27459231983166754,0.6538088306647258,0.02180605438686506,0.08645459209851206,0.406
M5A,0.00514886948735169,0.7239758226997985,0.2706514439220954,0.00022386389075442132,3.5,0.09009412819363515,0.41483639623487223,0.1931869116987898,0.39197669206633795,450411.0,41078.0,24186.0,22333.0,37.0,1.7,0.3314657104437472,0.6685342895562528,0.0,0.317,52623.0,0.043203526818515796,0.084,0.076,0.3032635029214764,0.5175060850028085,0.03653070372030479,0.0916629314208875,0.327
M5B,0.000708215297450425,0.9327195467422096,0.06657223796033994,0.0,3.3,0.04070175438596491,0.26858345021037866,0.34221598877980364,0.38920056100981765,500104.0,12785.0,8249.0,7058.0,32.0,1.7,0.33286516853932585,0.6671348314606742,0.0,0.327,49856.0,0.03421174294960703,0.06,0.102,0.30044444444444446,0.6396453451551615,0.03160112359550562,0.10603932584269662,0.441
M5C,0.0,0.9563953488372093,0.0436046511627907,0.0,3.5,0.042492917847025496,0.15142857142857144,0.44,0.4085714285714286,419864.0,2951.0,1879.0,1721.0,36.4,1.6,0.5240793201133145,0.47592067988668557,0.0,0.145,83872.0,0.0859375,0.031,0.068,0.17318435754189945,0.680365296803653,0.0113314447592068,0.059490084985835696,0.23800000000000002
M5E,0.0008795074758135445,0.9876868953386104,0.011433597185576077,0.0,3.5,0.01576182136602452,0.060473269062226116,0.3514460999123576,0.5880806310254163,549317.0,9118.0,6232.0,5682.0,34.5,1.6,0.415061295971979,0.5849387040280211,0.0,0.14,89969.0,0.10861865407319952,0.033,0.043,0.2059667240390132,0.753294289897511,0.014010507880910683,0.06310254163014899,0.276
M5G,0.0,0.9929006085192698,0.007099391480730223,0.0,3.1,0.024390243902439025,0.10885045778229908,0.34994913530010174,0.5412004069175992,499849.0,8423.0,5876.0,4929.0,29.2,1.7,0.3170731707317073,0.6829268292682927,0.0,0.373,49696.0,0.03293010752688172,0.043,0.07400000000000001,0.343042071197411,0.7863501483679525,0.039634146341463415,0.14213197969543148,0.45299999999999996
M5H,0.0,0.9718875502008032,0.028112449799196786,0.0,3.3,0.012048192771084338,0.028225806451612902,0.11290322580645161,0.8588709677419355,501119.0,2005.0,1718.0,1243.0,31.7,1.6,0.448,0.552,0.0,0.179,86101.0,0.14130434782608695,0.008,0.049,0.1693548387096774,0.8018867924528302,0.024096385542168676,0.08433734939759036,0.396
M5J,0.027761711972238288,0.9699248120300752,0.002313475997686524,0.0,3.4,0.02099125364431487,0.15752625437572929,0.23745624270711785,0.6050175029171528,469740.0,14545.0,9913.0,8649.0,33.3,1.7,0.47055393586005834,0.5294460641399417,0.0,0.146,85077.0,0.0888804841149773,0.03,0.048,0.21693907875185736,0.7491442542787287,0.024489795918367346,0.07405247813411078,0.369
M5K,,,,,,,,,,,0.0,1.0,1.0,,,,,,,,,,,,,,,
M5L,,,,,,,,,,,0.0,1.0,1.0,,,,,,,,,,,,,,,
M5M,0.6344314558979809,0.10414452709883103,0.2614240170031881,0.0,7.2,0.04756871035940803,0.6076150185087256,0.19777895293495504,0.19460602855631942,1392931.0,25975.0,9824.0,9408.0,41.2,2.8,0.7834125726360275,0.21658742736397252,0.0,0.076,136982.0,0.19227799227799228,0.032,0.057999999999999996,0.3330073349633252,0.7082860385925085,0.017970401691331923,0.04439746300211417,0.174
M5N,0.43407864302235927,0.38164996144949886,0.18427139552814187,0.0,6.2,0.0705521472392638,0.8110599078341014,0.1152073732718894,0.07373271889400922,1505143.0,16610.0,6889.0,6486.0,39.9,2.5,0.4854294478527607,0.5145705521472392,0.0,0.12300000000000001,94106.0,0.16333725029377202,0.035,0.076,0.3109778943424504,0.6381653454133636,0.03376822716807368,0.08895705521472393,0.156
M5P,0.2576162479957242,0.38428647781934794,0.35809727418492787,0.0,5.5,0.0628385698808234,0.7692307692307693,0.1143011917659805,0.11646803900325027,1506742.0,19423.0,10078.0,9350.0,41.7,2.1,0.4111592632719393,0.5888407367280607,0.0,0.115,85309.0,0.1578144078144078,0.031,0.061,0.31542823037899137,0.6792014856081708,0.013001083423618635,0.056879739978331526,0.20800000000000002
M5R,0.05268817204301075,0.5229390681003584,0.4243727598566308,0.0,4.4,0.07227191413237925,0.7012522361359571,0.15062611806797854,0.1481216457960644,1202204.0,26496.0,15786.0,13953.0,39.3,1.8,0.34955277280858676,0.6504472271914132,0.0,0.196,68881.0,0.13061954819950794,0.032,0.069,0.29572836801752467,0.7024739583333334,0.011806797853309481,0.04865831842576029,0.266
M5S,0.014593908629441625,0.675761421319797,0.3096446700507614,0.0,3.9,0.05339195979899498,0.4685929648241206,0.2399497487437186,0.2914572864321608,750845.0,15372.0,9380.0,7878.0,31.6,1.8,0.3802639849151477,0.6197360150848523,0.0,0.304,52966.0,0.06810311658330127,0.048,0.099,0.34970238095238093,0.7316455696202532,0.013819095477386936,0.09233668341708542,0.369
M5T,0.009373169302870533,0.513766842413591,0.47685998828353837,0.0,3.9,0.09771796372147455,0.6126389701579871,0.248683440608543,0.13867758923346987,598675.0,17748.0,9480.0,8537.0,34.3,2.0,0.29373902867173785,0.7062609713282622,0.0,0.32899999999999996,43986.0,0.024092515258592996,0.12,0.08199999999999999,0.37496097408679363,0.47435271128480705,0.03859649122807018,0.09245172615564658,0.402
M5V,0.00048812235600390497,0.9640416531077123,0.03547022453628376,0.0,3.3,0.013346354166666666,0.0475415174210355,0.13269293389775316,0.8197655486812113,415435.0,49195.0,35058.0,30726.0,31.4,1.6,0.4318033854166667,0.5681966145833334,0.0,0.162,77752.0,0.06531332744924978,0.021,0.051,0.13896103896103895,0.7076183047321893,0.020833333333333332,0.07194010416666667,0.396
M5W,,,,,,,,,,,15.0,11.0,9.0,,,,,,,,,,,,,,,
M5X,,,,,,,,,,,10.0,5.0,3.0,,,,,,,,,,,,,,,
M6A,0.18401486988847585,0.3351920693928129,0.48079306071871125,0.0,4.6,0.08881987577639752,0.5956521739130435,0.17267080745341615,0.23167701863354037,500266.0,21048.0,8751.0,8074.0,39.0,2.5,0.4022346368715084,0.5977653631284916,0.0,0.24100000000000002,53933.0,0.018229166666666668,0.156,0.092,0.36772810777709736,0.36985645933014355,0.08074534161490683,0.18695652173913044,0.318
M6B,0.3128205128205128,0.4699300699300699,0.21724941724941724,0.0,5.3,0.06925596630790828,0.7786616752456715,0.15535797847449695,0.06598034627983154,798767.0,28522.0,11375.0,10728.0,40.7,2.6,0.5007019185774451,0.499298081422555,0.0,0.155,66282.0,0.04629213483146068,0.09699999999999999,0.077,0.3499677349967735,0.4114942528735632,0.06364061768834815,0.14319138979878335,0.253
M6C,0.34048640915593703,0.21363853123509777,0.4458750596089652,0.0,5.4,0.08882521489971347,0.8520992366412213,0.08158396946564886,0.06631679389312978,898474.0,24596.0,11043.0,10484.0,39.0,2.3,0.49426934097421205,0.505730659025788,0.0,0.14400000000000002,69058.0,0.07965499746321664,0.069,0.069,0.28261405672009865,0.5544760582928522,0.02865329512893983,0.084089823220258,0.20199999999999999
M6E,0.3498641304347826,0.10054347826086957,0.5495923913043478,0.0,5.4,0.09004739336492891,0.8628977657413677,0.1012186865267434,0.03588354773188896,601615.0,38041.0,15809.0,14721.0,40.8,2.6,0.5752961082910322,0.42470389170896783,0.0,0.16399999999999998,61113.0,0.00727802037845706,0.153,0.073,0.34936981248078697,0.24983058504630676,0.049069373942470386,0.13574813811780637,0.243
M6G,0.12295081967213115,0.07526080476900149,0.8014157973174366,0.00037257824143070045,5.4,0.09653373089824822,0.8665672754379427,0.09765188222139397,0.035780842340663435,897766.0,32086.0,14312.0,13424.0,38.2,2.3,0.4949683190458442,0.5050316809541558,0.0,0.13699999999999998,72363.0,0.052801519468186134,0.076,0.061,0.28964252978918426,0.5623700623700624,0.014530551415797318,0.06448005963473724,0.21899999999999997
M6H,0.11114003123373244,0.15694950546590317,0.7319104633003644,0.0,5.1,0.07792546260099036,0.7965085982282438,0.09718603439291297,0.10630536737884315,751791.0,44950.0,20573.0,19209.0,36.4,2.3,0.4692387904066736,0.5307612095933264,0.0,0.165,63550.0,0.020287182189434858,0.10400000000000001,0.07200000000000001,0.28746803069053706,0.42202153525529695,0.024765380604796664,0.08133472367049009,0.261
M6J,0.03385330235645536,0.28941254563557917,0.6767341520079655,0.0,4.7,0.0628722700198544,0.6197882197220383,0.11449371277299801,0.2657180675049636,800535.0,32684.0,16333.0,15063.0,35.1,2.1,0.4866027125372147,0.5133972874627853,0.0,0.149,71745.0,0.047952586206896554,0.062,0.06,0.24727208729320663,0.5248694072223484,0.016876240900066182,0.054268696227663796,0.29600000000000004
M6K,0.017480136208853577,0.6429057888762769,0.33938706015891035,0.00022701475595913735,3.5,0.08259385665529011,0.5482476103777879,0.09808830223031406,0.35366408739189803,500197.0,40957.0,23344.0,22023.0,34.6,1.8,0.28532423208191127,0.7146757679180887,0.0,0.245,54000.0,0.0241877773007013,0.087,0.068,0.24840499306518724,0.45141451414514144,0.05460750853242321,0.1267349260523322,0.327
M6L,0.3784698713608666,0.3974272173324306,0.22342586323628977,0.0006770480704129993,5.5,0.07755102040816327,0.7452445652173914,0.203125,0.051630434782608696,698545.0,20616.0,7611.0,7387.0,41.2,2.7,0.4833219877467665,0.5166780122532335,0.0,0.231,54933.0,0.010136205258156478,0.19399999999999998,0.084,0.4249924539692122,0.20823244552058112,0.08231292517006802,0.19523809523809524,0.21600000000000003
M6M,0.2802746566791511,0.4029338327091136,0.3167915106117353,0.0,4.9,0.09102244389027432,0.7015902712815716,0.21265980667290302,0.08574992204552541,501052.0,42434.0,16799.0,16020.0,38.7,2.6,0.46117867165575305,0.538821328344247,0.0,0.235,52730.0,0.004620360388110273,0.188,0.10300000000000001,0.37888824884792627,0.16348195329087048,0.06670822942643391,0.18989710009354538,0.307
M6N,0.2513072900645955,0.24976930175330667,0.4989234081820978,0.0,5.2,0.09454881429011396,0.7810286418232214,0.1256544502617801,0.09331690791499846,501247.0,41243.0,17239.0,16250.0,39.9,2.5,0.588543270711426,0.4114567292885741,0.0,0.212,57771.0,0.004525569467491326,0.171,0.086,0.37717406928273683,0.1991561181434599,0.043424699722821064,0.1315060055435787,0.262
M6P,0.11040843214756259,0.42239789196310934,0.46693017127799735,0.00026350461133069827,4.6,0.06836707862214042,0.7638085218306154,0.09521304576538664,0.1409784324039979,750321.0,40035.0,19924.0,18972.0,37.8,2.1,0.4242902208201893,0.5757097791798107,0.0,0.159,68983.0,0.04468342926385944,0.07400000000000001,0.065,0.2712233347845015,0.5721976542972506,0.027602523659305992,0.08729950039442545,0.23600000000000002
M6R,0.15832363213038417,0.110011641443539,0.7305005820721769,0.0011641443538998836,5.5,0.09884393063583816,0.9282822440717178,0.031810294968189705,0.03990746096009254,947600.0,19857.0,9205.0,8598.0,38.4,2.2,0.48814343551185657,0.5118565644881434,0.0,0.12,78580.0,0.07535121328224777,0.052000000000000005,0.055999999999999994,0.23103022825416408,0.5914536741214057,0.01098901098901099,0.05086705202312139,0.19699999999999998
M6S,0.35858068918457864,0.2940975776185602,0.34732173319686116,0.0,5.7,0.06593782029381619,0.7404371584699454,0.08640710382513661,0.17315573770491804,801672.0,34299.0,15261.0,14655.0,39.9,2.3,0.6590365562008883,0.3409634437991117,0.0,0.121,90288.0,0.09774716067771365,0.055999999999999994,0.062,0.2935153583617747,0.6133567662565905,0.011957635804578067,0.04647983595352016,0.207
M7A,,,,,,,,,,,10.0,6.0,5.0,,,,,,,,,,,,,,,
M7Y,,,,,,,,,,,10.0,7.0,7.0,,,,,,,,,,,,,,,
M8V,0.17091836734693877,0.5015306122448979,0.32755102040816325,0.0,4.3,0.07204684317718942,0.5114562118126272,0.20264765784114053,0.2858961303462322,549704.0,37975.0,22268.0,19601.0,41.6,1.9,0.46093153474166454,0.5390684652583354,0.0,0.209,61120.0,0.03858072513170127,0.092,0.07,0.314903129657228,0.4206233005647354,0.0269857433808554,0.08679053194196996,0.29600000000000004
M8W,0.46153846153846156,0.15042735042735042,0.38803418803418804,0.0,5.7,0.07407407407407407,0.7897435897435897,0.11452991452991453,0.09572649572649573,649743.0,20674.0,9161.0,8770.0,42.4,2.4,0.6400911161731208,0.35990888382687924,0.0,0.121,73201.0,0.025939959195569805,0.105,0.066,0.31684003373629466,0.31799674267100975,0.020512820512820513,0.08376068376068375,0.191
M8X,0.46298342541436466,0.39005524861878454,0.14696132596685083,0.0,6.4,0.04793028322440087,0.6126224156692056,0.15451577801958652,0.23286180631120784,1100109.0,10787.0,4680.0,4523.0,48.1,2.3,0.7241003271537623,0.27589967284623773,0.0,0.063,119097.0,0.18223760092272204,0.036000000000000004,0.071,0.3788130892956184,0.6940639269406392,0.013086150490730643,0.03598691384950927,0.155
M8Y,0.3416879795396419,0.28388746803069054,0.37442455242966755,0.0,5.0,0.06352459016393443,0.6535110199897488,0.10456176319835982,0.24192721681189133,750538.0,21299.0,10485.0,9782.0,40.4,2.2,0.5740645822655048,0.4259354177344951,0.0,0.158,73673.0,0.0629129560471129,0.073,0.069,0.28158338012352613,0.46648793565683644,0.02663934426229508,0.08303434136340339,0.228
M8Z,0.5862831858407079,0.1887905604719764,0.22492625368731564,0.0,6.2,0.041206769683590876,0.6364974245768947,0.07505518763796909,0.2884473877851361,750197.0,17038.0,7046.0,6782.0,41.4,2.4,0.8219278881530537,0.1780721118469463,0.0,0.075,92456.0,0.05951506245407789,0.077,0.054000000000000006,0.3125884016973126,0.4673135852911134,0.011764705882352941,0.05220588235294118,0.214
M9A,0.3306878306878307,0.5598544973544973,0.10945767195767196,0.0,5.6,0.06934306569343066,0.6287325812873258,0.12541473125414732,0.24585268745852687,999848.0,35594.0,15730.0,15119.0,43.1,2.3,0.5099535500995355,0.4900464499004645,0.0,0.145,75907.0,0.08606416005519145,0.059000000000000004,0.067,0.3484697272122422,0.509012439705509,0.03815527538155276,0.09983416252072969,0.222
M9B,0.5510370069133794,0.3420089467263115,0.10695404636030907,0.0,6.3,0.07551020408163266,0.6614944875459371,0.10943242139648836,0.2290730910575745,752180.0,32400.0,12617.0,12292.0,41.9,2.6,0.7378521845651286,0.26214781543487137,0.0,0.11699999999999999,88576.0,0.05375096674400619,0.081,0.075,0.33173165773424507,0.4845505617977528,0.030624744793793384,0.08244897959183674,0.205
M9C,0.3585841878928217,0.5219980152166722,0.11941779689050612,0.0,5.8,0.058745874587458745,0.8073243154074563,0.07489277466182778,0.11778290993071594,552402.0,38291.0,15402.0,15111.0,46.0,2.5,0.7109864731111845,0.2890135268888156,0.0,0.121,77818.0,0.026303127506014434,0.115,0.07,0.36114092930532127,0.3984526112185687,0.033663366336633666,0.08646864686468647,0.23600000000000002
M9L,0.14266666666666666,0.16266666666666665,0.6933333333333334,0.0013333333333333333,6.2,0.06675567423230974,0.844207723035952,0.10119840213049268,0.05459387483355526,501640.0,11950.0,4122.0,3746.0,40.3,3.2,0.7249666221628839,0.2750333778371162,0.0,0.188,62899.0,0.0042941492216854536,0.222,0.092,0.43519919314170447,0.19349457881567975,0.09879839786381843,0.16555407209612816,0.271
M9M,0.19507186858316222,0.28336755646817247,0.5215605749486653,0.0,5.5,0.0727891156462585,0.6768707482993197,0.15578231292517006,0.1673469387755102,501352.0,22263.0,7757.0,7310.0,37.6,3.0,0.5941536369816451,0.40584636301835486,0.0,0.204,61884.0,0.003821281599059377,0.18600000000000003,0.09300000000000001,0.38393596467016283,0.21639898562975485,0.09523809523809523,0.19727891156462585,0.297
M9N,0.2635201573254671,0.5103244837758112,0.22615535889872174,0.0,4.8,0.09292035398230089,0.7031941031941032,0.19606879606879607,0.10073710073710074,549349.0,25074.0,10713.0,10171.0,39.0,2.4,0.43411996066863323,0.5658800393313668,0.0,0.262,50545.0,0.0064516129032258064,0.177,0.094,0.36992665036674816,0.19198312236286919,0.06588003933136677,0.18722358722358723,0.27399999999999997
M9P,0.4541429475015813,0.4155597722960152,0.13029728020240355,0.0,6.0,0.06675143038779402,0.7688888888888888,0.17142857142857143,0.059682539682539684,699557.0,20874.0,8198.0,7906.0,45.9,2.6,0.6179275270184361,0.3820724729815639,0.0,0.157,73425.0,0.029978586723768737,0.131,0.08,0.4101057579318449,0.3326781326781327,0.043865225683407505,0.10927573062261753,0.204
M9R,0.31252533441426833,0.5691122821240373,0.11836238346169436,0.0,5.5,0.07720291026677445,0.8371717171717171,0.11595959595959596,0.04686868686868687,601046.0,33743.0,12755.0,12336.0,40.6,2.7,0.49575757575757573,0.5042424242424243,0.0,0.21,63032.0,0.014717125382262997,0.17600000000000002,0.09300000000000001,0.41993139555876513,0.3065735892961024,0.09292929292929293,0.16525252525252526,0.22699999999999998
M9V,0.27491817911335914,0.40731925022314786,0.317762570663493,0.0,5.3,0.0839036001190122,0.6630952380952381,0.3080357142857143,0.02886904761904762,475016.0,55959.0,17590.0,16808.0,35.9,3.3,0.5410714285714285,0.4589285714285714,0.0,0.235,59760.0,0.0026378896882494006,0.21,0.111,0.4110587707492149,0.23192407247627264,0.1407319250223148,0.2523058613507885,0.298
M9W,0.38321167883211676,0.29927007299270075,0.31715328467153286,0.000364963503649635,5.6,0.06603429405326523,0.6138686131386861,0.2587591240875912,0.12737226277372263,501672.0,40684.0,14487.0,13704.0,38.3,2.9,0.6056183874498359,0.3943816125501642,0.0,0.18100000000000002,65826.0,0.004717722912407611,0.166,0.10099999999999999,0.36250555308751664,0.2572280862781092,0.07624954396205764,0.1634439985406786,0.24100000000000002
N0A,0.8666117743927543,0.0,0.1288596130094689,0.004528612597776863,7.1,0.06933553446141147,0.5810978126289723,0.21502269913330582,0.20387948823772184,299433.0,29853.0,13934.0,12148.0,48.9,2.4,0.847646573080099,0.15111478117258464,0.0012386457473162675,0.1,74166.0,0.016488046166529265,0.145,0.062,0.3936106088004822,0.11329256517541036,0.002888980602558811,0.022708505367464906,0.151
N0B,0.863898916967509,0.0007220216606498195,0.12743682310469315,0.007942238267148015,7.9,0.04531559072109333,0.4933453237410072,0.2800359712230216,0.22661870503597123,480693.0,80222.0,28639.0,27697.0,42.0,2.9,0.8852724330156446,0.11472756698435534,0.0,0.071,102175.0,0.04291636186296025,0.081,0.037000000000000005,0.2769532783667059,0.23911986384634087,0.007013127135407301,0.024820143884892086,0.146
N0C,0.9170090386195563,0.0,0.06737880032867707,0.015612161051766639,7.1,0.07622950819672131,0.5655737704918032,0.26885245901639343,0.16557377049180327,299839.0,15438.0,7727.0,6087.0,46.1,2.5,0.8483606557377049,0.15163934426229508,0.0,0.152,66944.0,0.015503875968992248,0.152,0.064,0.3649921507064364,0.12848101265822784,0.005737704918032787,0.027868852459016394,0.214
N0E,0.9409937888198758,0.00038819875776397513,0.055900621118012424,0.002717391304347826,7.6,0.0641321044546851,0.6092130518234165,0.2234165067178503,0.1673704414587332,320327.0,34772.0,14817.0,12882.0,45.0,2.6,0.8713517665130568,0.12864823348694315,0.0,0.099,77325.0,0.017673048600883652,0.139,0.059000000000000004,0.3594162124142782,0.13506711409395974,0.009984639016897081,0.027265745007680493,0.142
N0G,0.8370196078431372,0.00031372549019607844,0.15168627450980393,0.010980392156862745,7.2,0.07111459968602826,0.6566718995290424,0.21145996860282573,0.13186813186813187,250241.0,83818.0,34954.0,31871.0,41.8,2.6,0.8061224489795918,0.19387755102040816,0.0,0.156,67460.0,0.016577202399747394,0.142,0.046,0.3195718654434251,0.10548112058465287,0.010830324909747292,0.027939099042536494,0.16399999999999998
N0H,0.8700862895493768,0.0011984659635666348,0.12056567593480345,0.008149568552253116,7.1,0.07032181168057211,0.5386266094420601,0.2536957558416786,0.20767763471626133,300188.0,48330.0,32659.0,20863.0,51.9,2.3,0.8512514898688915,0.1463647199046484,0.0023837902264600714,0.126,69918.0,0.03755337854810349,0.14,0.062,0.4271137026239067,0.18883415435139572,0.004051477597712107,0.01907032181168057,0.16899999999999998
N0J,0.8981316725978647,0.00044483985765124553,0.07250889679715303,0.02891459074733096,7.6,0.07184292726461401,0.6616071428571428,0.19598214285714285,0.14241071428571428,290644.0,32428.0,11664.0,11235.0,38.3,2.9,0.8233719892952721,0.17662801070472792,0.0,0.11,78266.0,0.012574726860441147,0.128,0.044000000000000004,0.2951471758154336,0.10591514400743264,0.015171798304328426,0.03302097278000892,0.13699999999999998
N0K,0.884985835694051,0.0005665722379603399,0.10764872521246459,0.006798866855524079,7.4,0.0547945205479452,0.6948088990302339,0.1853964632059327,0.11979463776383342,275981.0,24378.0,9147.0,8823.0,38.6,2.7,0.809931506849315,0.19006849315068494,0.0,0.11699999999999999,74344.0,0.01037117903930131,0.122,0.037000000000000005,0.2676997061180871,0.10936205468102735,0.011986301369863013,0.027968036529680364,0.16
N0L,0.9112492933860938,0.0002826455624646693,0.06981345392877332,0.018654607122668174,7.7,0.0726241134751773,0.6041430192962542,0.24262202043132802,0.1532349602724177,290768.0,46908.0,18494.0,17687.0,44.5,2.6,0.8660992907801418,0.13390070921985817,0.0,0.094,81932.0,0.02079912424740011,0.11599999999999999,0.052000000000000005,0.31381084289671546,0.16979975480179813,0.004822695035460993,0.02156028368794326,0.126
N0M,0.8644724104549855,0.0003872216844143272,0.12139399806389158,0.013746369796708615,7.4,0.061761858664085185,0.6473093302361596,0.19589624467673247,0.156794425087108,276392.0,64764.0,30347.0,25829.0,46.2,2.5,0.8147502903600464,0.18524970963995355,0.0,0.10099999999999999,75610.0,0.020288724151385096,0.128,0.046,0.3361782835467046,0.1642392314843508,0.002904162633107454,0.017421602787456445,0.138
N0N,0.8966584158415841,0.0003094059405940594,0.09870049504950495,0.004331683168316832,7.6,0.061957868649318466,0.6045863030678649,0.24480942051440968,0.15060427641772545,240435.0,40649.0,18043.0,16158.0,45.2,2.5,0.8516109045848823,0.14560099132589838,0.0027881040892193307,0.079,83534.0,0.04091193004372267,0.11599999999999999,0.068,0.3816621499548329,0.15966587112171837,0.0021685254027261464,0.015179677819083023,0.08800000000000001
N0P,0.8949128254119895,0.0004776689754000478,0.09816097444470982,0.006448531167900645,7.2,0.07913498098859316,0.7527341892534475,0.17070851165002376,0.07655729909652877,174914.0,52190.0,23164.0,20931.0,45.9,2.4,0.8060836501901141,0.19320342205323193,0.0007129277566539924,0.132,65736.0,0.01383495145631068,0.161,0.066,0.3800305056904846,0.10191801429108688,0.009743346007604563,0.03635931558935361,0.13699999999999998
N0R,0.9338842975206612,0.0,0.06139315230224321,0.004722550177095631,7.6,0.06127886323268206,0.5168738898756661,0.2522202486678508,0.23090586145648312,250765.0,46403.0,18471.0,16941.0,43.2,2.7,0.8961231133471441,0.10387688665285587,0.0,0.065,89643.0,0.0270194202082747,0.10300000000000001,0.045,0.33650836848550825,0.21177919146316437,0.002368265245707519,0.020432336393248447,0.115
N1A,0.7899686520376176,0.0,0.21003134796238246,0.0,6.8,0.05851619644723093,0.708029197080292,0.1689259645464025,0.12304483837330553,275360.0,12000.0,5255.0,4784.0,46.1,2.5,0.7701149425287356,0.22988505747126436,0.0,0.154,62259.0,0.010610079575596816,0.184,0.075,0.4134078212290503,0.08684654300168634,0.005219206680584551,0.02612330198537095,0.155
N1C,0.8218623481781376,0.0,0.17813765182186234,0.0,7.8,0.020161290322580645,0.03187250996015936,0.6772908366533864,0.2908366533864542,501388.0,3829.0,1244.0,1236.0,41.8,3.1,0.9598393574297188,0.040160642570281124,0.0,0.031,134372.0,0.06565656565656566,0.052000000000000005,0.055999999999999994,0.24126984126984127,0.47129186602870815,0.008032128514056224,0.012048192771084338,0.096
N1E,0.5826330532212886,0.030189853719265483,0.38686585745409274,0.0003112356053532524,6.4,0.055417185554171855,0.5608844596698848,0.1631890376829648,0.2759265026471504,359965.0,40591.0,16553.0,16063.0,37.6,2.5,0.7391845627139745,0.2608154372860255,0.0,0.1,79269.0,0.01643267389917039,0.10400000000000001,0.053,0.2808884775566867,0.29353123615418697,0.007471980074719801,0.029887920298879204,0.16699999999999998
N1G,0.5532922785409758,0.06537186167693036,0.38086215063950735,0.0004737091425864519,6.8,0.03512102515424775,0.3953488372093023,0.4110109159943047,0.19364024679639297,448957.0,27330.0,12615.0,10554.0,39.0,2.5,0.6796392975794969,0.3203607024205031,0.0,0.12,83425.0,0.03542047531992688,0.09300000000000001,0.067,0.3143362049922686,0.47006322052807736,0.008068343616516375,0.03415559772296015,0.145
N1H,0.42123197903014414,0.2288335517693316,0.345740498034076,0.0041939711664482305,5.9,0.0696882368352109,0.675399528425465,0.25491223473932406,0.0696882368352109,376078.0,43789.0,19963.0,19077.0,41.6,2.3,0.558291852239979,0.441708147760021,0.0,0.13699999999999998,64797.0,0.023719298245614036,0.11900000000000001,0.065,0.3259360108917631,0.3085084252132307,0.017029080429656798,0.047681425203039036,0.162
N1K,0.6935201401050788,0.0,0.3064798598949212,0.0,7.0,0.014234875444839857,0.060498220640569395,0.5462633451957295,0.3932384341637011,401197.0,9266.0,2880.0,2854.0,36.7,3.2,0.872113676731794,0.12788632326820604,0.0,0.053,101547.0,0.013277428371767994,0.079,0.059000000000000004,0.25218560860793543,0.25616698292220114,0.037366548042704624,0.06927175843694494,0.165
N1L,0.5487804878048781,0.0010162601626016261,0.4502032520325203,0.0,6.7,0.018218623481781375,0.04056795131845842,0.15314401622718052,0.8062880324543611,479799.0,14311.0,5367.0,4917.0,35.4,2.9,0.8267477203647416,0.17325227963525835,0.0,0.076,104358.0,0.05169172932330827,0.057999999999999996,0.054000000000000006,0.2628032345013477,0.49705304518664045,0.01720647773279352,0.03137651821862348,0.17600000000000002
N1M,0.6661392405063291,0.01740506329113924,0.29430379746835444,0.022151898734177215,6.6,0.051424050632911396,0.4541139240506329,0.3188291139240506,0.22705696202531644,348947.0,15998.0,6696.0,6319.0,43.6,2.5,0.7729430379746836,0.22705696202531644,0.0,0.081,77873.0,0.01764941837144003,0.11900000000000001,0.044000000000000004,0.3365533230293663,0.20144317498496692,0.0031645569620253164,0.029272151898734177,0.142
N1P,0.8115631691648822,0.0,0.1841541755888651,0.004282655246252677,7.4,0.01680672268907563,0.012658227848101266,0.350210970464135,0.6371308016877637,350083.0,7594.0,2338.0,2328.0,34.6,3.3,0.9221052631578948,0.07789473684210527,0.0,0.051,105438.0,0.01572617946345976,0.078,0.055,0.2307032590051458,0.16527942925089179,0.01680672268907563,0.05672268907563025,0.13
N1R,0.46487603305785125,0.08913813459268005,0.44155844155844154,0.004427390791027155,6.1,0.07077287533313592,0.6355831853167555,0.2353463587921847,0.1290704558910598,299449.0,42210.0,17534.0,16948.0,41.6,2.5,0.5973949082297217,0.40260509177027826,0.0,0.158,63306.0,0.011241007194244604,0.163,0.071,0.35983808009252566,0.12938838595716493,0.018951732306781165,0.059224163458691144,0.156
N1S,0.6447368421052632,0.04013157894736842,0.31513157894736843,0.0,6.9,0.062046204620462043,0.6937293729372938,0.23102310231023102,0.07524752475247524,349825.0,19510.0,7760.0,7602.0,42.5,2.5,0.7255936675461742,0.27440633245382584,0.0,0.10300000000000001,79267.0,0.026143790849673203,0.109,0.062,0.3165036289050174,0.21157495256166983,0.005936675461741424,0.033663366336633666,0.149
N1T,0.7063870352716873,0.009532888465204958,0.2840800762631077,0.0,7.7,0.02480916030534351,0.026717557251908396,0.5362595419847328,0.43702290076335876,429833.0,17670.0,5304.0,5244.0,36.8,3.3,0.8636796949475691,0.1363203050524309,0.0,0.063,109056.0,0.03666921313980138,0.077,0.062,0.27598696124592537,0.28002125398512223,0.02480916030534351,0.044804575786463297,0.145
N2A,0.5235955056179775,0.08584269662921348,0.39056179775280897,0.0,6.5,0.04576043068640646,0.43107319263583294,0.29591378536147284,0.27301302200269423,369527.0,29858.0,11360.0,11125.0,39.5,2.6,0.7146702557200538,0.2853297442799462,0.0,0.124,79266.0,0.024017467248908297,0.115,0.064,0.3352904172782554,0.26563973593209683,0.018850987432675045,0.049820466786355475,0.159
N2B,0.5716292134831461,0.13623595505617977,0.2914325842696629,0.0007022471910112359,6.4,0.055594651653764954,0.7683098591549296,0.21338028169014084,0.018309859154929577,348546.0,16501.0,7256.0,7115.0,45.0,2.3,0.6239436619718309,0.376056338028169,0.0,0.10099999999999999,67375.0,0.009482129832239242,0.139,0.07,0.34994697773064687,0.19574944071588368,0.01055594651653765,0.023926812104152005,0.11599999999999999
N2C,0.24891461649782923,0.38639652677279307,0.36468885672937773,0.0,5.2,0.06574141709276844,0.6004382761139518,0.197954711468225,0.20160701241782322,299120.0,16111.0,7219.0,6912.0,37.0,2.3,0.3907962016070124,0.6092037983929875,0.0,0.23800000000000002,53059.0,0.007785130400934216,0.165,0.085,0.35331825037707393,0.1970217640320733,0.03506208911614317,0.09057706355003653,0.207
N2E,0.49434100036509676,0.07776560788608981,0.42716319824753557,0.0007301935012778386,6.3,0.03907962016070124,0.33698430083972253,0.3176341730558598,0.3453815261044177,320286.0,39149.0,13901.0,13692.0,35.5,2.8,0.6894409937888198,0.3105590062111801,0.0,0.11800000000000001,77036.0,0.0077626358461273075,0.12,0.067,0.2795874938615158,0.2167168326001389,0.025200876552227903,0.06318480642804968,0.15
N2G,0.24964539007092199,0.36950354609929076,0.38085106382978723,0.0,4.7,0.08522727272727272,0.6690340909090909,0.17613636363636365,0.15482954545454544,280396.0,13407.0,7718.0,7044.0,38.9,1.9,0.33451704545454547,0.6654829545454546,0.0,0.22899999999999998,48505.0,0.013759431868619618,0.146,0.08199999999999999,0.3509532062391681,0.35044359949302917,0.014925373134328358,0.04190340909090909,0.23800000000000002
N2H,0.44812469556746226,0.19970774476376035,0.3521675596687774,0.0,5.6,0.08962493911349245,0.8417721518987342,0.10759493670886076,0.05063291139240506,300864.0,21058.0,10982.0,10273.0,39.9,2.0,0.4973209936678032,0.5026790063321968,0.0,0.154,58335.0,0.014550641940085592,0.12300000000000001,0.063,0.31647318960751797,0.32712871287128714,0.008280565026790063,0.03604481246955674,0.174
N2J,0.3947065592635213,0.3066743383199079,0.28423475258918296,0.014384349827387802,5.7,0.0625,0.6346265199768385,0.22119281991893458,0.14418066010422698,338596.0,18659.0,10335.0,8691.0,39.3,2.1,0.5740740740740741,0.42592592592592593,0.0,0.17300000000000001,60898.0,0.023336486912645855,0.113,0.069,0.3773758430410791,0.42367434386716657,0.01156737998843262,0.04398148148148148,0.182
N2K,0.6963078523140925,0.01924076963078523,0.2839313572542902,0.0005200208008320333,7.3,0.021443514644351465,0.24085684430512017,0.46865203761755486,0.290491118077325,400882.0,27253.0,9747.0,9607.0,39.5,2.8,0.8394351464435147,0.16056485355648537,0.0,0.073,104552.0,0.05244252873563218,0.062,0.048,0.27360663288807,0.4189551239115874,0.010460251046025104,0.02509147935180345,0.138
N2L,0.38819095477386933,0.24874371859296482,0.3630653266331658,0.0,6.1,0.058187863674147966,0.6251039068994181,0.19492934330839568,0.17996674979218621,400751.0,27758.0,15798.0,11944.0,33.3,2.3,0.4644490644490645,0.5355509355509356,0.0,0.22699999999999998,60683.0,0.03714223290364868,0.09699999999999999,0.083,0.4193413922467695,0.49412210845657945,0.017871986699916874,0.05155925155925156,0.136
N2M,0.3796551724137931,0.15517241379310345,0.4651724137931034,0.0,5.7,0.07369146005509641,0.7559380378657488,0.17865748709122203,0.06540447504302926,299806.0,33221.0,15003.0,14504.0,38.2,2.3,0.49827823691460055,0.5017217630853994,0.0,0.203,56576.0,0.012109744560075686,0.14800000000000002,0.084,0.35109661047670837,0.24905354245538128,0.02685025817555938,0.070223752151463,0.158
N2N,0.7306818181818182,0.0125,0.25681818181818183,0.0,7.3,0.0340522133938706,0.3024971623155505,0.5005675368898979,0.19693530079455165,349962.0,26490.0,8907.0,8812.0,38.8,2.9,0.8456299659477866,0.1543700340522134,0.0,0.08,94098.0,0.017369727047146403,0.096,0.062,0.28422548555187116,0.2894461859979101,0.015891032917139614,0.04370034052213394,0.127
N2P,0.6051687006460876,0.09978463747307968,0.29504666188083273,0.0,7.3,0.026409707351891507,0.2902072909220872,0.2923516797712652,0.4174410293066476,438896.0,19975.0,7236.0,6963.0,37.9,2.8,0.8044254104211278,0.19557458957887222,0.0,0.085,98347.0,0.05479907007638658,0.069,0.059000000000000004,0.2905469490989567,0.34582000913659205,0.012134189864382585,0.042826552462526764,0.154
N2R,0.6443037974683544,0.0,0.3556962025316456,0.0,6.7,0.010037641154328732,0.032663316582914576,0.114321608040201,0.8530150753768844,400111.0,12302.0,4008.0,3952.0,32.2,3.1,0.8743718592964824,0.12562814070351758,0.0,0.068,100298.0,0.02058319039451115,0.069,0.055,0.1965255157437568,0.3331000699790063,0.026348808030112924,0.03391959798994975,0.19699999999999998
N2T,0.7489146164978292,0.005788712011577424,0.24529667149059334,0.0,7.6,0.020334059549745823,0.048,0.696,0.256,428278.0,20701.0,6980.0,6909.0,39.5,3.0,0.8851744186046512,0.11482558139534883,0.0,0.091,109496.0,0.06275884039503027,0.061,0.069,0.3056139297508256,0.5529197080291971,0.010901162790697675,0.03561046511627907,0.133
N2V,0.7157221206581352,0.016453382084095063,0.26691042047531993,0.0009140767824497258,7.2,0.01463860933211345,0.0777676120768527,0.41537053979871913,0.5068618481244281,400352.0,16900.0,5563.0,5461.0,38.1,3.0,0.9011893870082343,0.09881061299176579,0.0,0.092,106799.0,0.051424050632911396,0.057,0.07400000000000001,0.2902741269245212,0.5144100054377378,0.014625228519195612,0.0292772186642269,0.147
N2Z,0.8147751605995718,0.0,0.1841541755888651,0.0010706638115631692,7.3,0.05026737967914439,0.6025641025641025,0.21581196581196582,0.18162393162393162,299099.0,10856.0,6044.0,4674.0,48.2,2.3,0.8062098501070664,0.1937901498929336,0.0,0.08900000000000001,88512.0,0.0735632183908046,0.096,0.064,0.417643774427694,0.24600355239786856,0.0,0.0053475935828877,0.124
N3A,0.7620660457239627,0.0,0.23708721422523285,0.000846740050804403,7.2,0.03625632377740304,0.3768971332209106,0.25295109612141653,0.37015177065767285,399428.0,16123.0,5966.0,5907.0,40.1,2.7,0.8642495784148398,0.1357504215851602,0.0,0.054000000000000006,93899.0,0.024620434961017644,0.10400000000000001,0.036000000000000004,0.30729579698651865,0.2292317301686446,0.002529510961214165,0.013490725126475547,0.09300000000000001
N3B,0.6977272727272728,0.0,0.30113636363636365,0.0011363636363636363,7.2,0.022962112514351322,0.5942528735632184,0.15172413793103448,0.2540229885057471,349694.0,12418.0,4466.0,4400.0,38.4,2.7,0.8220436280137773,0.17795637198622274,0.0,0.08199999999999999,87723.0,0.020185488270594652,0.092,0.032,0.2751605995717345,0.21783010933557612,0.011481056257175661,0.029850746268656716,0.098
N3C,0.7379912663755459,0.018558951965065504,0.2418122270742358,0.0016375545851528383,7.2,0.0391943385955362,0.3721436343852013,0.35038084874863984,0.27747551686615884,370313.0,26662.0,9272.0,9161.0,38.2,2.9,0.8492106695699511,0.150789330430049,0.0,0.055999999999999994,98888.0,0.02645370601447467,0.08199999999999999,0.055999999999999994,0.24779183576032465,0.23585225347339886,0.004899292324442025,0.027218290691344585,0.131
N3E,0.9473684210526315,0.0,0.05263157894736842,0.0,8.9,0.0,0.11764705882352941,0.7058823529411765,0.17647058823529413,500852.0,279.0,92.0,92.0,46.2,2.9,0.8421052631578947,0.15789473684210525,0.0,0.054000000000000006,171008.0,0.08163265306122448,0.057,0.0,0.2777777777777778,0.2702702702702703,0.0,0.0,0.0
N3H,0.5227655986509275,0.07082630691399663,0.40640809443507586,0.0,6.2,0.06917885264341957,0.6854248733821047,0.1935846933033202,0.12099043331457512,300475.0,21544.0,9163.0,8896.0,43.4,2.3,0.6400449943757031,0.35995500562429694,0.0,0.126,67367.0,0.013266509433962265,0.134,0.063,0.33769187038089826,0.14019904803115535,0.003937007874015748,0.03880764904386952,0.168
N3L,0.6790571169537625,0.012692656391659111,0.3082502266545784,0.0,7.1,0.045167118337850046,0.5718157181571816,0.1842818428184282,0.24390243902439024,324747.0,14684.0,5665.0,5519.0,43.6,2.6,0.8265582655826558,0.17344173441734417,0.0,0.076,84565.0,0.021768103065304308,0.114,0.04,0.3129836629406707,0.20986009327115257,0.002707581227436823,0.02527075812274368,0.11699999999999999
N3P,0.604133545310016,0.15421303656597773,0.24165341812400637,0.0,7.1,0.04559748427672956,0.3223270440251572,0.6635220125786163,0.014150943396226415,280067.0,8597.0,3192.0,3142.0,38.5,2.7,0.7547169811320755,0.24528301886792453,0.0,0.11,76327.0,0.008988764044943821,0.134,0.07,0.2981586402266289,0.1705020920502092,0.009433962264150943,0.036163522012578615,0.125
N3R,0.6555040969006056,0.09939437121482009,0.2451015318845743,0.0,7.0,0.05785714285714286,0.7460714285714286,0.19035714285714286,0.06357142857142857,299395.0,34276.0,14393.0,14030.0,45.8,2.4,0.7289285714285715,0.2710714285714286,0.0,0.11699999999999999,66899.0,0.012186249545289195,0.165,0.061,0.3891426563598032,0.16895644548377667,0.005,0.03,0.13699999999999998
N3S,0.5564184559159433,0.05710370031978072,0.3864778437642759,0.0,6.1,0.10095934216537232,0.7865630712979891,0.10009140767824497,0.113345521023766,219205.0,25765.0,11461.0,10943.0,39.6,2.3,0.6126084970306076,0.3873915029693924,0.0,0.218,52174.0,0.003511412089290193,0.20199999999999999,0.078,0.3818530045487192,0.0971588916169765,0.008222932846048425,0.053449063499314754,0.18600000000000003
N3T,0.6757378305864316,0.10157148332694518,0.22192410885396704,0.0007665772326561902,6.7,0.069713400464756,0.541860465116279,0.15658914728682172,0.3015503875968992,348434.0,34317.0,13698.0,13042.0,39.1,2.6,0.6804802478698683,0.3195197521301317,0.0,0.146,69988.0,0.020356234096692113,0.129,0.066,0.3336485719689805,0.2037037037037037,0.008911274699728787,0.02943454686289698,0.166
N3V,0.8256880733944955,0.0,0.1743119266055046,0.0,7.7,0.03508771929824561,0.3739130434782609,0.6,0.02608695652173913,300277.0,1607.0,551.0,549.0,40.1,3.0,0.9026548672566371,0.09734513274336283,0.0,0.053,95616.0,0.007905138339920948,0.102,0.051,0.3420074349442379,0.1853932584269663,0.0,0.02654867256637168,0.098
N3W,0.8553590010405827,0.0,0.14464099895941726,0.0,7.6,0.05619146722164412,0.45151199165797706,0.42857142857142855,0.11991657977059438,349528.0,13409.0,4847.0,4805.0,41.2,2.8,0.8822916666666667,0.11770833333333333,0.0,0.061,96054.0,0.020564323290291727,0.09699999999999999,0.049,0.28854118729866546,0.17552447552447553,0.002081165452653486,0.03433922996878252,0.111
N3Y,0.7326994189117803,0.04173269941891178,0.22292657157950344,0.002641310089804543,6.9,0.06842105263157895,0.693522906793049,0.19273301737756715,0.11374407582938388,250070.0,22419.0,9919.0,9461.0,49.1,2.3,0.7338243029984218,0.2661756970015781,0.0,0.147,62869.0,0.012486126526082131,0.17300000000000001,0.086,0.41195563970787125,0.1360144600090375,0.0026301946344029457,0.0241977906365071,0.136
N4B,0.7965299684542587,0.0,0.17350157728706625,0.02996845425867508,7.0,0.06200317965023847,0.7360890302066773,0.1669316375198728,0.09697933227344992,219671.0,7772.0,3271.0,3169.0,45.2,2.4,0.7647058823529411,0.23529411764705882,0.0,0.145,61232.0,0.008203445447087777,0.182,0.076,0.39413164155432195,0.0929936305732484,0.0031746031746031746,0.03179650238473768,0.163
N4G,0.7183942480527262,0.05392450569203116,0.22228879568603954,0.005392450569203115,6.8,0.05307599517490953,0.548854041013269,0.28950542822677927,0.16164053075995174,249321.0,19389.0,8567.0,8346.0,47.1,2.3,0.7215189873417721,0.27848101265822783,0.0,0.132,60864.0,0.012277867528271405,0.177,0.059000000000000004,0.4215345753078623,0.12281659388646288,0.004822182037371911,0.02591922845087402,0.135
N4K,0.6065112540192926,0.0614951768488746,0.31913183279742763,0.012861736334405145,6.5,0.07519099316445517,0.6996381182147166,0.22275834338560516,0.07760353839967833,250049.0,28286.0,13102.0,12441.0,48.7,2.2,0.6453558504221955,0.3546441495778046,0.0,0.171,56712.0,0.01704671241974762,0.17,0.066,0.4008158007728639,0.175929203539823,0.003216726980297547,0.024125452352231604,0.14400000000000002
N4L,0.7817679558011049,0.0,0.2154696132596685,0.0027624309392265192,6.8,0.062326869806094184,0.6052631578947368,0.24376731301939059,0.15096952908587258,290341.0,8117.0,4180.0,3620.0,53.6,2.2,0.7714681440443213,0.22853185595567868,0.0,0.15,60693.0,0.016999260901699925,0.188,0.057,0.43330930064888246,0.19615384615384615,0.002770083102493075,0.012465373961218837,0.155
N4N,0.7085308056872038,0.030805687203791468,0.25829383886255924,0.002369668246445498,6.7,0.04756242568370987,0.6460071513706794,0.21096543504171633,0.1430274135876043,250212.0,9901.0,4402.0,4227.0,48.6,2.3,0.6785714285714286,0.32142857142857145,0.0,0.14400000000000002,58752.0,0.015296367112810707,0.177,0.057999999999999996,0.4116915422885572,0.13865546218487396,0.0,0.023781212841854936,0.129
N4S,0.6384447674418605,0.052688953488372096,0.30886627906976744,0.0,6.7,0.07455664133188564,0.7603186097031137,0.16256335988414192,0.07711803041274438,239904.0,32254.0,14111.0,13758.0,43.6,2.3,0.6735432500904813,0.3264567499095186,0.0,0.129,64528.0,0.009906759906759906,0.147,0.054000000000000006,0.35245594300712413,0.11786961583236322,0.003620564808110065,0.02389572773352643,0.122
N4T,0.5648038049940547,0.1426872770511296,0.2925089179548157,0.0,7.0,0.017985611510791366,0.07065868263473053,0.42634730538922155,0.5029940119760479,310908.0,10818.0,4264.0,4208.0,39.9,2.6,0.7470023980815348,0.2529976019184652,0.0,0.066,85792.0,0.025856885147324114,0.111,0.043,0.3280609256004687,0.20127504553734063,0.0023952095808383233,0.016766467065868262,0.122
N4V,0.5625,0.10714285714285714,0.33035714285714285,0.0,6.6,0.03139013452914798,0.05829596412556054,0.33183856502242154,0.6098654708520179,280138.0,2983.0,1141.0,1119.0,38.6,2.5,0.7252252252252253,0.2747747747747748,0.0,0.083,78406.0,0.009411764705882352,0.127,0.043,0.3112128146453089,0.1912751677852349,0.008968609865470852,0.008968609865470852,0.15
N4W,0.691764705882353,0.0,0.2847058823529412,0.023529411764705882,6.8,0.05411764705882353,0.5941176470588235,0.17058823529411765,0.23529411764705882,276191.0,11199.0,4471.0,4254.0,38.0,2.6,0.7305882352941176,0.26941176470588235,0.0,0.11900000000000001,69504.0,0.014845605700712588,0.127,0.034,0.2973593570608496,0.11439114391143912,0.009411764705882352,0.03058823529411765,0.125
N4X,0.7598475222363406,0.010165184243964422,0.22871664548919948,0.0012706480304955528,7.1,0.05289672544080604,0.6123737373737373,0.20454545454545456,0.1830808080808081,279912.0,9791.0,4041.0,3938.0,44.6,2.4,0.7896725440806045,0.21032745591939547,0.0,0.091,76434.0,0.01808785529715762,0.12,0.022000000000000002,0.3168440826549781,0.1772406847935549,0.005044136191677175,0.021437578814627996,0.128
N4Z,0.47752808988764045,0.0,0.5224719101123596,0.0,7.1,0.022099447513812154,0.35,0.5333333333333333,0.11666666666666667,290657.0,2432.0,903.0,892.0,39.4,2.7,0.7569060773480663,0.2430939226519337,0.0,0.105,79360.0,0.013440860215053764,0.11900000000000001,0.062,0.32460732984293195,0.13821138211382114,0.011049723756906077,0.03867403314917127,0.131
N5A,0.5749546279491833,0.042831215970961886,0.3818511796733212,0.0003629764065335753,6.4,0.06143220647037441,0.7163636363636363,0.15890909090909092,0.12472727272727273,279573.0,31302.0,14233.0,13777.0,46.0,2.2,0.6706652126499455,0.3293347873500545,0.0,0.11699999999999999,64719.0,0.017002767892447607,0.134,0.051,0.33288227334235454,0.2071384990848078,0.005454545454545455,0.024718284260268994,0.141
N5C,0.7452830188679245,0.005145797598627788,0.24871355060034306,0.0008576329331046312,7.2,0.07586206896551724,0.6210163652024118,0.20241171403962102,0.17657192075796727,245077.0,14856.0,5954.0,5829.0,41.4,2.5,0.7586206896551724,0.2413793103448276,0.0,0.105,76213.0,0.011274934952298352,0.122,0.055999999999999994,0.3091828138163437,0.12325285895806862,0.002583979328165375,0.02239448751076658,0.122
N5H,0.8054768649669499,0.0,0.1907459867799811,0.003777148253068933,7.2,0.0552434456928839,0.6211412535079514,0.245088868101029,0.13376987839101964,240195.0,15199.0,5535.0,5295.0,36.8,2.8,0.7397003745318352,0.2602996254681648,0.0,0.182,65657.0,0.00949367088607595,0.165,0.078,0.3684438664932813,0.09186535764375876,0.019662921348314606,0.047752808988764044,0.16899999999999998
N5L,0.8384615384615385,0.0,0.16153846153846155,0.0,7.1,0.05952380952380952,0.6666666666666666,0.21031746031746032,0.12301587301587301,278565.0,2795.0,1646.0,1304.0,56.7,2.2,0.8174603174603174,0.18253968253968253,0.0,0.09699999999999999,74445.0,0.02610441767068273,0.14400000000000002,0.032,0.4352226720647773,0.1695501730103806,0.007936507936507936,0.01593625498007968,0.151
N5P,0.7030006123698714,0.06674831598285365,0.22963870177587262,0.000612369871402327,6.7,0.08333333333333333,0.6292892156862745,0.15931372549019607,0.2113970588235294,239980.0,19945.0,8456.0,8158.0,41.8,2.4,0.6875,0.3125,0.0,0.157,63680.0,0.009129442451907402,0.156,0.06,0.3504569807752915,0.13245655237200563,0.0055147058823529415,0.024509803921568627,0.132
N5R,0.709480122324159,0.020096111839231105,0.2699868938401048,0.00043687199650502403,6.9,0.06130434782608696,0.6149500217296827,0.19035202086049544,0.19469795740982182,200661.0,27368.0,11718.0,11440.0,44.2,2.3,0.7305519339417644,0.26944806605823557,0.0,0.131,64738.0,0.009431737797689225,0.165,0.061,0.3890884598114055,0.13911796342775187,0.002173913043478261,0.021739130434782608,0.128
N5V,0.535523613963039,0.03696098562628337,0.4275154004106776,0.0,6.7,0.05701394585726005,0.5174251742517425,0.4075440754407544,0.07503075030750307,214037.0,30857.0,13021.0,12176.0,36.9,2.5,0.6501230516817064,0.3498769483182937,0.0,0.193,60054.0,0.0031289111389236545,0.17,0.094,0.34244946492271106,0.11608222490931076,0.012305168170631665,0.044708777686628384,0.133
N5W,0.5868290482634191,0.06405051871898963,0.3491204330175913,0.0,6.2,0.08205590622182146,0.7953110910730388,0.10865644724977457,0.09603246167718665,199892.0,23250.0,11949.0,11082.0,42.6,2.1,0.6179521876409563,0.3820478123590437,0.0,0.2,52015.0,0.0031031807602792862,0.183,0.081,0.3772410358565737,0.1280148423005566,0.0027039206849932404,0.02929247408742677,0.168
N5X,0.6930935839803841,0.13894564773191664,0.16796076828769924,0.0,7.3,0.030562347188264057,0.29637178964533223,0.2886261720342438,0.415002038320424,341603.0,32897.0,12663.0,12236.0,40.6,2.7,0.7790460660415818,0.22095393395841825,0.0,0.11699999999999999,89671.0,0.03707394857484553,0.091,0.076,0.36104826546003016,0.4556354916067146,0.014669926650366748,0.041972290138549306,0.139
N5Y,0.40768725361366626,0.29500657030223393,0.29730617608409987,0.0,5.7,0.08794466403162056,0.6830313014827019,0.2085667215815486,0.10840197693574959,224328.0,34037.0,16251.0,15225.0,35.1,2.2,0.4502635046113307,0.5497364953886693,0.0,0.298,47069.0,0.009208103130755065,0.174,0.09699999999999999,0.37849235635213496,0.20966880341880342,0.025041186161449753,0.07841845140032949,0.152
N5Z,0.5002384358607534,0.08297567954220315,0.4167858845970434,0.0,6.2,0.09077878643096035,0.7148997134670487,0.26313276026743077,0.021967526265520534,174891.0,23755.0,10947.0,10491.0,40.1,2.3,0.6171128107074569,0.382887189292543,0.0,0.249,50714.0,0.002932551319648094,0.2,0.083,0.38073276966436076,0.11656671664167916,0.009077878643096034,0.044433827042522696,0.157
N6A,0.21266233766233766,0.5064935064935064,0.28084415584415584,0.0,5.0,0.0718954248366013,0.6631234668847097,0.1651676206050695,0.17170891251022077,399504.0,11317.0,9086.0,6160.0,35.3,1.7,0.3161764705882353,0.6838235294117647,0.0,0.22899999999999998,50502.0,0.053983228511530396,0.071,0.08900000000000001,0.3302083333333333,0.5826086956521739,0.005723630417007359,0.031862745098039214,0.155
N6B,0.136437908496732,0.4256535947712418,0.43709150326797386,0.0008169934640522876,4.3,0.07485760781122865,0.6908055329536208,0.1969080553295362,0.11228641171684296,188933.0,10103.0,6967.0,6120.0,38.8,1.6,0.22701383238405207,0.772986167615948,0.0,0.326,37747.0,0.01549053356282272,0.15,0.099,0.3650881057268722,0.32434514637904466,0.004878048780487805,0.03983739837398374,0.261
N6C,0.4755757152826239,0.18108862526168876,0.3433356594556874,0.0,6.2,0.07252440725244072,0.7687478200209278,0.20997558423439136,0.02127659574468085,259511.0,30510.0,14957.0,14333.0,41.3,2.1,0.5833333333333334,0.4166666666666667,0.0,0.149,62158.0,0.017276014463640015,0.11800000000000001,0.069,0.31636011616650533,0.33785694091037605,0.008368200836820083,0.032426778242677826,0.139
N6E,0.46195385370643105,0.14776632302405499,0.390279823269514,0.0,6.6,0.06702809265648102,0.6205027106949236,0.3484475110892065,0.031049778215869888,200186.0,27508.0,10342.0,10187.0,37.7,2.7,0.7064039408866996,0.2935960591133005,0.0,0.217,60388.0,0.0028971511347175277,0.184,0.077,0.3796275005748448,0.16342141863699583,0.024149827501232134,0.07832512315270936,0.166
N6G,0.6292209963223002,0.08057505850885992,0.29020394516883985,0.0,7.2,0.030394121576486306,0.332220367278798,0.31786310517529215,0.34991652754590985,315050.0,40677.0,17075.0,14956.0,37.1,2.7,0.7758851035404142,0.22411489645958585,0.0,0.153,84966.0,0.044573643410852716,0.08800000000000001,0.084,0.3585137417472747,0.49090038314176243,0.012028065486134313,0.03441363180755095,0.159
N6H,0.418732782369146,0.43443526170798896,0.14683195592286502,0.0,5.9,0.04257072232903049,0.4916231804449327,0.24965668772315297,0.25872013183191434,310772.0,40604.0,19456.0,18155.0,40.4,2.2,0.49217248008788794,0.5078275199121121,0.0,0.213,57807.0,0.026873464373464374,0.12,0.084,0.4124650889313538,0.444527736131934,0.02197802197802198,0.058500411974732214,0.14400000000000002
N6J,0.3649780614280016,0.3167132030315118,0.3075388911049063,0.010769844435580374,6.0,0.055776892430278883,0.6462151394422311,0.2868525896414343,0.06693227091633466,249979.0,26943.0,12931.0,12536.0,44.4,2.1,0.5111553784860557,0.4888446215139442,0.0,0.201,53834.0,0.010084804033921613,0.175,0.065,0.401641162120204,0.24136703453186187,0.009561752988047808,0.03187250996015936,0.157
N6K,0.593681917211329,0.17538126361655773,0.23093681917211328,0.0,7.3,0.03807106598984772,0.4460144927536232,0.28840579710144926,0.26557971014492754,349494.0,34766.0,14106.0,13769.0,44.6,2.5,0.7077592458303118,0.2922407541696882,0.0,0.11199999999999999,85531.0,0.0447266703478741,0.10400000000000001,0.063,0.3855633802816901,0.3957907044723765,0.011960855382384922,0.029006526468455404,0.114
N6L,0.8296703296703297,0.027472527472527472,0.14285714285714285,0.0,7.1,0.015957446808510637,0.09574468085106383,0.010638297872340425,0.8936170212765957,349915.0,3023.0,943.0,915.0,35.2,3.1,0.9042553191489362,0.09574468085106383,0.0,0.129,93227.0,0.02386634844868735,0.09300000000000001,0.079,0.2915766738660907,0.3090909090909091,0.031914893617021274,0.0481283422459893,0.198
N6M,0.8661417322834646,0.0,0.13385826771653545,0.0,7.3,0.02168021680216802,0.1002710027100271,0.27100271002710025,0.6287262872628726,299591.0,5747.0,1920.0,1905.0,37.9,3.0,0.9349593495934959,0.06504065040650407,0.0,0.052000000000000005,96384.0,0.012971698113207548,0.095,0.043,0.27863046044864226,0.2365415986949429,0.016260162601626018,0.03523035230352303,0.132
N6N,0.9444444444444444,0.0,0.05555555555555555,0.0,7.5,0.09433962264150944,0.8461538461538461,0.11538461538461539,0.038461538461538464,399585.0,671.0,291.0,272.0,51.0,2.5,0.7169811320754716,0.2830188679245283,0.0,0.10400000000000001,73984.0,0.017857142857142856,0.132,0.054000000000000006,0.3508771929824561,0.08955223880597014,0.0,0.03773584905660377,0.182
N6P,0.8395061728395061,0.13117283950617284,0.029320987654320986,0.0,7.8,0.027439024390243903,0.3576864535768645,0.15220700152207,0.4901065449010654,421121.0,8796.0,3316.0,3249.0,42.3,2.7,0.8094512195121951,0.19054878048780488,0.0,0.055,105702.0,0.05961251862891207,0.076,0.035,0.3203401842664777,0.364124597207304,0.003048780487804878,0.0182648401826484,0.131
N7A,0.7488061127029608,0.0,0.21585482330468003,0.03533906399235912,6.8,0.04423076923076923,0.6926032660902978,0.1844380403458213,0.12295869356388088,250373.0,11720.0,6224.0,5237.0,52.0,2.2,0.760576923076923,0.23942307692307693,0.0,0.125,63984.0,0.01965856182100362,0.168,0.054000000000000006,0.43509492047203696,0.16818181818181818,0.0028846153846153848,0.0125,0.124
N7G,0.7103202846975089,0.0,0.2661921708185053,0.023487544483985764,7.2,0.05263157894736842,0.5092329545454546,0.2975852272727273,0.19318181818181818,249961.0,17880.0,7160.0,7017.0,43.7,2.5,0.7661691542288557,0.23383084577114427,0.0,0.107,69521.0,0.011187297004691447,0.14800000000000002,0.051,0.3494060097833683,0.13849632560768796,0.0028429282160625444,0.02702702702702703,0.109
N7L,0.6319412574575494,0.08536025699862322,0.28086278109224416,0.0018357044515832951,6.7,0.05912007332722273,0.6801099908340972,0.23006416131989002,0.08982584784601283,174519.0,24724.0,11268.0,10891.0,46.2,2.2,0.6556625401192113,0.3443374598807886,0.0,0.177,55940.0,0.013251783893985729,0.179,0.078,0.4090683845391477,0.17635270541082165,0.0036680421824850985,0.022914757103574702,0.111
N7M,0.7215007215007215,0.03222703222703223,0.23953823953823955,0.006734006734006734,7.0,0.0805984555984556,0.7852316602316602,0.15347490347490347,0.061293436293436296,170035.0,24479.0,10992.0,10396.0,44.5,2.3,0.6795366795366795,0.3204633204633205,0.0,0.19,57088.0,0.016277238120241535,0.174,0.08199999999999999,0.4003044140030441,0.15384615384615385,0.003376748673420164,0.026061776061776062,0.122
N7S,0.7174988753936122,0.04588394062078273,0.23661718398560505,0.0,7.6,0.053315412186379925,0.6600896860986547,0.23721973094170404,0.10269058295964126,219820.0,27879.0,11385.0,11117.0,42.6,2.4,0.7880824372759857,0.21191756272401432,0.0,0.114,79741.0,0.04155060352831941,0.11699999999999999,0.077,0.38452939861390567,0.19838483146067415,0.005378753922008068,0.019722097714029583,0.08900000000000001
N7T,0.5188571428571429,0.18742857142857142,0.29333333333333333,0.00038095238095238096,5.9,0.11229539398553483,0.8267986296155311,0.12257327750285497,0.05062809288161401,147722.0,26347.0,14051.0,13122.0,45.1,2.0,0.5116102017510468,0.4815378759040731,0.006851922344880091,0.259,46312.0,0.016709213274541657,0.198,0.121,0.4402487783207463,0.10814656705798648,0.005709935287400076,0.03540159878188047,0.158
N7V,0.7743957027752909,0.1665174574753805,0.052820053715308866,0.006266786034019696,6.9,0.054954954954954956,0.8575293056807936,0.1018935978358882,0.0405770964833183,210719.0,11877.0,5737.0,5588.0,50.5,2.1,0.7333333333333333,0.26666666666666666,0.0,0.095,74996.0,0.037111334002006016,0.131,0.076,0.4726027397260274,0.22127659574468084,0.0018001800180018,0.0144014401440144,0.09
N7W,0.9312169312169312,0.0,0.06878306878306878,0.0,6.8,0.02617801047120419,0.17277486910994763,0.29842931937172773,0.5287958115183246,249967.0,1935.0,951.0,945.0,62.0,2.0,0.9581151832460733,0.041884816753926704,0.0,0.057,75584.0,0.04678362573099415,0.16399999999999998,0.047,0.5830985915492958,0.22085889570552147,0.0,0.0,0.077
N7X,0.9887640449438202,0.0,0.011235955056179775,0.0,9.0,0.047058823529411764,0.6235294117647059,0.23529411764705882,0.1411764705882353,400610.0,1094.0,465.0,446.0,53.3,2.4,0.9529411764705882,0.047058823529411764,0.0,0.032,118784.0,0.13368983957219252,0.06,0.09,0.47058823529411764,0.3711340206185567,0.0,0.0,0.099
N8A,0.7986743993371996,0.019055509527754765,0.17895608947804473,0.0033140016570008283,6.6,0.1285475792988314,0.7829716193656093,0.17028380634390652,0.04674457429048414,129771.0,13975.0,6473.0,6030.0,46.3,2.3,0.7212020033388982,0.27545909849749584,0.00333889816360601,0.22,48000.0,0.008751727314601566,0.223,0.099,0.4541446208112875,0.0824022346368715,0.00667779632721202,0.03589315525876461,0.13699999999999998
N8H,0.6358811040339702,0.05626326963906582,0.3062632696390658,0.0015923566878980893,6.8,0.05488126649076517,0.6098204857444561,0.26346356916578667,0.12671594508975711,189713.0,25905.0,10088.0,9422.0,41.5,2.6,0.6816261879619853,0.3183738120380148,0.0,0.163,61914.0,0.01499605367008682,0.175,0.06,0.41305998481397116,0.11088379705400982,0.01900739176346357,0.056494192185850056,0.133
N8M,0.7712053571428571,0.010044642857142858,0.13392857142857142,0.08482142857142858,7.1,0.08240534521158129,0.6681514476614699,0.23273942093541203,0.09910913140311804,200512.0,11110.0,4560.0,4478.0,44.1,2.4,0.8162583518930958,0.18374164810690424,0.0,0.095,72751.0,0.016045845272206302,0.134,0.065,0.3720173535791757,0.13292788879235448,0.005567928730512249,0.025612472160356347,0.106
N8N,0.7839005942733658,0.04970286331712588,0.14370610480821178,0.022690437601296597,7.7,0.04371289800323799,0.39611440906637885,0.4716675661090124,0.13221802482460873,279320.0,24162.0,9374.0,9253.0,46.3,2.6,0.8833693304535637,0.11663066954643629,0.0,0.06,94848.0,0.04544287548138639,0.094,0.047,0.36988664366683094,0.3146825396825397,0.005939524838012959,0.02914193200215866,0.08800000000000001
N8P,0.5943600867678959,0.0,0.40563991323210413,0.0,6.7,0.027056277056277056,0.06933911159263272,0.23401950162513543,0.6966413867822319,250219.0,12195.0,4676.0,4613.0,45.1,2.6,0.9404761904761905,0.05952380952380952,0.0,0.068,87643.0,0.02666666666666667,0.115,0.06,0.40122199592668023,0.3422924901185771,0.010822510822510822,0.017297297297297298,0.109
N8R,0.6876456876456877,0.03146853146853147,0.28088578088578087,0.0,7.3,0.04800936768149883,0.6553341148886284,0.2227432590855803,0.12192262602579132,180033.0,12085.0,4350.0,4285.0,40.6,2.8,0.8489461358313818,0.15105386416861827,0.0,0.11800000000000001,78221.0,0.008515167642362959,0.156,0.066,0.39355812783090083,0.2254746835443038,0.01639344262295082,0.04332552693208431,0.09699999999999999
N8S,0.6171837708830549,0.2386634844868735,0.1441527446300716,0.0,6.0,0.06825775656324583,0.8629417382999045,0.10601719197707736,0.031041069723018146,174367.0,21819.0,10681.0,10475.0,46.6,2.1,0.6372315035799523,0.3627684964200477,0.0,0.139,60312.0,0.015960374243258118,0.154,0.078,0.42404894918861397,0.23294723294723294,0.006205250596658711,0.029594272076372316,0.122
N8T,0.4645873944119558,0.11371020142949967,0.4217024041585445,0.0,5.9,0.08452535760728218,0.7503250975292588,0.22561768530559168,0.024057217165149546,149796.0,17658.0,7875.0,7695.0,41.6,2.3,0.5611183355006502,0.4388816644993498,0.0,0.315,47383.0,0.004431314623338257,0.24100000000000002,0.11199999999999999,0.4773126978543792,0.13961407491486946,0.024041585445094216,0.056566970091027305,0.16
N8W,0.8766133195663397,0.00619514713474445,0.11719153329891585,0.0,6.7,0.060950413223140494,0.6594315245478036,0.25116279069767444,0.08940568475452196,165317.0,23796.0,9902.0,9681.0,41.2,2.4,0.8150826446280992,0.18491735537190082,0.0,0.15,65475.0,0.009358288770053475,0.154,0.076,0.3675496688741722,0.17938931297709923,0.011363636363636364,0.033574380165289255,0.132
N8X,0.5864714086471409,0.10251046025104603,0.3110181311018131,0.0,5.8,0.11289198606271778,0.8696864111498258,0.10383275261324042,0.0264808362369338,129539.0,15575.0,7771.0,7172.0,40.3,2.1,0.5467224546722455,0.45327754532775455,0.0,0.287,44928.0,0.005718954248366013,0.213,0.11,0.4116743471582181,0.1840882694541231,0.018118466898954706,0.06968641114982578,0.165
N8Y,0.5170916983179599,0.19967444384156266,0.28269126424308194,0.0005425935973955507,5.7,0.10005408328826393,0.8481081081081081,0.09783783783783784,0.05405405405405406,134832.0,18935.0,9869.0,9214.0,43.0,2.0,0.5489453758788534,0.45105462412114655,0.0,0.23800000000000002,49688.0,0.013852242744063324,0.187,0.08800000000000001,0.4236437754782063,0.17647058823529413,0.009734991887506761,0.04164413196322336,0.168
N9A,0.2833333333333333,0.36016260162601627,0.3565040650406504,0.0,4.8,0.10134310134310134,0.8326547231270358,0.14250814332247558,0.0248371335504886,125326.0,25160.0,14279.0,12303.0,41.7,2.0,0.3193653376729048,0.6806346623270952,0.0,0.452,31730.0,0.0072109193922225085,0.265,0.126,0.49842041312272173,0.20464767616191903,0.037021969080553295,0.07770545158665582,0.226
N9B,0.5747863247863247,0.07336182336182336,0.35185185185185186,0.0,5.8,0.0903914590747331,0.6699928724162509,0.15395580898075553,0.17605131860299358,170881.0,17804.0,8138.0,7020.0,31.5,2.5,0.4871977240398293,0.5128022759601707,0.0,0.365,42170.0,0.008032128514056224,0.209,0.135,0.48712667353244077,0.32046109510086457,0.029181494661921707,0.0797153024911032,0.20600000000000002
N9C,0.5009633911368016,0.17630057803468208,0.3227360308285164,0.0,5.2,0.0859073359073359,0.8267182962245886,0.12971926427879962,0.04356243949661181,124979.0,11484.0,6021.0,5187.0,34.4,2.2,0.41505791505791506,0.584942084942085,0.0,0.434,36507.0,0.002240896358543417,0.253,0.139,0.48884165781083955,0.2374468085106383,0.033783783783783786,0.07142857142857142,0.147
N9E,0.9145129224652088,0.0,0.08548707753479125,0.0,7.5,0.04197201865423051,0.6482345103264491,0.21652231845436376,0.13524317121918722,224292.0,20688.0,7642.0,7541.0,43.6,2.7,0.9187208527648234,0.08127914723517655,0.0,0.102,88297.0,0.03262542320714066,0.11199999999999999,0.062,0.399767576990122,0.396370582617001,0.012658227848101266,0.0379746835443038,0.11199999999999999
N9G,0.815625,0.02421875,0.16015625,0.0,7.4,0.024922118380062305,0.2819314641744548,0.3512461059190031,0.36682242990654207,269972.0,19787.0,6520.0,6401.0,41.0,3.0,0.9282930631332814,0.07170693686671863,0.0,0.115,94217.0,0.03431542461005199,0.10300000000000001,0.07200000000000001,0.382190445238869,0.4309559939301973,0.024143302180685357,0.037412314886983634,0.149
N9H,0.7469050894085282,0.03576341127922971,0.2173314993122421,0.0,7.8,0.036585365853658534,0.24254742547425473,0.3956639566395664,0.3617886178861789,279311.0,10227.0,3653.0,3639.0,45.1,2.7,0.926729986431479,0.07327001356852103,0.0,0.069,98066.0,0.04962311557788945,0.094,0.057999999999999996,0.392583872866392,0.38086124401913873,0.006775067750677507,0.02710027100271003,0.107
N9J,0.8979591836734694,0.0,0.10204081632653061,0.0,7.9,0.0380952380952381,0.3573000733675715,0.39104915627292736,0.2516507703595011,274736.0,19358.0,6956.0,6860.0,41.2,2.8,0.936996336996337,0.063003663003663,0.0,0.048,104524.0,0.04496644295302014,0.079,0.049,0.3064048921789508,0.32902917264466763,0.0029304029304029304,0.013186813186813187,0.085
N9K,0.9620253164556962,0.0,0.0379746835443038,0.0,8.6,0.01282051282051282,0.02564102564102564,0.4230769230769231,0.5512820512820513,349332.0,2761.0,796.0,795.0,41.2,3.3,0.9872611464968153,0.012738853503184714,0.0,0.038,125760.0,0.046153846153846156,0.08,0.046,0.31203931203931207,0.3927272727272727,0.0,0.01282051282051282,0.071
N9V,0.8362944162436549,0.04187817258883249,0.12119289340101523,0.0006345177664974619,7.4,0.04810126582278481,0.5376344086021505,0.2903225806451613,0.17204301075268819,229784.0,20208.0,8195.0,7880.0,44.5,2.5,0.8462998102466793,0.15370018975332067,0.0,0.083,82750.0,0.025463690663313422,0.12,0.066,0.3574417214584579,0.1984983575786016,0.002531645569620253,0.022137887413029727,0.115
N9Y,0.7998251748251748,0.0,0.19405594405594406,0.006118881118881119,7.3,0.053744493392070485,0.5660211267605634,0.19454225352112675,0.23943661971830985,240512.0,14814.0,6049.0,5718.0,45.4,2.4,0.8318661971830986,0.1681338028169014,0.0,0.1,74752.0,0.025777777777777778,0.132,0.057999999999999996,0.3850850414304405,0.19756621331424482,0.00528169014084507,0.02464788732394366,0.094
P0A,0.9158249158249159,0.0,0.07272727272727272,0.011447811447811448,6.5,0.11050847457627119,0.5575880758807588,0.29132791327913277,0.1510840108401084,250322.0,16481.0,15204.0,7421.0,54.1,2.2,0.8398914518317503,0.16010854816824965,0.0,0.188,55224.0,0.012522361359570662,0.20600000000000002,0.107,0.49231843575418993,0.10946745562130178,0.002711864406779661,0.026440677966101694,0.207
P0B,0.9605781865965834,0.0,0.035479632063074903,0.003942181340341655,7.1,0.08877284595300261,0.526797385620915,0.2928104575163399,0.1803921568627451,320677.0,9138.0,9088.0,3803.0,50.7,2.4,0.8890339425587467,0.11096605744125326,0.0,0.096,75148.0,0.02829581993569132,0.12300000000000001,0.067,0.35469819539514624,0.1981981981981982,0.006527415143603133,0.02349869451697128,0.185
P0C,0.9533527696793003,0.0,0.03206997084548105,0.014577259475218658,6.6,0.11176470588235295,0.5693215339233039,0.2743362831858407,0.15634218289085547,348951.0,3834.0,6501.0,1713.0,54.2,2.2,0.8647058823529412,0.10882352941176471,0.026470588235294117,0.14800000000000002,64363.0,0.03215926493108729,0.139,0.073,0.44242424242424244,0.13192612137203166,0.0058823529411764705,0.029411764705882353,0.22399999999999998
P0E,0.9070631970260223,0.0,0.026022304832713755,0.06691449814126393,6.7,0.12043795620437957,0.5977859778597786,0.22509225092250923,0.17712177121771217,320693.0,3149.0,3171.0,1352.0,53.4,2.3,0.9230769230769231,0.07692307692307693,0.0,0.151,66048.0,0.016728624535315983,0.16,0.087,0.3835125448028674,0.14606741573033707,0.0,0.032846715328467155,0.218
P0G,0.9608540925266904,0.0,0.028469750889679714,0.010676156583629894,6.6,0.14074074074074075,0.5093632958801498,0.27340823970037453,0.21722846441947566,300030.0,3119.0,4818.0,1406.0,54.9,2.2,0.8888888888888888,0.09259259259259259,0.018518518518518517,0.106,60306.0,0.0225140712945591,0.172,0.08800000000000001,0.4619771863117871,0.1780821917808219,0.007407407407407408,0.03345724907063197,0.16899999999999998
P0H,0.8946957878315133,0.000390015600624025,0.08658346333853355,0.018330733229329172,6.9,0.09564541213063764,0.587024087024087,0.25135975135975136,0.16161616161616163,229875.0,31187.0,16641.0,12827.0,49.9,2.4,0.8550330353672756,0.14418966187329965,0.000777302759424796,0.141,67116.0,0.014268488745980707,0.16899999999999998,0.095,0.4301179199690702,0.13599761407694602,0.00583203732503888,0.015552099533437015,0.174
P0J,0.8221234018899388,0.005558643690939411,0.1623123957754308,0.010005558643690939,6.6,0.09415041782729805,0.7263099219620959,0.19732441471571907,0.07636566332218506,199707.0,20848.0,10032.0,8996.0,46.6,2.3,0.766016713091922,0.233983286908078,0.0,0.166,60709.0,0.014118353860018024,0.17300000000000001,0.084,0.4148471615720524,0.12293923692887423,0.006124721603563474,0.02116991643454039,0.147
P0K,0.8532019704433498,0.0,0.13497536945812807,0.011822660098522168,6.3,0.11154598825831702,0.7355533790401567,0.1890303623898139,0.07541625857002938,129730.0,11374.0,6403.0,5069.0,49.6,2.2,0.807843137254902,0.1843137254901961,0.00784313725490196,0.146,66036.0,0.01579520697167756,0.16399999999999998,0.113,0.4691869497669601,0.09181141439205956,0.003913894324853229,0.0136986301369863,0.11599999999999999
P0L,0.735279057859703,0.0005120327700972862,0.23758320532514082,0.026625704045058884,6.1,0.17595907928388746,0.6184143222506394,0.26547314578005116,0.11611253196930946,140134.0,24896.0,11320.0,9763.0,40.4,2.5,0.6223132036847492,0.2850562947799386,0.09263050153531217,0.141,62611.0,0.011411889596602972,0.17800000000000002,0.122,0.4219903283278188,0.09984276729559749,0.02506393861892583,0.05780051150895141,0.102
P0M,0.7905421542870791,0.006209696680200621,0.19106759016001912,0.012180558872701218,6.4,0.09854101889500119,0.7084429562305669,0.19229849318344894,0.09925855058598422,219510.0,49750.0,25244.0,20929.0,46.3,2.4,0.7835446065534561,0.2085625448457307,0.007892848600813202,0.098,74467.0,0.01564634297777226,0.142,0.092,0.39272901219803874,0.10972071091766412,0.0023912003825920613,0.01961253288686917,0.113
P0N,0.8218465539661899,0.014304291287386216,0.16124837451235371,0.002600780234070221,6.3,0.08256880733944955,0.699475065616798,0.25196850393700787,0.048556430446194225,199975.0,9420.0,4388.0,3841.0,40.5,2.4,0.7798165137614679,0.22018348623853212,0.0,0.11199999999999999,83397.0,0.023176550783912748,0.11699999999999999,0.081,0.3218543046357616,0.12303422756706753,0.003937007874015748,0.02230971128608924,0.126
P0P,0.8779456193353474,0.0006042296072507553,0.11782477341389729,0.0036253776435045317,6.1,0.16646562123039807,0.5045207956600362,0.298372513562387,0.19710669077757687,199704.0,19461.0,12688.0,8273.0,48.7,2.3,0.744270205066345,0.2074788902291918,0.04825090470446321,0.165,51150.0,0.007858546168958742,0.226,0.131,0.4736346516007533,0.1266284523189161,0.013872135102533172,0.039831019915509955,0.17
P0R,0.8898916967509025,0.0,0.10018050541516245,0.009927797833935019,6.5,0.12028725314183124,0.6472172351885098,0.27019748653500897,0.08258527827648116,170383.0,12479.0,8586.0,5545.0,53.5,2.2,0.8188340807174888,0.16143497757847533,0.019730941704035873,0.182,56666.0,0.012726382770435633,0.204,0.1,0.4875058934464875,0.14765625,0.005385996409335727,0.012556053811659192,0.13
P0S,0.8851113716295428,0.0,0.0914419695193435,0.023446658851113716,6.5,0.125,0.6701754385964912,0.22923976608187135,0.10058479532163743,160368.0,9869.0,6598.0,4268.0,48.5,2.3,0.8549707602339182,0.1415204678362573,0.0035087719298245615,0.111,69083.0,0.010480887792848335,0.161,0.094,0.39285714285714285,0.13702359346642468,0.004678362573099415,0.016374269005847954,0.11
P0T,0.8896198830409356,0.0,0.08845029239766082,0.021929824561403508,6.4,0.15255474452554746,0.6372262773722628,0.28029197080291973,0.08248175182481751,100330.0,33027.0,18650.0,13680.0,45.1,2.4,0.7653284671532846,0.15,0.08467153284671533,0.133,66549.0,0.014098107377365778,0.171,0.11,0.4281486961346403,0.11968459588848211,0.016058394160583942,0.041240875912408756,0.10300000000000001
P0V,0.8664259927797834,0.0,0.09530685920577617,0.038267148014440436,5.8,0.31313131313131315,0.3953823953823954,0.3621933621933622,0.24242424242424243,184629.0,21722.0,9141.0,6931.0,30.0,3.1,0.46070656092285506,0.13987022350396539,0.3994232155731795,0.098,61926.0,0.01473107228502912,0.188,0.149,0.40346375881975627,0.08579881656804733,0.10021629416005767,0.1506849315068493,0.099
P0W,0.8933601609657947,0.004024144869215292,0.08249496981891348,0.02012072434607646,6.5,0.11670020120724346,0.5410821643286573,0.3026052104208417,0.156312625250501,160538.0,6410.0,3909.0,2489.0,43.0,2.5,0.7409638554216867,0.18072289156626506,0.0783132530120482,0.14800000000000002,63253.0,0.012396694214876033,0.171,0.08900000000000001,0.4176587301587302,0.10912052117263844,0.02012072434607646,0.05220883534136546,0.142
P0X,0.9046849757673667,0.0016155088852988692,0.07754442649434572,0.01615508885298869,6.0,0.24390243902439024,0.42045454545454547,0.3409090909090909,0.23863636363636365,299598.0,8133.0,6454.0,3098.0,41.9,2.6,0.5977198697068404,0.12214983713355049,0.28013029315960913,0.09300000000000001,58039.0,0.01810699588477366,0.168,0.153,0.45984251968503936,0.14698492462311558,0.04715447154471545,0.1008130081300813,0.151
P0Y,,,,,,,,,,,30.0,211.0,18.0,,,,,,,,,,,,,,,
P1A,0.4519298245614035,0.07298245614035087,0.4750877192982456,0.0,6.7,0.06952247191011236,0.6881569726699369,0.26839523475823407,0.043447792571829014,230189.0,16586.0,7608.0,7124.0,43.7,2.3,0.6327247191011236,0.3672752808988764,0.0,0.168,63987.0,0.013394565633371604,0.16699999999999998,0.091,0.41725027644673796,0.1942823803967328,0.006320224719101123,0.02247191011235955,0.138
P1B,0.5098505434782609,0.09307065217391304,0.39470108695652173,0.002377717391304348,6.1,0.08989145183175033,0.7136070580251103,0.2188666440447913,0.0675262979300984,230233.0,32345.0,16493.0,14725.0,44.5,2.1,0.5827679782903663,0.41655359565807326,0.0006784260515603799,0.192,54886.0,0.013157894736842105,0.175,0.10099999999999999,0.40911597132879984,0.19582475742428698,0.005427408412483039,0.028493894165535955,0.17300000000000001
P1C,0.9260869565217391,0.0,0.07391304347826087,0.0,8.9,0.013392857142857142,0.375,0.32589285714285715,0.29910714285714285,380823.0,3395.0,1167.0,1149.0,41.5,3.0,0.9598214285714286,0.04017857142857143,0.0,0.031,137728.0,0.07809523809523809,0.051,0.071,0.3087121212121212,0.4494047619047619,0.0,0.022321428571428572,0.107
P1H,0.7772893772893773,0.011721611721611722,0.20659340659340658,0.004395604395604396,6.8,0.08167770419426049,0.48970588235294116,0.30808823529411766,0.20220588235294118,299760.0,16271.0,9340.0,6823.0,49.7,2.3,0.8020603384841796,0.19793966151582046,0.0,0.128,67956.0,0.021682242990654205,0.147,0.068,0.4007380073800738,0.21380981223500908,0.007358351729212656,0.021339220014716703,0.187
P1L,0.7555715312724659,0.01509705248023005,0.22789360172537743,0.0014378145219266715,6.8,0.07306590257879657,0.4824624194702935,0.3042233357193987,0.2133142448103078,300305.0,16548.0,9258.0,6954.0,50.0,2.3,0.7938439513242663,0.20615604867573373,0.0,0.11900000000000001,70168.0,0.01947813303932378,0.14400000000000002,0.068,0.3702372393961179,0.2042042042042042,0.0071633237822349575,0.02363896848137536,0.18899999999999997
P1P,0.7491039426523297,0.016726403823178016,0.2066905615292712,0.027479091995221028,6.4,0.09047044632086852,0.6012048192771084,0.236144578313253,0.16265060240963855,278628.0,10393.0,6743.0,4186.0,52.9,2.2,0.744270205066345,0.255729794933655,0.0,0.16899999999999998,59364.0,0.015355086372360844,0.18600000000000003,0.076,0.4620213433772756,0.14177489177489178,0.0024125452352231603,0.030156815440289506,0.207
P2A,0.7535211267605634,0.023767605633802816,0.22183098591549297,0.0008802816901408451,6.4,0.10365853658536585,0.5928509154315605,0.2528334786399303,0.15431560592850915,276029.0,12990.0,9449.0,5680.0,51.4,2.2,0.7569686411149826,0.24041811846689895,0.002613240418118467,0.142,60467.0,0.01451310861423221,0.177,0.083,0.41192535275375514,0.17099236641221374,0.003484320557491289,0.029616724738675958,0.172
P2B,0.6469907407407407,0.0,0.3460648148148148,0.006944444444444444,5.9,0.08458864426419467,0.5870069605568445,0.24013921113689096,0.1728538283062645,205145.0,9747.0,4548.0,4324.0,48.2,2.2,0.6018518518518519,0.38773148148148145,0.010416666666666666,0.214,51945.0,0.011757021554539516,0.218,0.111,0.4899749373433584,0.11475409836065574,0.004634994206257242,0.02199074074074074,0.155
P2N,0.6129496402877698,0.033093525179856115,0.3496402877697842,0.004316546762589928,5.7,0.15340086830680175,0.8769898697539797,0.10564399421128799,0.017366136034732273,110070.0,7188.0,4095.0,3475.0,46.3,2.0,0.5918958031837916,0.4081041968162084,0.0,0.21899999999999997,51281.0,0.016740088105726872,0.18,0.08199999999999999,0.4466268146883006,0.1126005361930295,0.00723589001447178,0.02170767004341534,0.105
P3A,0.5754576942107867,0.03809995051954478,0.3859475507174666,0.0004948045522018803,6.6,0.06330365974282888,0.7394957983193278,0.20909540286702916,0.0514087988136431,265684.0,24053.0,10613.0,10101.0,45.9,2.3,0.6544735541275334,0.3455264458724666,0.0,0.138,71929.0,0.015981137018600995,0.14400000000000002,0.08199999999999999,0.40226415094339624,0.2190237797246558,0.0034602076124567475,0.021255561047948592,0.11900000000000001
P3B,0.4364754098360656,0.09016393442622951,0.4733606557377049,0.0,5.5,0.09332425068119891,0.6559945504087193,0.23228882833787465,0.11171662125340599,240438.0,15548.0,8121.0,7324.0,41.0,2.1,0.5163487738419619,0.48365122615803813,0.0,0.22399999999999998,52400.0,0.01634768740031898,0.154,0.106,0.3801490780698313,0.18321513002364065,0.007488087134104833,0.02518720217835262,0.161
P3C,0.31113730111962284,0.08956982911019445,0.5992928697701827,0.0,5.0,0.1117717003567182,0.8680926916221033,0.10932857991681522,0.0225787284610814,200240.0,16249.0,10022.0,8490.0,40.6,1.9,0.364069006543724,0.635930993456276,0.0,0.295,41662.0,0.004078605858361142,0.214,0.12300000000000001,0.42194856935892794,0.15046677649643053,0.004161712247324614,0.04637336504161712,0.19399999999999998
P3E,0.5196914332115307,0.19447827852212748,0.2833942346731628,0.00243605359317905,6.2,0.05982215036378335,0.6244947453516573,0.25586095392077607,0.1196443007275667,349150.0,27210.0,13659.0,12308.0,46.0,2.1,0.5549717057396928,0.4450282942603072,0.0,0.124,72635.0,0.04954337899543379,0.10400000000000001,0.071,0.38145695364238413,0.40551181102362205,0.004042037186742118,0.020218358269308533,0.11800000000000001
P3G,0.9022801302931596,0.0,0.029315960912052116,0.06840390879478828,7.4,0.05245901639344262,0.5245901639344263,0.32459016393442625,0.15081967213114755,400493.0,4001.0,1709.0,1532.0,46.3,2.6,0.9245901639344263,0.07540983606557378,0.0,0.040999999999999995,111104.0,0.07087827426810478,0.071,0.067,0.3205317577548006,0.3452914798206278,0.006557377049180328,0.019736842105263157,0.125
P3L,0.7552334943639292,0.0,0.24476650563607086,0.0,7.0,0.06677265500794913,0.5812101910828026,0.2484076433121019,0.17038216560509553,275188.0,8036.0,3238.0,3108.0,39.8,2.6,0.7853736089030207,0.21462639109697934,0.0,0.086,89536.0,0.022222222222222223,0.10400000000000001,0.07400000000000001,0.3177358490566038,0.16409691629955947,0.0031847133757961785,0.02066772655007949,0.08900000000000001
P3N,0.8597063621533442,0.0,0.1370309951060359,0.0032626427406199023,7.1,0.06557377049180328,0.6311475409836066,0.25081967213114753,0.1180327868852459,250597.0,8125.0,3163.0,3069.0,42.0,2.6,0.8590163934426229,0.14098360655737704,0.0,0.057999999999999996,91418.0,0.0199203187250996,0.111,0.075,0.34210526315789475,0.1457345971563981,0.0,0.018032786885245903,0.092
P3P,0.8314210061782877,0.0,0.13150926743159752,0.037069726390114736,7.1,0.05980650835532102,0.5804749340369393,0.26561125769569044,0.15391380826737028,259960.0,15468.0,5867.0,5661.0,40.1,2.7,0.8619173262972736,0.13808267370272648,0.0,0.066,97324.0,0.019698239731768652,0.105,0.07400000000000001,0.33572281959378736,0.13154761904761905,0.001759014951627089,0.019349164467897976,0.08199999999999999
P3Y,0.8198970840480274,0.051457975986277875,0.12178387650085763,0.00686106346483705,7.0,0.06217616580310881,0.6072664359861591,0.2577854671280277,0.13494809688581316,279514.0,7455.0,3068.0,2917.0,42.9,2.5,0.8566493955094991,0.14335060449050085,0.0,0.042,98720.0,0.03195164075993091,0.09300000000000001,0.06,0.3414225941422594,0.27352572145545795,0.0,0.013793103448275862,0.075
P4N,0.594631483166515,0.05004549590536852,0.34076433121019106,0.014558689717925387,5.7,0.09523809523809523,0.8222222222222222,0.145578231292517,0.03219954648526077,184699.0,24575.0,12018.0,10994.0,42.7,2.2,0.6195011337868481,0.38049886621315193,0.0,0.16,63286.0,0.01859872611464968,0.149,0.08199999999999999,0.3797530864197531,0.13534971644612476,0.006349206349206349,0.03219954648526077,0.129
P4P,0.58203125,0.0,0.41796875,0.0,6.6,0.06177606177606178,0.35384615384615387,0.5269230769230769,0.11923076923076924,250437.0,3367.0,1326.0,1281.0,38.4,2.6,0.7335907335907336,0.26640926640926643,0.0,0.099,96731.0,0.029069767441860465,0.08900000000000001,0.078,0.301498127340824,0.1595744680851064,0.011583011583011582,0.019305019305019305,0.084
P4R,0.7845303867403315,0.0,0.16022099447513813,0.055248618784530384,6.7,0.05649717514124294,0.42134831460674155,0.4297752808988764,0.14887640449438203,296135.0,4847.0,1867.0,1815.0,41.1,2.7,0.8366197183098592,0.16338028169014085,0.0,0.081,105920.0,0.03901170351105332,0.086,0.06,0.26641414141414144,0.1551094890510949,0.005633802816901409,0.014084507042253521,0.13699999999999998
P5A,0.46370235934664245,0.09074410163339383,0.4455535390199637,0.0,5.9,0.07524932003626474,0.7824116047144152,0.19673617407071622,0.02085222121486854,100201.0,10741.0,6259.0,5514.0,58.8,1.9,0.6228467815049864,0.3771532184950136,0.0,0.23199999999999998,42466.0,0.01031487513572204,0.31,0.113,0.6311345646437995,0.12095933263816476,0.0,0.014519056261343012,0.141
P5E,0.8082788671023965,0.0,0.1895424836601307,0.002178649237472767,6.4,0.0718954248366013,0.8231441048034934,0.13973799126637554,0.03711790393013101,170734.0,5229.0,2477.0,2292.0,47.9,2.2,0.7838427947598253,0.21615720524017468,0.0,0.128,68494.0,0.01060070671378092,0.154,0.07200000000000001,0.45342312008978675,0.11754068716094032,0.0,0.02832244008714597,0.115
P5N,0.632258064516129,0.02064516129032258,0.3445161290322581,0.0025806451612903226,6.1,0.08751608751608751,0.8622908622908623,0.11840411840411841,0.019305019305019305,117839.0,8467.0,4159.0,3870.0,47.4,2.1,0.6512226512226512,0.3487773487773488,0.0,0.171,60134.0,0.009572901325478646,0.17600000000000002,0.087,0.4382583868665239,0.1096045197740113,0.006435006435006435,0.015444015444015444,0.08900000000000001
P6A,0.6625868342705922,0.09130003307972213,0.23155805491233875,0.014555077737347006,6.6,0.074,0.7190936354548484,0.2052649116961013,0.07564145284905031,229750.0,34720.0,16407.0,15112.0,46.9,2.2,0.6988996332110704,0.2980993664554852,0.0030010003334444814,0.147,65320.0,0.016349263384836506,0.156,0.106,0.41009463722397477,0.23765093304061471,0.0026666666666666666,0.026,0.096
P6B,0.6096282173498571,0.06768350810295519,0.3226882745471878,0.0,6.4,0.0586565752128666,0.7546099290780142,0.19763593380614658,0.04775413711583924,205616.0,22847.0,10948.0,10488.0,48.3,2.1,0.6403218173213441,0.3596781826786559,0.0,0.18,57710.0,0.012080536912751677,0.18100000000000002,0.10300000000000001,0.46183699870633893,0.24380530973451328,0.003784295175023652,0.01702127659574468,0.098
P6C,0.7106508875739646,0.0,0.2893491124260355,0.0,6.7,0.07810650887573964,0.8290952099349498,0.11472501478415138,0.056179775280898875,179776.0,19322.0,8842.0,8453.0,44.8,2.3,0.7584369449378331,0.24156305506216696,0.0,0.145,59240.0,0.00474233322794815,0.191,0.102,0.41357273280584295,0.13191076624636275,0.0029585798816568047,0.01893491124260355,0.124
P7A,0.6512166859791425,0.06257242178447277,0.28118964851293937,0.005021243723445346,6.2,0.07445987654320987,0.7994600848438103,0.16390281527188585,0.03663709988430389,224676.0,28418.0,14372.0,12949.0,47.3,2.1,0.7098765432098766,0.29012345679012347,0.0,0.126,67226.0,0.014601674898003006,0.151,0.078,0.39800581636892396,0.23581502131846507,0.0038565368299267257,0.022753567296567682,0.099
P7B,0.5447236180904522,0.10954773869346733,0.3442211055276382,0.001507537688442211,6.0,0.06777946383409206,0.7283763277693475,0.19777440566514923,0.0738492665655033,250393.0,21917.0,11123.0,9944.0,42.3,2.1,0.5956477732793523,0.4043522267206478,0.0,0.205,57645.0,0.022303783173348392,0.153,0.077,0.42102366538249864,0.3248407643312102,0.011122345803842264,0.03743045017703591,0.121
P7C,0.6555023923444976,0.029239766081871343,0.31525784157363107,0.0,6.2,0.08055113937466879,0.8213149522799575,0.12672322375397668,0.051961823966065745,200666.0,21880.0,10008.0,9403.0,43.0,2.3,0.6825649178590355,0.3174350821409645,0.0,0.17800000000000002,61169.0,0.008635578583765112,0.171,0.09,0.4019961186581647,0.18600531443755536,0.009538950715421303,0.031813361611876985,0.10800000000000001
P7E,0.6671818650180319,0.03554868624420402,0.29726944873776406,0.0,5.9,0.07692307692307693,0.890495867768595,0.0893595041322314,0.020144628099173553,194623.0,20997.0,10333.0,9700.0,45.5,2.1,0.6566855962829117,0.34331440371708827,0.0,0.16,58789.0,0.007649308620182407,0.16899999999999998,0.076,0.4097982708933718,0.15943353129282778,0.006711409395973154,0.027361899845121322,0.105
P7G,0.9231601731601732,0.006493506493506494,0.06385281385281386,0.006493506493506494,7.3,0.050865800865800864,0.3398268398268398,0.4231601731601732,0.237012987012987,348599.0,12432.0,5305.0,4619.0,43.8,2.7,0.9241603466955579,0.07583965330444203,0.0,0.055999999999999994,103609.0,0.0348308934881373,0.096,0.075,0.33415475603745687,0.2917910447761194,0.006493506493506494,0.025974025974025976,0.109
P7J,0.9335180055401662,0.0,0.013850415512465374,0.05263157894736842,7.6,0.0664819944598338,0.32409972299168976,0.4986149584487535,0.1772853185595568,374927.0,5130.0,1882.0,1803.0,42.4,2.8,0.9307479224376731,0.05817174515235457,0.0110803324099723,0.036000000000000004,106048.0,0.039603960396039604,0.086,0.073,0.3381468110709988,0.2996389891696751,0.008287292817679558,0.03591160220994475,0.069
P7K,0.899009900990099,0.0,0.0297029702970297,0.07128712871287128,7.6,0.05040322580645161,0.48282828282828283,0.37777777777777777,0.1393939393939394,341955.0,6521.0,2552.0,2520.0,47.9,2.6,0.9575757575757575,0.04242424242424243,0.0,0.037000000000000005,104576.0,0.03686635944700461,0.09699999999999999,0.040999999999999995,0.3333333333333333,0.268361581920904,0.0,0.012121212121212121,0.07200000000000001
P7L,0.9875,0.0,0.0,0.0125,6.7,0.10429447852760736,0.43558282208588955,0.43558282208588955,0.12883435582822086,249501.0,1942.0,1079.0,797.0,48.9,2.4,0.9573170731707317,0.042682926829268296,0.0,0.067,88661.0,0.021875,0.12,0.11699999999999999,0.3698224852071006,0.17872340425531916,0.012269938650306749,0.049079754601226995,0.10400000000000001
P8N,0.7456242707117853,0.0,0.18786464410735124,0.06651108518086347,6.5,0.10606060606060606,0.6495925494761351,0.28754365541327126,0.06286379511059371,160355.0,10048.0,4481.0,4293.0,46.3,2.3,0.7237762237762237,0.26107226107226106,0.015151515151515152,0.115,72393.0,0.011685116851168511,0.15,0.084,0.36628945801072066,0.1362781954887218,0.011641443538998836,0.03146853146853147,0.095
P8T,0.6955380577427821,0.0,0.2572178477690289,0.047244094488188976,6.2,0.10966057441253264,0.4817708333333333,0.3645833333333333,0.15364583333333334,229957.0,5002.0,2103.0,1902.0,35.5,2.6,0.6057441253263708,0.39425587467362927,0.0,0.125,86528.0,0.011764705882352941,0.098,0.06,0.2795425667090216,0.19964028776978418,0.010471204188481676,0.057441253263707574,0.11599999999999999
P9A,0.796440489432703,0.0,0.18798665183537264,0.01557285873192436,6.3,0.11295681063122924,0.7021040974529347,0.2203765227021041,0.07751937984496124,170709.0,10651.0,5602.0,4495.0,43.2,2.3,0.7253599114064231,0.24363233665559247,0.031007751937984496,0.133,65481.0,0.014466546112115732,0.154,0.08199999999999999,0.37935034802784223,0.1592356687898089,0.014396456256921373,0.04318936877076412,0.091
P9N,0.773728813559322,0.027966101694915254,0.18389830508474575,0.01440677966101695,6.3,0.11373209772535804,0.6958719460825611,0.22409435551811288,0.08003369839932603,229515.0,14009.0,6854.0,5902.0,43.6,2.3,0.7196969696969697,0.2516835016835017,0.02861952861952862,0.111,71373.0,0.015274034141958671,0.138,0.077,0.35006547359231777,0.17574931880108993,0.011794439764111205,0.037910699241786014,0.113
R0A,0.8458251150558843,0.0003287310979618672,0.1295200525969757,0.024326101249178174,6.8,0.07333114107201578,0.41006247944755014,0.24268332785268004,0.3472541926997698,269198.0,46213.0,17934.0,15208.0,33.0,3.0,0.8333333333333334,0.15285996055226825,0.013806706114398421,0.141,74744.0,0.010866141732283464,0.113,0.049,0.29484875711290803,0.1257736516357206,0.024991779020059193,0.046351084812623275,0.125
R0B,0.7948154657293497,0.0,0.12609841827768015,0.07908611599297012,5.4,0.412677304964539,0.25310283687943264,0.4769503546099291,0.2699468085106383,149873.0,48048.0,13648.0,11378.0,23.9,4.2,0.2472308373947718,0.19716437749224636,0.5556047851129818,0.24,50105.0,0.008800287356321839,0.247,0.214,0.5217320791436912,0.07970112079701121,0.23891843971631205,0.311613475177305,0.107
R0C,0.8643770368513412,0.0037603409375783405,0.07445475056405114,0.05740787164702933,6.3,0.1380952380952381,0.49962396590624214,0.30208072198546,0.19829531210829782,238630.0,52620.0,27256.0,19948.0,42.7,2.5,0.7776942355889724,0.12030075187969924,0.10200501253132832,0.149,62530.0,0.013152804642166345,0.158,0.084,0.3951822112415071,0.11442099033339909,0.02556390977443609,0.05013787916771121,0.109
R0E,0.9078768056691197,0.0,0.056691196511310986,0.035431997819569364,6.6,0.09352715304443225,0.4727023319615912,0.29327846364883403,0.23401920438957477,288976.0,46836.0,28967.0,18344.0,45.2,2.5,0.8647462277091906,0.0916323731138546,0.043621399176954734,0.11,73465.0,0.014993752603082049,0.133,0.07200000000000001,0.38055592856183695,0.15418502202643172,0.01316872427983539,0.03429355281207133,0.11199999999999999
R0G,0.8583815028901735,0.0,0.10854206807964033,0.033076429030186254,7.1,0.0644024351169497,0.5994873438000641,0.22300544697212432,0.1775072092278116,210432.0,44069.0,16537.0,15573.0,37.6,2.6,0.8299167200512492,0.1620755925688661,0.008007687379884689,0.14400000000000002,69627.0,0.016747967479674795,0.11800000000000001,0.042,0.3142901618929016,0.1565110565110565,0.012171684817424727,0.027234860621595643,0.09699999999999999
R0H,0.8676767676767677,0.0,0.07777777777777778,0.05454545454545454,6.7,0.17466802860061287,0.5612244897959183,0.2479591836734694,0.19081632653061226,200526.0,16938.0,5481.0,4948.0,32.9,2.9,0.6700715015321757,0.16036772216547499,0.16956077630234934,0.157,57899.0,0.008072653884964682,0.16,0.071,0.4056737588652482,0.11470588235294117,0.03779366700715015,0.07464212678936605,0.08900000000000001
R0J,0.8463292293661651,0.00045599635202918376,0.09803921568627451,0.055175558595531235,6.5,0.10684931506849316,0.6388127853881278,0.22054794520547946,0.14063926940639268,170111.0,27342.0,14437.0,10970.0,44.3,2.3,0.7707762557077625,0.16210045662100456,0.06712328767123288,0.174,57060.0,0.010133465150766189,0.158,0.052000000000000005,0.35394456289978676,0.13335910320834943,0.021004566210045664,0.04244637151985395,0.09
R0K,0.8333333333333334,0.0009442870632672333,0.12134088762983947,0.044381491973559964,6.9,0.07952941176470588,0.6751412429378532,0.18267419962335216,0.14218455743879474,197739.0,27772.0,12167.0,10594.0,40.3,2.4,0.7830588235294118,0.21694117647058825,0.0,0.134,67868.0,0.009371833839918946,0.127,0.05,0.30754162585700295,0.13493602171384259,0.004705882352941176,0.02023529411764706,0.09
R0L,0.8576592860370538,0.0,0.09941256213285134,0.04292815183009489,6.3,0.15049415992812218,0.5992812219227314,0.27358490566037735,0.12713387241689128,144575.0,26815.0,13391.0,11061.0,43.9,2.4,0.6975280898876405,0.20629213483146067,0.09617977528089888,0.244,48694.0,0.006482174021441037,0.20800000000000002,0.087,0.4328001909763667,0.09134423613881133,0.022911051212938006,0.05298607992815447,0.107
R0M,0.8680297397769516,0.0006195786864931846,0.0811648079306072,0.05018587360594796,6.9,0.09028642590286426,0.65588052271313,0.2209085252022402,0.12321095208462975,170397.0,19864.0,9426.0,8064.0,41.9,2.4,0.7783312577833126,0.16002490660024907,0.06164383561643835,0.142,63721.0,0.0178752107925801,0.127,0.067,0.316256157635468,0.1237597911227154,0.008717310087173101,0.030529595015576325,0.09699999999999999
R1A,0.7899571341090018,0.034292712798530314,0.1518677281077771,0.023882424984690752,6.6,0.09651802076970067,0.57997557997558,0.23931623931623933,0.1807081807081807,300682.0,21390.0,8393.0,8164.0,44.8,2.5,0.7970660146699267,0.20293398533007334,0.0,0.11599999999999999,79696.0,0.01818181818181818,0.11900000000000001,0.065,0.3497251952560023,0.167574931880109,0.006715506715506716,0.028711056811240074,0.11699999999999999
R1B,0.03571428571428571,0.9642857142857143,0.0,0.0,4.8,0.0,0.0,0.07142857142857142,0.9285714285714286,259752.0,252.0,143.0,140.0,64.7,1.8,0.8928571428571429,0.10714285714285714,0.0,,74752.0,,,0.0,0.7659574468085106,0.23529411764705882,0.0,0.0,
R1C,0.7240143369175627,0.0035842293906810036,0.0035842293906810036,0.26881720430107525,7.2,0.07473309608540925,0.375,0.42857142857142855,0.19642857142857142,375206.0,3714.0,1407.0,1393.0,44.2,2.7,0.9430604982206405,0.05693950177935943,0.0,0.078,92083.0,0.020134228187919462,0.083,0.05,0.2715654952076677,0.1595238095238095,0.0,0.028469750889679714,0.114
R1N,0.725258493353028,0.02880354505169867,0.20457902511078285,0.0413589364844904,6.4,0.09492273730684327,0.6885125184094256,0.20913107511045656,0.10235640648011782,200163.0,16788.0,7104.0,6767.0,40.5,2.4,0.6848306332842415,0.3085419734904271,0.0066273932253313695,0.18100000000000002,61824.0,0.010199918400652794,0.15,0.07,0.3695141065830721,0.15796019900497513,0.013245033112582781,0.04562178072111847,0.075
R2C,0.8094861660079051,0.010671936758893281,0.17351778656126482,0.006324110671936759,6.4,0.06126482213438735,0.6403162055335968,0.20355731225296442,0.15612648221343872,259457.0,33556.0,12841.0,12648.0,38.1,2.6,0.8739130434782608,0.12608695652173912,0.0,0.084,80540.0,0.007744433688286544,0.107,0.063,0.3014027316352898,0.17171988194258117,0.017779533781114184,0.040300276570525484,0.09300000000000001
R2E,0.993798449612403,0.0,0.006201550387596899,0.0,8.2,0.04327666151468315,0.28328173374613,0.4458204334365325,0.2708978328173375,500381.0,9256.0,3266.0,3224.0,46.1,2.9,0.9752704791344667,0.02472952086553323,0.0,0.038,131438.0,0.08016032064128256,0.055999999999999994,0.045,0.3212005108556833,0.33872598584428715,0.006191950464396285,0.013910355486862442,0.096
R2G,0.5287081339712919,0.23889268626110732,0.23205741626794257,0.0003417634996582365,5.9,0.05194805194805195,0.7032478632478633,0.23282051282051283,0.06393162393162394,300405.0,33030.0,15189.0,14625.0,46.5,2.2,0.610940170940171,0.38905982905982905,0.0,0.122,65666.0,0.015467759970182631,0.14,0.055,0.3949398887493271,0.25824009676443904,0.009914529914529915,0.036568694463431306,0.105
R2H,0.4376640419947507,0.16863517060367453,0.3930446194225722,0.0006561679790026247,5.0,0.10615989515072084,0.800655737704918,0.12262295081967213,0.07672131147540984,275208.0,15914.0,8016.0,7619.0,42.5,2.0,0.49836065573770494,0.5016393442622951,0.0,0.18,55610.0,0.016334661354581673,0.12,0.064,0.312933025404157,0.3578708946772367,0.017704918032786884,0.06295081967213115,0.11900000000000001
R2J,0.6918299092212136,0.027233635929288104,0.2809364548494983,0.0,6.5,0.058767319636884856,0.7271858576206403,0.148112756808409,0.12470138557095078,300051.0,26499.0,10733.0,10472.0,40.8,2.5,0.7424749163879598,0.25752508361204013,0.0,0.092,80699.0,0.016908787806620623,0.11,0.059000000000000004,0.3241821093571265,0.27941176470588236,0.020066889632107024,0.04395604395604396,0.092
R2K,0.6874527588813303,0.06046863189720333,0.25170068027210885,0.0003779289493575208,5.8,0.07526475037821483,0.8475217555807795,0.10631857737419599,0.0461596670450246,250866.0,33413.0,13523.0,13228.0,38.9,2.5,0.7023449319213313,0.2976550680786687,0.0,0.151,65515.0,0.005682931608857535,0.133,0.07400000000000001,0.3167655786350148,0.22039021709260787,0.031013615733736764,0.07677760968229955,0.10800000000000001
R2L,0.6201117318435754,0.08619313647246608,0.2936951316839585,0.0,5.2,0.11314741035856574,0.8819776714513556,0.07575757575757576,0.04226475279106858,199968.0,14818.0,6606.0,6271.0,35.1,2.3,0.5797448165869219,0.42025518341307816,0.0,0.226,53179.0,0.0013398838767306833,0.16,0.087,0.3175819497658578,0.17036592681463708,0.029505582137161084,0.10358565737051793,0.168
R2M,0.5800422068133856,0.18118782031956587,0.23756406391317456,0.0012059089538739825,5.6,0.08134980415787887,0.7887918047604701,0.1467309430551371,0.06447725218439289,285169.0,38195.0,17067.0,16581.0,40.9,2.3,0.608617053329316,0.39138294667068396,0.0,0.168,63124.0,0.015267175572519083,0.126,0.069,0.3464104193138501,0.33448445979279723,0.03404639951792709,0.07411871045495631,0.12
R2N,0.6706560283687943,0.02526595744680851,0.27349290780141844,0.030585106382978722,6.6,0.0283311199645861,0.15146147032772364,0.5203720106288751,0.3281665190434012,345087.0,30306.0,11498.0,11282.0,41.9,2.6,0.8658698539176627,0.1341301460823373,0.0,0.07,93783.0,0.026986825329366766,0.08199999999999999,0.048,0.3018714401952807,0.3687099725526075,0.011066843736166445,0.02656042496679947,0.121
R2P,0.5956256358087487,0.04628687690742624,0.3575788402848423,0.000508646998982706,5.8,0.028904665314401622,0.43711967545638947,0.30831643002028397,0.25456389452332656,311186.0,32557.0,9985.0,9828.0,35.8,3.3,0.7109533468559838,0.28904665314401623,0.0,0.152,76350.0,0.005237795935470354,0.134,0.062,0.32675947409126066,0.3319791062100987,0.10897110998479473,0.16218955904713633,0.156
R2R,0.8245476003147129,0.011014948859166011,0.16443745082612116,0.0,6.0,0.04933437744714174,0.47146207974980453,0.38076622361219703,0.14777169663799844,288868.0,21377.0,6715.0,6353.0,35.9,3.4,0.8342455043002346,0.16575449569976544,0.0,0.11599999999999999,83054.0,0.0028011204481792717,0.11900000000000001,0.07,0.2956066336921734,0.27521008403361347,0.07276995305164319,0.12284820031298904,0.11699999999999999
R2V,0.6942815249266863,0.05901759530791789,0.24120234604105573,0.005498533724340176,5.9,0.05586181550900404,0.6399706098457016,0.22997795738427626,0.13005143277002204,289677.0,35235.0,14043.0,13630.0,40.7,2.6,0.7284086732818816,0.27159132671811836,0.0,0.11599999999999999,71757.0,0.010766423357664234,0.124,0.06,0.33130222841225626,0.2769433465085639,0.033443586916574786,0.07237325495958853,0.107
R2W,0.5747814081914404,0.08237459733087897,0.3428439944776806,0.0,5.4,0.16789328426862926,0.8743672342383801,0.07547169811320754,0.050161067648412334,180175.0,28874.0,12415.0,10861.0,34.6,2.6,0.4990800367985281,0.5009199632014719,0.0,0.361,43745.0,0.0014925373134328358,0.231,0.10099999999999999,0.4232011070110701,0.15680374456703444,0.04739990796134377,0.1329346826126955,0.151
R2X,0.7488619119878603,0.010622154779969651,0.24051593323216997,0.0,5.4,0.08200455580865604,0.8822188449848024,0.050911854103343465,0.0668693009118541,200612.0,19149.0,6959.0,6591.0,36.9,2.9,0.7051671732522796,0.2948328267477204,0.0,0.18100000000000002,62443.0,0.0010668563300142249,0.165,0.076,0.3435542367293109,0.239880059970015,0.07593014426727411,0.1419893697798026,0.107
R2Y,0.523781212841855,0.06777645659928656,0.4084423305588585,0.0,6.0,0.05525846702317291,0.8453301606186794,0.11124330755502677,0.04342653182629387,275982.0,19887.0,8543.0,8410.0,42.6,2.3,0.6838978015448604,0.31610219845513965,0.0,0.127,69734.0,0.008645533141210375,0.133,0.057999999999999996,0.3409785932721712,0.20625,0.012477718360071301,0.0392156862745098,0.107
R3A,0.254601226993865,0.254601226993865,0.49079754601226994,0.0,4.4,0.1536050156739812,0.7272727272727273,0.1724137931034483,0.10031347962382445,160593.0,4711.0,2166.0,1640.0,30.0,2.8,0.21316614420062696,0.786833855799373,0.0,0.573,29611.0,0.0017391304347826088,0.35100000000000003,0.175,0.5320197044334976,0.12470023980815348,0.13166144200626959,0.23197492163009403,0.145
R3B,0.07369323050556983,0.5818337617823479,0.3444730077120823,0.0,3.5,0.0941968040370059,0.6862910008410429,0.2144659377628259,0.0992430613961312,200040.0,12963.0,6851.0,5835.0,37.1,2.0,0.18755256518082422,0.8124474348191758,0.0,0.474,31812.0,0.01005586592178771,0.21100000000000002,0.106,0.43402061855670104,0.2710007304601899,0.07575757575757576,0.17087542087542087,0.231
R3C,0.055232558139534885,0.5482558139534883,0.39651162790697675,0.0,3.5,0.10716365754222482,0.7475276323443862,0.2065154159394997,0.04595695171611402,249883.0,14364.0,9756.0,8605.0,35.5,1.6,0.08974358974358974,0.9102564102564102,0.0,0.35200000000000004,36999.0,0.008431703204047217,0.132,0.079,0.2939009414654114,0.3743732590529248,0.027389277389277388,0.10198135198135198,0.25
R3E,0.6448598130841121,0.055355859094176854,0.299784327821711,0.0,5.2,0.15557163531114326,0.8866425992779784,0.08736462093862817,0.025992779783393503,190413.0,19703.0,7517.0,6958.0,35.2,2.8,0.5506512301013025,0.44934876989869754,0.0,0.253,53348.0,0.0007010164738871364,0.184,0.075,0.3636659083522912,0.2353515625,0.08827785817655572,0.19971056439942114,0.129
R3G,0.6396353166986565,0.05422264875239923,0.30614203454894434,0.0,5.7,0.15847784200385356,0.9208876025084419,0.060781476121562955,0.018330921369995177,229498.0,25490.0,11051.0,10418.0,35.5,2.4,0.620722891566265,0.37927710843373497,0.0,0.193,59392.0,0.007874015748031496,0.121,0.068,0.27281600780868714,0.3557659790328035,0.03662650602409639,0.09156626506024096,0.131
R3H,0.875,0.0,0.125,0.0,5.3,0.5,0.7142857142857143,0.0,0.2857142857142857,,106.0,49.0,38.0,39.5,2.4,0.75,0.25,0.0,,70656.0,,,0.267,0.21052631578947367,0.6,0.0,0.3333333333333333,
R3J,0.6452525252525253,0.18181818181818182,0.17292929292929293,0.0,5.6,0.09083568833266048,0.8723747980613893,0.08239095315024232,0.045234248788368334,269018.0,27636.0,12835.0,12379.0,41.7,2.2,0.6124343964473153,0.3875656035526847,0.0,0.11,67191.0,0.010916534000454855,0.11699999999999999,0.057,0.3208497590889181,0.26213910761154857,0.01694915254237288,0.05205811138014528,0.096
R3K,0.6644549763033175,0.14691943127962084,0.15639810426540285,0.03222748815165877,6.5,0.06072106261859583,0.8092979127134725,0.10531309297912714,0.08538899430740038,301050.0,12444.0,5389.0,5281.0,47.9,2.3,0.7497630331753554,0.2502369668246445,0.0,0.08199999999999999,79665.0,0.023575638506876228,0.10400000000000001,0.048,0.37481979817395483,0.29194078947368424,0.0028462998102466793,0.020872865275142316,0.091
R3L,0.2971246006389776,0.36649931538110453,0.33637608397991786,0.0,4.6,0.1121751025991792,0.8353853169174646,0.12129502963976288,0.04331965344277246,250196.0,20078.0,11516.0,10955.0,35.9,1.8,0.4038286235186873,0.5961713764813127,0.0,0.18600000000000003,54470.0,0.013466042154566744,0.10099999999999999,0.068,0.27687482178500145,0.42776203966005666,0.011855905152758778,0.05742935278030994,0.153
R3M,0.49758687258687256,0.22924710424710426,0.2731660231660232,0.0,5.7,0.10437710437710437,0.8836538461538461,0.08365384615384615,0.032692307692307694,300458.0,22582.0,10806.0,10358.0,39.8,2.1,0.5824915824915825,0.4175084175084175,0.0,0.128,69668.0,0.04696886947023485,0.07400000000000001,0.053,0.2646753246753247,0.49731182795698925,0.022607022607022607,0.06060606060606061,0.11900000000000001
R3N,0.680081855388813,0.0688949522510232,0.25102319236016374,0.0,6.3,0.09209621993127148,0.881786941580756,0.06872852233676977,0.049484536082474224,325519.0,16847.0,7541.0,7328.0,40.4,2.3,0.7367697594501719,0.2632302405498282,0.0,0.10099999999999999,83850.0,0.04087699739873653,0.078,0.05,0.3008276358402303,0.5002707092582567,0.01443298969072165,0.03848797250859107,0.128
R3P,0.5983321751216122,0.11605281445448228,0.28561501042390547,0.0,7.1,0.04996530187369882,0.26180555555555557,0.47152777777777777,0.26666666666666666,473573.0,19605.0,7434.0,7194.0,50.0,2.5,0.8230395558639834,0.17696044413601666,0.0,0.087,112154.0,0.11276164753544902,0.055,0.055,0.38099870298313876,0.5980994969256568,0.01943095072866065,0.027064538514920196,0.124
R3R,0.7157412124299541,0.03922567498726439,0.24503311258278146,0.0,7.0,0.0681586978636826,0.7044760935910478,0.25127161749745675,0.04425228891149542,348471.0,24684.0,9923.0,9814.0,45.6,2.5,0.8200305033045246,0.17996949669547535,0.0,0.075,89815.0,0.03481331987891019,0.092,0.044000000000000004,0.34043583535108957,0.33770744886144344,0.004575495678698526,0.020335536349771224,0.091
R3S,1.0,0.0,0.0,0.0,8.6,0.0625,0.28125,0.28125,0.4375,599442.0,538.0,180.0,176.0,40.7,3.0,1.0,0.0,0.0,0.055999999999999994,126208.0,0.1,0.032,0.0,0.3055555555555556,0.40816326530612246,0.0,0.0,0.161
R3T,0.5221357660316609,0.16286557552991682,0.31499865843842234,0.0,5.8,0.06253354804079442,0.6154052603327965,0.2404723564143854,0.14412238325281804,339968.0,48009.0,19623.0,18638.0,34.6,2.5,0.5963499731615673,0.40365002683843265,0.0,0.23199999999999998,64630.0,0.018413784032618702,0.107,0.081,0.3638733705772812,0.473890608875129,0.045356951154052604,0.09500805152979067,0.149
R3V,0.6091476091476091,0.06860706860706861,0.32224532224532226,0.0,6.4,0.08506224066390042,0.50625,0.36041666666666666,0.13333333333333333,276068.0,6400.0,2474.0,2405.0,39.1,2.6,0.8298755186721992,0.17012448132780084,0.0,0.11699999999999999,79309.0,0.019447287615148412,0.107,0.069,0.3392857142857143,0.3106646058732612,0.01037344398340249,0.03941908713692946,0.128
R3W,0.772093023255814,0.0,0.22790697674418606,0.0,6.5,0.0125,0.056074766355140186,0.3925233644859813,0.5514018691588785,359274.0,9845.0,3281.0,3220.0,37.1,3.0,0.84375,0.15625,0.0,0.065,97394.0,0.01330532212885154,0.08,0.068,0.253156146179402,0.27264325323475047,0.0202808112324493,0.0453125,0.14800000000000002
R3X,0.8444444444444444,0.0,0.15555555555555556,0.0,7.3,0.015397775876817793,0.024850042844901457,0.3393316195372751,0.6358183376178235,421670.0,17962.0,5956.0,5854.0,37.3,3.1,0.9059024807527801,0.09409751924721985,0.0,0.054000000000000006,123881.0,0.05125284738041002,0.051,0.04,0.25640100973674723,0.4410436527847466,0.012842465753424657,0.02480752780153978,0.105
R3Y,0.8463789319678128,0.030724213606437453,0.12289685442574981,0.0,6.8,0.014652014652014652,0.01684981684981685,0.2703296703296703,0.7128205128205128,448749.0,21896.0,7108.0,6840.0,34.3,3.2,0.8814055636896047,0.11859443631039532,0.0,0.11199999999999999,113610.0,0.04754505904288378,0.048,0.053,0.26874448691561303,0.5172131147540984,0.034407027818448024,0.04249084249084249,0.21
R4A,0.9664429530201343,0.0,0.026845637583892617,0.006711409395973154,7.3,0.053156146179401995,0.3466666666666667,0.3466666666666667,0.30666666666666664,438685.0,4520.0,1497.0,1487.0,43.2,2.9,0.9533333333333334,0.04666666666666667,0.0,0.040999999999999995,111424.0,0.02857142857142857,0.076,0.040999999999999995,0.2886002886002886,0.19829424307036247,0.006666666666666667,0.03322259136212625,0.091
R4G,0.9594594594594594,0.0,0.04054054054054054,0.0,7.8,0.0273972602739726,0.1643835616438356,0.4383561643835616,0.3972602739726027,459028.0,1174.0,371.0,367.0,37.4,3.2,1.0,0.0,0.0,0.009000000000000001,145280.0,0.061452513966480445,0.047,0.053,0.2692307692307692,0.29133858267716534,0.027777777777777776,0.0,0.071
R4H,0.9448275862068966,0.0,0.05517241379310345,0.0,7.7,0.0410958904109589,0.23809523809523808,0.1360544217687075,0.6258503401360545,552001.0,2611.0,748.0,727.0,38.4,2.8,0.9103448275862069,0.0896551724137931,0.0,0.057999999999999996,124331.0,0.09597523219814241,0.046,0.040999999999999995,0.27761194029850744,0.3436123348017621,0.0,0.013793103448275862,0.122
R4J,1.0,0.0,0.0,0.0,8.6,0.07575757575757576,0.4626865671641791,0.26865671641791045,0.26865671641791045,449926.0,953.0,341.0,334.0,44.1,2.9,1.0,0.0,0.0,0.021,128512.0,0.06,0.055,0.017,0.24183006535947713,0.3364485981308411,0.0,0.0,0.045
R4K,1.0,0.0,0.0,0.0,7.9,0.04878048780487805,0.36585365853658536,0.43902439024390244,0.1951219512195122,401089.0,883.0,212.0,204.0,36.1,2.6,0.925,0.075,0.0,0.065,102144.0,0.03409090909090909,0.055,0.0,0.25555555555555554,0.3225806451612903,0.0,0.04878048780487805,0.0
R4L,0.9880952380952381,0.0,0.0,0.011904761904761904,7.5,0.03529411764705882,0.46511627906976744,0.26744186046511625,0.26744186046511625,399652.0,1219.0,438.0,422.0,40.4,2.9,0.9651162790697675,0.03488372093023256,0.0,0.078,111360.0,0.03278688524590164,0.071,0.027999999999999997,0.27692307692307694,0.22302158273381295,0.023529411764705882,0.023809523809523808,0.078
R5A,0.9008264462809917,0.0,0.09090909090909091,0.008264462809917356,7.3,0.025,0.375,0.30416666666666664,0.32083333333333336,358846.0,3408.0,1227.0,1207.0,39.2,2.8,0.9541666666666667,0.04583333333333333,0.0,0.043,103979.0,0.02681992337164751,0.077,0.052000000000000005,0.2392857142857143,0.22588832487309646,0.0125,0.025,0.08199999999999999
R5G,0.6268754076973255,0.033268101761252444,0.3157208088714938,0.024135681669928244,6.5,0.04104234527687296,0.304885993485342,0.2736156351791531,0.4214983713355049,269492.0,21738.0,7984.0,7673.0,32.9,2.8,0.6996742671009772,0.3003257328990228,0.0,0.16,65349.0,0.013247172859450727,0.131,0.055,0.30285363608468857,0.18199608610567514,0.03061889250814332,0.044921875,0.142
R5H,0.7447795823665894,0.002320185614849188,0.12761020881670534,0.12529002320185614,6.5,0.06334841628959276,0.3656884875846501,0.327313769751693,0.30699774266365687,250112.0,5839.0,2192.0,2150.0,38.6,2.7,0.8239277652370203,0.17607223476297967,0.0,0.127,72320.0,0.010514018691588784,0.14300000000000002,0.064,0.3579175704989154,0.1292517006802721,0.011312217194570135,0.029411764705882353,0.106
R6M,0.7367088607594937,0.010126582278481013,0.20632911392405062,0.04683544303797468,6.8,0.045627376425855515,0.4417721518987342,0.2607594936708861,0.2974683544303797,229862.0,10229.0,4114.0,3957.0,37.3,2.5,0.7769328263624842,0.22306717363751585,0.0,0.16699999999999998,64960.0,0.01119157340355497,0.133,0.064,0.3006369426751592,0.1902834008097166,0.01394169835234474,0.029150823827629912,0.109
R6W,0.716547901821061,0.03721298495645289,0.21536025336500395,0.030878859857482184,7.2,0.03727200634417129,0.3335974643423138,0.23217115689381934,0.43423137876386686,250605.0,20229.0,6430.0,6316.0,28.9,3.2,0.7828843106180665,0.21711568938193343,0.0,0.188,64704.0,0.009167583425009167,0.131,0.057,0.31282586027111575,0.10572687224669604,0.03330689928628073,0.04916732751784298,0.134
R7A,0.5539358600583091,0.054560599750104126,0.36609745939192,0.025406080799666806,5.9,0.07906783187682064,0.60932944606414,0.17201166180758018,0.21865889212827988,250524.0,29405.0,12840.0,12000.0,35.3,2.4,0.5892634207240949,0.4107365792759051,0.0,0.18,62916.0,0.010064043915827997,0.122,0.077,0.2932330827067669,0.19416202033453592,0.02455264253017062,0.05534748231377445,0.11699999999999999
R7B,0.6,0.005294117647058823,0.35,0.04470588235294118,6.6,0.035861258083480306,0.6042278332354668,0.2571931884908984,0.13857897827363477,295212.0,20977.0,8850.0,8505.0,37.8,2.4,0.6884185773074663,0.3115814226925338,0.0,0.11699999999999999,75627.0,0.02545793231915554,0.099,0.063,0.2903322358575277,0.26416819012797077,0.01352145796590241,0.036449147560258674,0.083
R7C,0.17073170731707318,0.0,0.25203252032520324,0.5772357723577236,5.6,0.02834008097165992,0.20161290322580644,0.24596774193548387,0.5524193548387096,190366.0,2448.0,1324.0,1229.0,50.6,1.9,0.8266129032258065,0.17338709677419356,0.0,0.10400000000000001,64576.0,0.024271844660194174,0.14300000000000002,0.073,0.41745283018867924,0.17142857142857143,0.016129032258064516,0.03643724696356275,0.122
R7N,0.7684449489216799,0.018161180476730987,0.17480136208853575,0.03859250851305335,6.4,0.09111617312072894,0.7870159453302962,0.13325740318906606,0.07972665148063782,165852.0,10321.0,4811.0,4407.0,44.9,2.2,0.6814562002275313,0.3185437997724687,0.0,0.191,55818.0,0.011726384364820847,0.16699999999999998,0.066,0.3894200127469726,0.17597471022128555,0.0056947608200455585,0.030751708428246014,0.08
R8A,0.8016701461377871,0.0,0.19624217118997914,0.0020876826722338203,6.2,0.10472279260780287,0.8123711340206186,0.13195876288659794,0.05567010309278351,120216.0,5300.0,2788.0,2397.0,44.3,2.2,0.7602459016393442,0.23975409836065573,0.0,0.11800000000000001,78208.0,0.025029797377830752,0.107,0.069,0.35498320268757,0.1354515050167224,0.004106776180698152,0.03285420944558522,0.049
R8N,0.4793969849246231,0.053266331658291456,0.37185929648241206,0.09547738693467336,5.8,0.10710710710710711,0.746,0.186,0.068,219170.0,13848.0,5549.0,4977.0,31.0,2.7,0.553,0.447,0.0,0.13699999999999998,97067.0,0.02481902792140641,0.077,0.07400000000000001,0.23839765510503175,0.1862483311081442,0.053,0.108,0.042
R9A,0.6174757281553398,0.015533980582524271,0.3029126213592233,0.06407766990291262,6.3,0.09596928982725528,0.7225433526011561,0.20616570327552985,0.07129094412331406,199837.0,6673.0,2886.0,2580.0,37.4,2.5,0.6813819577735125,0.31861804222648754,0.0,0.145,79360.0,0.015447991761071062,0.11900000000000001,0.066,0.3159448818897638,0.1935007385524372,0.01727447216890595,0.07293666026871401,0.055
S0A,0.8877887788778878,0.0,0.08184818481848184,0.030363036303630363,6.8,0.12097840458351697,0.7130262287855411,0.18624641833810887,0.10072735287635001,150135.0,52641.0,27875.0,22724.0,46.6,2.3,0.7869574796210619,0.16170962767129324,0.05133289270764486,0.179,56189.0,0.01782178217821782,0.156,0.063,0.3785807678592654,0.1085240726124704,0.013882767739092111,0.031511679153812255,0.113
S0C,0.8696343402225755,0.0,0.06200317965023847,0.06836248012718601,7.1,0.11258629845990441,0.6509032943676939,0.18650371944739638,0.16259298618490967,200605.0,23395.0,11902.0,9439.0,39.4,2.4,0.8204992033988316,0.16303770578863516,0.016463090812533193,0.1,81690.0,0.03919341096279466,0.084,0.065,0.27250206440957886,0.10563090834360872,0.006903876792352629,0.01647183846971307,0.10400000000000001
S0E,0.831782657238556,0.011164867882396725,0.1243021957573502,0.03275027912169706,6.9,0.11464497041420119,0.6611234294161124,0.20953436807095344,0.1293422025129342,184696.0,32755.0,15953.0,13433.0,43.3,2.4,0.7632260451350351,0.1997780244173141,0.03699593044765076,0.165,60157.0,0.014729620661824051,0.159,0.077,0.3805668016194332,0.13071065989847716,0.022928994082840236,0.041789940828402365,0.11599999999999999
S0G,0.8924878048780488,0.0001951219512195122,0.06907317073170732,0.03824390243902439,7.0,0.1180027306417008,0.616929978544958,0.21825629022820361,0.16481373122683832,249920.0,63488.0,32196.0,25622.0,42.6,2.4,0.8146703082325399,0.13363246195864223,0.051697229808817795,0.11900000000000001,73040.0,0.024166666666666666,0.113,0.055999999999999994,0.3171761866452132,0.13903495205691307,0.009167154281256095,0.02243464689816621,0.10400000000000001
S0H,0.8917634635691658,0.0005279831045406547,0.07708553326293559,0.030623020063357972,7.3,0.1026595744680851,0.7433581296493093,0.18597236981934112,0.07066950053134963,150312.0,22746.0,11569.0,9473.0,47.8,2.3,0.8276595744680851,0.17127659574468085,0.0010638297872340426,0.14,67479.0,0.016919988528821338,0.127,0.037000000000000005,0.29624439461883406,0.1302785265049416,0.0047872340425531915,0.015957446808510637,0.105
S0J,0.8653559725945785,0.0002978850163836759,0.08876973488233542,0.045576407506702415,6.4,0.21573301549463647,0.4675208581644815,0.3125744934445769,0.2199046483909416,219398.0,49995.0,24869.0,16778.0,34.3,2.9,0.6090584028605482,0.15464839094159713,0.2362932061978546,0.162,57776.0,0.013874689645100044,0.177,0.154,0.4437220642015441,0.10858749729612806,0.08072683943997618,0.1298778671432827,0.125
S0K,0.86114476075106,0.0003028467595396729,0.11402180496668686,0.024530587522713507,7.3,0.0777052663530126,0.5262598664238008,0.20127504553734063,0.27246508803885855,279947.0,89853.0,36787.0,33015.0,37.2,2.6,0.8488389740476552,0.13127940506905447,0.019881620883290332,0.09699999999999999,83058.0,0.02573872472783826,0.1,0.063,0.29108437336521936,0.15034345224905826,0.013203824556078313,0.029443011079071178,0.125
S0L,0.8474508229626656,0.0,0.10236852669610598,0.05018065034122842,7.4,0.09500998003992016,0.6693290734824281,0.222444089456869,0.10822683706070288,200354.0,30870.0,14629.0,12447.0,42.5,2.4,0.8267465069860279,0.17325349301397205,0.0,0.099,79495.0,0.02942449156209433,0.096,0.047,0.2879010274690711,0.13380967846703476,0.004391217564870259,0.013173652694610778,0.107
S0M,0.8585615407764069,0.0,0.08516400842612097,0.05627445079747216,6.7,0.17505272672491715,0.45616149442603193,0.3121422115094908,0.23169629406447725,249950.0,48321.0,22858.0,16620.0,33.8,2.9,0.6424698795180723,0.19156626506024096,0.16596385542168673,0.17600000000000002,62987.0,0.018496058217101274,0.161,0.146,0.4068564952542853,0.09583333333333334,0.04639951792708647,0.10153660741187105,0.124
S0N,0.9049360146252285,0.0006093845216331506,0.0591102985984156,0.03534430225472273,7.3,0.11645101663585952,0.7355117139334155,0.17570900123304561,0.08877928483353884,149901.0,21447.0,10149.0,8206.0,44.1,2.3,0.8318965517241379,0.1625615763546798,0.005541871921182266,0.13,68256.0,0.020958083832335328,0.11800000000000001,0.04,0.28156606851549754,0.1290994273815721,0.0067733990147783255,0.01847290640394089,0.10400000000000001
S0P,0.8320209973753281,0.0,0.08661417322834646,0.08136482939632546,5.8,0.3689839572192513,0.43699731903485256,0.38337801608579086,0.17962466487935658,129956.0,7249.0,2259.0,1904.0,24.9,3.8,0.49066666666666664,0.17333333333333334,0.336,0.27699999999999997,57685.0,0.012687427912341407,0.19399999999999998,0.20199999999999999,0.5374220374220374,0.0845771144278607,0.18181818181818182,0.25866666666666666,0.092
S2V,1.0,0.0,0.0,0.0,7.6,0.05970149253731343,0.2153846153846154,0.3076923076923077,0.47692307692307695,500424.0,865.0,555.0,344.0,46.8,2.5,0.9705882352941176,0.029411764705882353,0.0,0.035,126976.0,0.07801418439716312,0.059000000000000004,0.062,0.4244604316546763,0.22727272727272727,0.0,0.0,0.076
S3N,0.7387158296249206,0.0,0.23903369357914814,0.02225047679593134,6.6,0.07006369426751592,0.6745222929936305,0.18853503184713377,0.13694267515923567,250508.0,18658.0,8412.0,7863.0,41.6,2.3,0.7374123645634162,0.2625876354365838,0.0,0.13,69320.0,0.020062262193012798,0.124,0.061,0.3242240215924426,0.19497863247863248,0.01019108280254777,0.0267515923566879,0.099
S4A,0.6656746031746031,0.00992063492063492,0.2728174603174603,0.051587301587301584,6.6,0.05759682224428997,0.5700099304865939,0.23435948361469713,0.19563058589870905,324396.0,12481.0,5719.0,5038.0,36.7,2.4,0.733862959285005,0.26613704071499505,0.0,0.069,98688.0,0.052440290758047764,0.062,0.081,0.2526368658965344,0.15328467153284672,0.015888778550148957,0.03277060575968222,0.08900000000000001
S4H,0.667375132837407,0.022316684378320937,0.281615302869288,0.028692879914984058,6.6,0.06680805938494168,0.6412698412698413,0.1746031746031746,0.18412698412698414,299480.0,11193.0,5254.0,4705.0,38.8,2.3,0.7171610169491526,0.2828389830508475,0.0,0.096,79232.0,0.03454332552693208,0.09,0.071,0.31611804767309876,0.18432769367764915,0.012711864406779662,0.024364406779661018,0.094
S4L,0.9456521739130435,0.0,0.01358695652173913,0.04076086956521739,8.4,0.023809523809523808,0.13984168865435356,0.3087071240105541,0.5514511873350924,577240.0,5646.0,1887.0,1838.0,36.7,3.1,0.9735449735449735,0.026455026455026454,0.0,0.027999999999999997,157952.0,0.10416666666666667,0.036000000000000004,0.037000000000000005,0.2061503416856492,0.30612244897959184,0.0,0.007936507936507936,0.083
S4M,0.2857142857142857,0.0,0.7142857142857143,0.0,4.8,0.0,0.0,0.0,1.0,280301.0,153.0,77.0,74.0,32.8,2.0,0.7058823529411765,0.29411764705882354,0.0,,92672.0,,,0.071,0.125,0.48,0.0,0.0,
S4N,0.7234910277324633,0.01835236541598695,0.24592169657422513,0.012234910277324634,6.2,0.09131859131859132,0.6935351882160393,0.19312602291325695,0.11333878887070377,299429.0,31167.0,12834.0,12260.0,34.1,2.5,0.6928746928746928,0.3071253071253071,0.0,0.131,77154.0,0.012335354380096175,0.1,0.064,0.26643807987091567,0.2220294882914137,0.029893529893529894,0.06797706797706797,0.136
S4P,0.22787456445993032,0.32613240418118467,0.4369337979094077,0.009059233449477353,4.5,0.10642709053213545,0.6807187284035936,0.19834139599170697,0.12093987560469938,290782.0,13423.0,8089.0,7176.0,42.7,1.7,0.2957843814789219,0.7042156185210781,0.0,0.247,43743.0,0.020359848484848484,0.149,0.067,0.39666064981949456,0.3203952011291461,0.016574585635359115,0.05386740331491713,0.179
S4R,0.6978618997546442,0.024185068349106203,0.27690150718541884,0.0010515247108307045,6.3,0.07320490367775832,0.8133099824868651,0.11978984238178635,0.06690017513134851,300200.0,35561.0,14862.0,14273.0,37.1,2.5,0.6834733893557423,0.3165266106442577,0.0,0.122,74979.0,0.011906942663491482,0.12,0.061,0.31395759717314486,0.2013089005235602,0.033975481611208405,0.061274509803921566,0.10300000000000001
S4S,0.5991721283201104,0.062090375991721285,0.33873749568816836,0.0,6.4,0.08330452817144833,0.803941908713693,0.13312586445366528,0.06293222683264177,349640.0,34958.0,15107.0,14501.0,39.9,2.3,0.6574490148634635,0.3425509851365365,0.0,0.114,83363.0,0.04233761534286231,0.083,0.057,0.3296069868995633,0.4682405845980888,0.032492222606291046,0.06219765031098825,0.111
S4T,0.7231555880204529,0.006574141709276844,0.2702702702702703,0.0,5.9,0.12317784256559766,0.8301130149471382,0.10317170980678089,0.06671527524608094,274973.0,31932.0,15149.0,13693.0,36.0,2.3,0.6155247813411079,0.3844752186588921,0.0,0.19,64488.0,0.012233049968899026,0.128,0.084,0.31598659570274,0.23094045631608237,0.01967930029154519,0.0597667638483965,0.149
S4V,0.7149643705463183,0.0009501187648456057,0.2840855106888361,0.0,7.3,0.020813623462630087,0.12198581560283688,0.4449172576832151,0.433096926713948,449465.0,28386.0,11211.0,10530.0,39.8,2.7,0.8576158940397351,0.1423841059602649,0.0,0.049,120951.0,0.07981755986316989,0.053,0.047,0.2838936497473083,0.4495382585751979,0.014191106906338695,0.021759697256385997,0.10099999999999999
S4W,0.4810126582278481,0.06962025316455696,0.44936708860759494,0.0,5.5,0.016051364365971106,0.004815409309791332,0.0032102728731942215,0.9919743178170144,401403.0,8283.0,3706.0,3156.0,29.9,2.6,0.7243589743589743,0.27564102564102566,0.0,0.10400000000000001,97508.0,0.036585365853658534,0.040999999999999995,0.046,0.1767478397486253,0.4944612286002014,0.03531300160513644,0.052969502407704656,0.19399999999999998
S4X,0.7112910909957122,0.010004764173415913,0.2782277274892806,0.0004764173415912339,6.9,0.028680688336520075,0.24796942188246537,0.3411371237458194,0.41089345437171526,379205.0,27895.0,10875.0,10491.0,35.5,2.6,0.8069756330625896,0.1930243669374104,0.0,0.053,107224.0,0.0368532955350815,0.059000000000000004,0.048,0.24082934609250398,0.2602311777569509,0.01433349259436216,0.03870043000477783,0.10099999999999999
S4Y,0.9764309764309764,0.0,0.02356902356902357,0.0,7.9,0.006600660066006601,0.009900990099009901,0.37623762376237624,0.6138613861386139,450451.0,4537.0,1500.0,1486.0,35.4,3.0,0.9835526315789473,0.01644736842105263,0.0,0.013000000000000001,145701.0,0.05357142857142857,0.043,0.042,0.1977401129943503,0.3068391866913124,0.013157894736842105,0.01644736842105263,0.081
S4Z,0.20512820512820512,0.008547008547008548,0.7863247863247863,0.0,5.2,0.017543859649122806,0.0,0.18584070796460178,0.8141592920353983,269975.0,1200.0,634.0,582.0,34.1,2.1,0.7456140350877193,0.2543859649122807,0.0,0.057999999999999996,84480.0,0.023923444976076555,0.068,0.049,0.2488479262672811,0.32167832167832167,0.02631578947368421,0.017543859649122806,0.163
S6H,0.7253842958039053,0.052347320315745745,0.2181138346489406,0.004154549231408392,6.4,0.09136420525657071,0.851063829787234,0.10012515644555695,0.04881101376720901,249996.0,27471.0,13150.0,12034.0,42.3,2.2,0.6758448060075094,0.3241551939924906,0.0,0.147,64090.0,0.015650936684847048,0.134,0.069,0.354008729611762,0.14696370822853036,0.009595327492699207,0.030037546933667083,0.107
S6J,0.5916473317865429,0.0,0.31554524361948955,0.09280742459396751,6.9,0.04054054054054054,0.32808988764044944,0.2966292134831461,0.3752808988764045,374947.0,5317.0,2350.0,2161.0,39.9,2.5,0.7297297297297297,0.2702702702702703,0.0,0.079,89131.0,0.05365853658536585,0.085,0.053,0.3368421052631579,0.24907063197026022,0.011235955056179775,0.01126126126126126,0.09
S6K,0.9368421052631579,0.0,0.06315789473684211,0.0,7.8,0.0,0.32989690721649484,0.21649484536082475,0.4536082474226804,399406.0,1415.0,493.0,475.0,33.9,3.0,0.8947368421052632,0.10526315789473684,0.0,0.078,117632.0,0.03571428571428571,0.067,0.045,0.26066350710900477,0.19875776397515527,0.0,0.0,0.071
S6V,0.6919354838709677,0.04,0.2525806451612903,0.015483870967741935,6.7,0.07075928917609046,0.6546042003231017,0.2397415185783522,0.10565428109854604,250628.0,41092.0,17098.0,15496.0,36.3,2.5,0.6350129198966409,0.36078811369509045,0.004198966408268734,0.185,68240.0,0.017463546965072907,0.139,0.098,0.3492706645056726,0.18394564670357322,0.025516795865633074,0.06655896607431341,0.11199999999999999
S6W,0.2857142857142857,0.35714285714285715,0.35714285714285715,0.0,5.3,0.125,0.0,0.0,1.0,449157.0,141.0,90.0,70.0,65.5,2.0,0.6,0.4,0.0,,66560.0,,,0.0,0.7241379310344828,0.0,0.0,0.0,
S6X,0.8357142857142857,0.0,0.16428571428571428,0.0,8.3,0.021739130434782608,0.014705882352941176,0.3235294117647059,0.6617647058823529,399870.0,2141.0,713.0,697.0,34.4,3.1,0.9635036496350365,0.0364963503649635,0.0,0.024,145579.0,0.066006600660066,0.042,0.045,0.20655737704918034,0.3288888888888889,0.0,0.0,0.053
S7H,0.4868546088058283,0.010136205258156478,0.4960405448210326,0.006968641114982578,6.1,0.05298223350253807,0.7259752616555661,0.1909292737075801,0.08309546463685379,349465.0,35686.0,17129.0,15780.0,37.1,2.2,0.6062817258883249,0.39371827411167515,0.0,0.145,69724.0,0.027425437092903668,0.095,0.07200000000000001,0.3214521452145215,0.40097611096840485,0.027601522842639593,0.06218274111675127,0.152
S7J,0.6385826771653543,0.04251968503937008,0.3188976377952756,0.0,7.0,0.04036406806489909,0.613618368962787,0.3309580364212193,0.055423594615993665,376361.0,31223.0,13279.0,12694.0,42.3,2.4,0.7206173328056985,0.27938266719430155,0.0,0.09699999999999999,82548.0,0.0339637990644702,0.099,0.06,0.3492407809110629,0.3566188197767145,0.012663237039968342,0.03283227848101266,0.121
S7K,0.5338479809976246,0.16122327790973873,0.28830166270783847,0.0166270783847981,6.4,0.05176470588235294,0.5430755660099971,0.3578359306086445,0.09908850338135843,399443.0,39174.0,18180.0,16844.0,41.7,2.3,0.6423529411764706,0.35294117647058826,0.004705882352941176,0.10300000000000001,79633.0,0.04282518376478108,0.084,0.054000000000000006,0.3045336589833613,0.3269364161849711,0.012349309026756836,0.03675389591296677,0.121
S7L,0.7225630538513974,0.0013633265167007499,0.27607361963190186,0.0,6.5,0.07237965175827928,0.7429156708774326,0.1782178217821782,0.0788665073403892,299112.0,39478.0,15728.0,14670.0,35.9,2.6,0.7091157391601229,0.2908842608398771,0.0,0.162,71660.0,0.008231864174241125,0.132,0.08199999999999999,0.30969965534219596,0.18670137245622337,0.0297029702970297,0.06452714236940936,0.145
S7M,0.5195918367346939,0.0163265306122449,0.46244897959183673,0.0016326530612244899,5.9,0.06737443854634545,0.6515522875816994,0.20465686274509803,0.1437908496732026,299570.0,31112.0,13868.0,12256.0,35.2,2.5,0.5434871376071866,0.4565128623928134,0.0,0.214,61330.0,0.01370757180156658,0.136,0.099,0.3282221301284708,0.1888824214202561,0.03715802368313598,0.08738260514495713,0.165
S7N,0.48784798939460894,0.05567830313742819,0.4357048166151127,0.0207688908528502,6.4,0.04275011018069634,0.4259911894273128,0.4013215859030837,0.1726872246696035,399884.0,27214.0,12361.0,11311.0,34.8,2.4,0.613215859030837,0.38678414096916297,0.0,0.12300000000000001,78757.0,0.046473988439306356,0.07,0.066,0.2886620812070113,0.4051841746248295,0.01762891141472014,0.0379021595416483,0.129
S7P,1.0,0.0,0.0,0.0,9.3,0.0,0.0,0.5,0.5,752829.0,158.0,51.0,49.0,39.0,2.8,1.0,0.0,0.0,,205056.0,,,0.0,0.3,0.3076923076923077,0.0,0.0,
S7R,0.667953667953668,0.0,0.33204633204633205,0.0,6.1,0.005847953216374269,0.003898635477582846,0.005847953216374269,0.9902534113060428,379341.0,8056.0,2663.0,2589.0,29.8,3.1,0.896887159533074,0.10311284046692606,0.0,0.054000000000000006,108656.0,0.018650088809946713,0.059000000000000004,0.052000000000000005,0.15574468085106383,0.36217948717948717,0.056640625,0.060546875,0.183
S7S,0.6036866359447005,0.0,0.39631336405529954,0.0,7.1,0.04524886877828054,0.004524886877828055,0.5180995475113123,0.47737556561085975,424213.0,5906.0,2325.0,2164.0,39.7,2.7,0.8438914027149321,0.15610859728506787,0.0,0.047,107110.0,0.04939626783754116,0.059000000000000004,0.047,0.259222333000997,0.4072398190045249,0.02040816326530612,0.024886877828054297,0.126
S7T,0.6118626430801248,0.002081165452653486,0.38605619146722164,0.0,6.5,0.01344364012409514,0.04446742502585315,0.057911065149948295,0.8976215098241985,449269.0,13202.0,5387.0,4797.0,32.1,2.7,0.8103626943005181,0.18963730569948187,0.0,0.069,115680.0,0.06549767921609077,0.042,0.05,0.19518314099347717,0.4672897196261682,0.016563146997929608,0.020703933747412008,0.153
S7V,0.527431421446384,0.0,0.47256857855361595,0.0,6.9,0.007518796992481203,0.0,0.14518147684605756,0.8548185231539425,499944.0,10780.0,4293.0,4009.0,33.7,2.7,0.8370927318295739,0.16290726817042606,0.0,0.084,107630.0,0.08019441069258809,0.047,0.05,0.2587745389649018,0.4629005059021922,0.030112923462986198,0.03634085213032581,0.156
S7W,0.6290322580645161,0.0,0.3709677419354839,0.0,6.6,0.00544069640914037,0.004347826086956522,0.004347826086956522,0.991304347826087,483712.0,13625.0,5268.0,4652.0,30.3,2.9,0.8442265795206971,0.15577342047930284,0.0,0.07,119182.0,0.06584362139917696,0.037000000000000005,0.055999999999999994,0.17417721518987342,0.47556142668428003,0.022850924918389554,0.02832244008714597,0.19899999999999998
S9A,0.696513470681458,0.03328050713153724,0.2606973058637084,0.009508716323296355,6.5,0.07057890563045202,0.7398889770023791,0.17367168913560665,0.08643933386201427,219554.0,15547.0,6916.0,6317.0,38.0,2.4,0.6566217287866772,0.34337827121332276,0.0,0.191,63694.0,0.016270888302550572,0.14400000000000002,0.08,0.3293667658308542,0.18959842001316657,0.02141157811260904,0.05471847739888977,0.125
S9H,0.6705577172503242,0.01621271076523995,0.2808041504539559,0.0324254215304799,6.8,0.06885456885456885,0.6677398583386993,0.20669671603348358,0.12556342562781714,280053.0,18070.0,8241.0,7712.0,41.6,2.3,0.7290862290862291,0.2709137709137709,0.0,0.096,74301.0,0.029047113000354233,0.102,0.046,0.29300891021247427,0.17495987158908508,0.008365508365508366,0.019948519948519948,0.08199999999999999
S9V,0.6374538745387454,0.013837638376383764,0.3118081180811808,0.03690036900369004,6.6,0.047004608294930875,0.35207373271889403,0.22672811059907835,0.42119815668202765,320333.0,14694.0,6082.0,5420.0,30.6,2.7,0.6746543778801843,0.32534562211981566,0.0,0.106,88448.0,0.026192703461178673,0.076,0.11199999999999999,0.21539830885625277,0.16841455891425047,0.026703499079189688,0.053456221198156684,0.152
S9X,0.7368421052631579,0.0,0.20326678765880218,0.05989110707803993,6.7,0.09694793536804308,0.5179856115107914,0.29856115107913667,0.18345323741007194,250782.0,7798.0,3005.0,2759.0,33.4,2.8,0.6642728904847397,0.2800718132854578,0.05565529622980251,0.16899999999999998,78528.0,0.02262443438914027,0.11900000000000001,0.092,0.30579216354344124,0.18252933507170796,0.03770197486535009,0.07194244604316546,0.121
T0A,0.8178258866881621,0.0011515430677107323,0.08774758175955781,0.09327498848456932,6.8,0.11232051875868458,0.46628041714947854,0.30660486674391657,0.22711471610660486,321086.0,59234.0,27713.0,21711.0,37.9,2.7,0.7794764883020616,0.17697475098447996,0.04354876071345842,0.105,87326.0,0.04737634657708792,0.095,0.113,0.32766051497403026,0.1068816489361702,0.020842982862436313,0.044012045401899465,0.138
T0B,0.8794268167860798,0.0,0.041760491299897645,0.07881269191402251,7.2,0.09757093284343743,0.5881632653061224,0.22653061224489796,0.1853061224489796,265448.0,64072.0,28009.0,24427.0,41.8,2.5,0.8612528055498878,0.1377269944909202,0.0010201999591920017,0.107,81524.0,0.037396121883656507,0.10099999999999999,0.079,0.30476287194069257,0.09788688626476072,0.008979591836734694,0.026326530612244898,0.14
T0C,0.821529131470652,0.0,0.06129521334199697,0.1171756551873511,7.0,0.11961513229827248,0.4820647419072616,0.286745406824147,0.23118985126859143,300081.0,62701.0,28739.0,23081.0,40.1,2.6,0.774814167031045,0.15566243987756886,0.0695233930913861,0.111,76159.0,0.035654781739420195,0.11,0.11599999999999999,0.33716597466198234,0.09331385913664395,0.021430133391646622,0.04220424229171223,0.154
T0E,0.7920143027413588,0.0002979737783075089,0.09207389749702026,0.11561382598331346,6.6,0.11523611523611524,0.4728244728244728,0.2910602910602911,0.2361152361152361,344223.0,43729.0,22179.0,16779.0,43.1,2.5,0.8063558063558064,0.16542916542916544,0.028215028215028214,0.10300000000000001,85461.0,0.04180064308681672,0.09699999999999999,0.11199999999999999,0.3347845015237266,0.09974424552429667,0.019008019008019007,0.04068904068904069,0.149
T0G,0.739490235021516,0.00033101621979476995,0.08606421714664018,0.17411453161204898,6.5,0.1373134328358209,0.36438992042440316,0.3541114058355438,0.28149867374005305,299771.0,42905.0,18519.0,15103.0,35.5,2.8,0.7270315091210614,0.18673300165837478,0.08623548922056384,0.13699999999999998,81265.0,0.031007751937984496,0.109,0.12300000000000001,0.32470952749806353,0.1020174232003668,0.041127694859038146,0.07628524046434494,0.134
T0H,0.7495229835212489,0.0,0.0782307025151778,0.1722463139635733,6.7,0.11988202637057599,0.40270551508844954,0.33680194242108913,0.26049254249046133,259851.0,84336.0,33105.0,28826.0,33.5,2.8,0.7538594969644405,0.1779705117085863,0.06816999132697311,0.111,84440.0,0.03599374021909233,0.092,0.106,0.3156992407543473,0.09184789211517434,0.0392088827203331,0.06037473976405274,0.14
T0J,0.8450821955976595,0.0,0.0866536639732516,0.06826414042908888,7.2,0.09719522354901416,0.5180455302609661,0.25513603553581343,0.22681843420322043,260071.0,50783.0,19938.0,17953.0,38.5,2.6,0.7786111111111111,0.1913888888888889,0.03,0.1,80443.0,0.03454728659853174,0.096,0.08199999999999999,0.2990437158469945,0.1110888710968775,0.012215435868961688,0.03053858967240422,0.132
T0K,0.8778280542986425,0.0,0.057692307692307696,0.06447963800904978,7.5,0.09662793992632474,0.6116780045351474,0.21428571428571427,0.17403628117913833,250640.0,55487.0,20521.0,17681.0,36.5,2.8,0.8112244897959183,0.18027210884353742,0.008503401360544218,0.133,71953.0,0.02501766784452297,0.125,0.061,0.3720214190093708,0.13447010576300453,0.019552281099461603,0.04108812694814395,0.133
T0L,0.8687084520417854,0.000949667616334283,0.08452041785375118,0.045821462488129155,7.3,0.11871275327771157,0.45426393520724156,0.26989042401143404,0.27584564078132445,359701.0,61161.0,23366.0,21063.0,41.2,2.7,0.7949940405244339,0.16090584028605484,0.04410011918951132,0.098,79674.0,0.059764211509279797,0.087,0.085,0.36376699458383993,0.1901913875598086,0.024791418355184745,0.05029797377830751,0.166
T0M,0.7695576588757967,0.0,0.10179640718562874,0.12864593393857446,7.0,0.07199844327690212,0.428988326848249,0.2873540856031128,0.2836575875486381,315044.0,67484.0,29041.0,25889.0,40.8,2.5,0.832295719844358,0.16673151750972762,0.0009727626459143969,0.10400000000000001,83984.0,0.03827466534457114,0.08900000000000001,0.095,0.29688693659281895,0.10403486573878813,0.009340338587273789,0.02217898832684825,0.157
T0P,0.8709677419354839,0.0,0.11693548387096774,0.012096774193548387,6.0,0.18,0.14859437751004015,0.3493975903614458,0.5020080321285141,421828.0,3631.0,1627.0,1241.0,31.8,2.9,0.44176706827309237,0.22088353413654618,0.3373493975903614,0.122,97024.0,0.12625250501002003,0.07,0.166,0.35064935064935066,0.09296482412060302,0.0321285140562249,0.10441767068273092,0.134
T0V,,,,,,,,,,,19.0,19.0,7.0,,,,,,,,,,,,,,,
T1A,0.615819209039548,0.011734028683181226,0.3376792698826597,0.034767492394611035,6.3,0.08844133099824869,0.7803594914511179,0.12582200789127576,0.09381850065760632,245266.0,25409.0,12276.0,11501.0,43.9,2.1,0.6164623467600701,0.38353765323992994,0.0,0.155,58046.0,0.020475227502527806,0.142,0.109,0.37616478666012754,0.13132075471698113,0.0070052539404553416,0.02715724923346474,0.14
T1B,0.7085603112840467,0.0,0.2614785992217899,0.029961089494163425,7.3,0.03409531189461449,0.296281951975213,0.3718048024786987,0.3319132455460883,324729.0,32769.0,13312.0,12851.0,39.8,2.5,0.8063516653756778,0.19364833462432224,0.0,0.09,87589.0,0.045209041808361675,0.092,0.094,0.33940905602455873,0.16982231284590737,0.006584043377226956,0.014335528864781092,0.11900000000000001
T1C,0.6186107470511141,0.01834862385321101,0.34600262123197906,0.01703800786369594,7.0,0.028833551769331587,0.24770642201834864,0.24508519003931847,0.5072083879423329,310273.0,9391.0,3970.0,3817.0,36.3,2.5,0.7719528178243774,0.22804718217562253,0.0,0.079,91252.0,0.04542326221610461,0.076,0.086,0.2745874587458746,0.16573033707865167,0.005242463958060288,0.015727391874180863,0.109
T1G,0.7577388963660835,0.0,0.20457604306864063,0.03768506056527591,7.2,0.06391478029294274,0.5617529880478087,0.2735723771580345,0.1646746347941567,259140.0,10339.0,3956.0,3721.0,35.6,2.7,0.7762982689747004,0.2237017310252996,0.0,0.11599999999999999,75376.0,0.026804123711340205,0.106,0.073,0.30689877498388135,0.1112214498510427,0.010652463382157125,0.023968042609853527,0.138
T1H,0.6564056133997284,0.0,0.32141240380262565,0.022181982797645994,6.5,0.07029478458049887,0.6042611060743427,0.17089755213055305,0.22484134179510426,250689.0,27385.0,11443.0,11050.0,38.5,2.4,0.7183673469387755,0.2816326530612245,0.0,0.122,69120.0,0.009230769230769232,0.129,0.07,0.31,0.12709030100334448,0.014965986394557823,0.04308390022675737,0.14300000000000002
T1J,0.5500794912559619,0.04557498675145734,0.3937466878643349,0.010598834128245893,6.2,0.05499199145755473,0.48852108916177256,0.14522156967431926,0.3662573411639082,300819.0,22960.0,10245.0,9438.0,35.4,2.3,0.608115323011212,0.39188467698878804,0.0,0.11900000000000001,69052.0,0.02512562814070352,0.098,0.062,0.2931623931623932,0.30126251632564216,0.013881473571809931,0.030982905982905984,0.16899999999999998
T1K,0.6754893851668046,0.018196856906534328,0.2809484422387648,0.025365315687896333,7.1,0.04337084820203129,0.40065861690450055,0.32930845225027444,0.270032930845225,324098.0,45932.0,19288.0,18129.0,37.5,2.5,0.7131485039802361,0.28685149601976395,0.0,0.106,81759.0,0.03450684548756636,0.09300000000000001,0.064,0.3232404790741488,0.30381117366825466,0.011525795828759604,0.029096898160856435,0.10300000000000001
T1L,0.17463617463617465,0.002079002079002079,0.8212058212058212,0.002079002079002079,5.2,0.054279749478079335,0.3783783783783784,0.501039501039501,0.12058212058212059,601164.0,7442.0,2581.0,2398.0,35.3,2.5,0.4718162839248434,0.5281837160751566,0.0,0.064,81465.0,0.030009680542110357,0.047,0.047,0.16399622997172478,0.34149484536082475,0.04384133611691023,0.11899791231732777,0.23800000000000002
T1M,0.7943368107302533,0.0,0.12369597615499255,0.08196721311475409,7.5,0.08124076809453472,0.4608567208271787,0.24224519940915806,0.2968980797636632,276228.0,9379.0,3423.0,3358.0,35.5,2.8,0.8153618906942393,0.18463810930576072,0.0,0.09699999999999999,81579.0,0.02207505518763797,0.107,0.053,0.2953257790368272,0.14660831509846828,0.0103397341211226,0.019202363367799114,0.129
T1P,0.644747393744988,0.0008019246190858059,0.297514033680834,0.05693664795509222,6.9,0.04662379421221865,0.22186495176848875,0.3319935691318328,0.44614147909967844,348162.0,16843.0,6537.0,6235.0,39.2,2.6,0.7876106194690266,0.21238938053097345,0.0,0.085,89459.0,0.04175030108390205,0.085,0.081,0.28797835330498645,0.15151515151515152,0.007234726688102894,0.019308125502815767,0.16899999999999998
T1R,0.583752093802345,0.0,0.3165829145728643,0.09966499162479062,6.6,0.05490848585690516,0.48583333333333334,0.30916666666666665,0.205,275786.0,17011.0,6373.0,5965.0,35.7,2.8,0.6946755407653911,0.305324459234609,0.0,0.094,86685.0,0.027974947807933193,0.086,0.091,0.2582781456953642,0.14209115281501342,0.03413821815154038,0.06655574043261231,0.14400000000000002
T1S,0.7977426636568848,0.0,0.19683972911963882,0.005417607223476298,7.5,0.027317510076130765,0.13972234661889835,0.26735333631885355,0.5929243170622481,473181.0,32951.0,11317.0,11075.0,37.1,2.9,0.8486341244961935,0.15136587550380654,0.0,0.059000000000000004,118846.0,0.08403716216216216,0.051,0.077,0.26954445991645115,0.24640946212334552,0.012987012987012988,0.026421854008060904,0.15
T1V,0.5628594905505341,0.0,0.390304026294166,0.04683648315529992,6.7,0.04668304668304668,0.24959083469721768,0.353518821603928,0.39689034369885434,348848.0,15593.0,6424.0,6082.0,43.3,2.5,0.7854217854217854,0.21457821457821458,0.0,0.085,81408.0,0.03278688524590164,0.11,0.077,0.3380395320693828,0.1628056628056628,0.016366612111292964,0.031914893617021274,0.16699999999999998
T1W,0.4610927152317881,0.013245033112582781,0.5240066225165563,0.0016556291390728477,6.0,0.042218543046357616,0.1672185430463576,0.5107615894039735,0.3220198675496689,696578.0,14755.0,8416.0,6047.0,41.6,2.4,0.6903973509933775,0.30960264900662254,0.0,0.07,98701.0,0.07037505267593763,0.044000000000000004,0.057,0.24609053497942388,0.4158305462653289,0.016570008285004142,0.028973509933774833,0.16399999999999998
T1X,0.7952924393723253,0.0,0.20256776034236804,0.0021398002853067048,7.6,0.0298932384341637,0.0711743772241993,0.21209964412811388,0.7167259786476868,540109.0,22496.0,7192.0,7017.0,36.6,3.2,0.9096085409252669,0.0903914590747331,0.0,0.061,129584.0,0.08004926108374384,0.05,0.076,0.2602739726027397,0.23843416370106763,0.02844950213371266,0.040569395017793594,0.19899999999999998
T1Y,0.5883644346871569,0.009879253567508232,0.38529088913282106,0.01646542261251372,6.3,0.05732309380142622,0.5887030435974774,0.35755415409925967,0.053742802303262956,369035.0,57237.0,19139.0,18220.0,36.4,3.1,0.6972854400877434,0.30271455991225665,0.0,0.13699999999999998,78538.0,0.010046728971962618,0.128,0.111,0.32460732984293195,0.2074367088607595,0.06198573779484366,0.09734027968193035,0.19
T1Z,1.0,0.0,0.0,0.0,9.7,0.0,0.0,0.0,1.0,999942.0,639.0,150.0,127.0,35.8,4.9,1.0,0.0,0.0,0.063,147968.0,0.029411764705882353,0.073,0.063,0.3,0.18518518518518517,0.08695652173913043,0.0,0.391
T2A,0.439469320066335,0.006159677801468846,0.5169391139540394,0.03743188817815683,5.9,0.06584557081951682,0.6999052581714827,0.21743249644718143,0.08266224538133586,329795.0,59641.0,22652.0,21108.0,37.3,2.8,0.6098081023454158,0.39019189765458423,0.0,0.15,71340.0,0.006294864715626725,0.132,0.113,0.31322433774834435,0.1451048951048951,0.04477611940298507,0.09071530080530554,0.192
T2B,0.5166487647690655,0.0,0.4774436090225564,0.005907626208378088,5.9,0.06390977443609022,0.6194310252281267,0.29200214707461086,0.08856682769726248,319539.0,23418.0,9953.0,9313.0,39.5,2.5,0.6498388829215896,0.3501611170784103,0.0,0.152,69304.0,0.007156619873382879,0.134,0.109,0.31248377887360496,0.10711692084241103,0.024691358024691357,0.057465091299677765,0.19399999999999998
T2C,0.6523096129837703,0.0006242197253433209,0.3283395755305868,0.018726591760299626,6.6,0.05955334987593052,0.43202979515828677,0.4581005586592179,0.10986964618249534,400269.0,20406.0,8332.0,8011.0,41.7,2.5,0.765983860955928,0.234016139044072,0.0,0.078,96414.0,0.043637473298748855,0.07,0.084,0.2611353711790393,0.22270916334661356,0.01240694789081886,0.032898820608317815,0.142
T2E,0.28979837496238336,0.07132109539572676,0.6307553415588324,0.008125188083057478,5.2,0.06112616681722373,0.6436746987951807,0.1753012048192771,0.18102409638554218,449020.0,34729.0,17958.0,16619.0,37.1,2.0,0.5006020469596628,0.49939795304033713,0.0,0.13,75389.0,0.05933869526362824,0.065,0.092,0.24824275672895593,0.38167597765363126,0.015657934357121348,0.04667268894911172,0.168
T2G,0.17158176943699732,0.5301608579088471,0.2975871313672922,0.0006702412868632708,4.0,0.06510067114093959,0.4305835010060362,0.13078470824949698,0.4386317907444668,420688.0,14370.0,8593.0,7457.0,36.9,1.6,0.4268456375838926,0.5731543624161074,0.0,0.175,72123.0,0.0780399274047187,0.057,0.085,0.2349799732977303,0.49682264586943964,0.008053691275167786,0.03959731543624161,0.226
T2H,0.46690734055354993,0.15403128760529483,0.3778580024067389,0.0012033694344163659,5.6,0.05903614457831325,0.7581227436823105,0.12033694344163658,0.12154031287605295,401256.0,9372.0,4395.0,4157.0,40.6,2.2,0.5764139590854392,0.42358604091456076,0.0,0.12300000000000001,70353.0,0.028839704896042925,0.098,0.107,0.29908972691807545,0.3066546762589928,0.026474127557160047,0.0421179302045728,0.159
T2J,0.7385835384194696,0.01285206453377085,0.2430954334153678,0.005468963631391851,7.4,0.05521978021978022,0.7465678198791873,0.1872597473915431,0.06617243272926963,500361.0,46394.0,18714.0,18285.0,43.8,2.5,0.8063718758582807,0.19362812414171932,0.0,0.07,104463.0,0.08291962967932376,0.057999999999999996,0.091,0.31603468357706743,0.31192118226600984,0.00906344410876133,0.02361988464707498,0.138
T2K,0.5003394433129668,0.014256619144602852,0.4850644942294637,0.00033944331296673454,6.4,0.06693711967545639,0.8350794187225414,0.13382899628252787,0.03109158499493072,448538.0,35544.0,15376.0,14728.0,39.5,2.4,0.5961473470767151,0.40385265292328487,0.0,0.12300000000000001,77065.0,0.03453136011275546,0.091,0.10300000000000001,0.29707112970711297,0.2727928794803945,0.018255578093306288,0.04056795131845842,0.155
T2L,0.6284552845528455,0.11382113821138211,0.2577235772357724,0.0,6.4,0.03900414937759336,0.7817427385892116,0.07717842323651453,0.14107883817427386,552664.0,14214.0,6539.0,6146.0,38.2,2.3,0.624896265560166,0.375103734439834,0.0,0.109,85039.0,0.08092983211364614,0.061,0.10300000000000001,0.3351578947368421,0.5955882352941176,0.012437810945273632,0.03233830845771144,0.13
T2M,0.4490358126721763,0.01928374655647383,0.531129476584022,0.0005509641873278236,6.2,0.06274292059966685,0.6324264297612437,0.13770127706829538,0.22987229317046085,650567.0,21086.0,9925.0,9074.0,35.6,2.3,0.5641310383120489,0.43586896168795114,0.0,0.105,93346.0,0.10414853495793444,0.04,0.09,0.24915349887133184,0.5133384146341463,0.00832870627429206,0.034425319267073845,0.155
T2N,0.361159169550173,0.09775086505190311,0.5410899653979239,0.0,5.6,0.05415944540727903,0.6022530329289428,0.19150779896013864,0.20623916811091855,698980.0,26342.0,12601.0,11561.0,35.3,2.1,0.5151646447140381,0.4848353552859619,0.0,0.10300000000000001,93028.0,0.1475776397515528,0.028999999999999998,0.08199999999999999,0.2494566529823714,0.6457516339869281,0.00996533795493934,0.033795493934142114,0.138
T2P,0.060291060291060294,0.9029799029799029,0.03465003465003465,0.002079002079002079,3.7,0.054975643702157274,0.4461431549687283,0.27936066712995133,0.27449617790132036,500865.0,13056.0,8723.0,7215.0,35.1,1.8,0.2776617954070981,0.7223382045929019,0.0,0.191,66906.0,0.09487063095778484,0.035,0.087,0.2542589437819421,0.5517817371937639,0.03688239387613083,0.09805285118219749,0.225
T2R,0.0033407572383073497,0.8207126948775055,0.1759465478841871,0.0,3.5,0.05088495575221239,0.46022099447513815,0.22375690607734808,0.3160220994475138,354871.0,13879.0,10715.0,8981.0,32.6,1.5,0.34236725663716816,0.6576327433628318,0.0,0.135,78130.0,0.08076472883339836,0.03,0.077,0.15886099662795056,0.597890875745071,0.01658374792703151,0.042588495575221236,0.203
T2S,0.2656755009696186,0.26308985132514545,0.47123464770523593,0.0,5.1,0.057829759584145546,0.5880441845354126,0.20987654320987653,0.20207927225471084,698735.0,14637.0,8485.0,7727.0,36.6,1.9,0.4951267056530214,0.5048732943469786,0.0,0.08800000000000001,93829.0,0.17045908183632735,0.018000000000000002,0.078,0.22819823280829812,0.6421215242018538,0.003896103896103896,0.031818181818181815,0.149
T2T,0.28369527749052054,0.055498104102033784,0.6608066184074457,0.0,5.5,0.055823569951757405,0.5253360910031024,0.18028266115132713,0.2943812478455705,696986.0,29706.0,15860.0,14501.0,35.2,2.0,0.5592694693314956,0.4407305306685045,0.0,0.099,94878.0,0.16459884201819686,0.021,0.073,0.20475429484618457,0.5821311060491015,0.006549465701482247,0.033769813921433495,0.158
T2V,0.4689419795221843,0.14573378839590442,0.3849829351535836,0.00034129692832764505,6.2,0.058663028649386086,0.72978505629478,0.18219037871033777,0.08802456499488229,501563.0,33450.0,15417.0,14642.0,42.7,2.2,0.6159618008185539,0.3840381991814461,0.0,0.096,86426.0,0.09605043575004636,0.048,0.095,0.31674047829937996,0.4445337620578778,0.017053206002728513,0.041936583702693486,0.134
T2W,0.6303501945525292,0.0,0.36964980544747084,0.0,7.1,0.05810122791254867,0.640203714799281,0.3364289994008388,0.023367285799880167,440095.0,42377.0,17227.0,16703.0,40.6,2.5,0.7768124625524266,0.21749550629119233,0.005692031156381066,0.084,96252.0,0.062095350206003534,0.067,0.105,0.28836424957841483,0.33497133497133497,0.01078490113840623,0.03654883163571001,0.14800000000000002
T2X,0.7260226882090065,0.0,0.2739773117909935,0.0,7.1,0.024432209222298693,0.13936682725395733,0.358568479008947,0.5020646937370956,474166.0,43339.0,15029.0,14543.0,36.4,2.9,0.8820089439284485,0.11799105607155143,0.0,0.055,122127.0,0.08343868520859671,0.044000000000000004,0.095,0.24012567324955117,0.3751282577467679,0.014796971782518927,0.025799793601651185,0.14400000000000002
T2Y,0.7239645678716783,0.0007182188173330142,0.27531721331098874,0.0,6.5,0.028735632183908046,0.022977501196744854,0.4272379128769746,0.5497845859262805,439736.0,61344.0,21111.0,20886.0,37.2,2.9,0.8400766100071821,0.1599233899928178,0.0,0.07,109414.0,0.06207047016472128,0.054000000000000006,0.10300000000000001,0.2530826140567201,0.4012468121280816,0.032088122605363985,0.050993536030644,0.172
T2Z,0.7372516895351219,0.0,0.26254351832889616,0.00020479213598197828,6.8,0.020081967213114754,0.011473058799426348,0.3784060643310797,0.610120876869494,448828.0,68438.0,24669.0,24417.0,34.2,2.8,0.8757942201270752,0.12420577987292478,0.0,0.048,117750.0,0.06860522424839822,0.043,0.083,0.2018097841455368,0.3274488169670222,0.017008196721311476,0.03361344537815126,0.156
T3A,0.716547901821061,0.03774082871470045,0.24571126946423857,0.0,7.1,0.04441524310118265,0.3624901497241923,0.5408458103493564,0.09666403992645127,548903.0,53224.0,19393.0,18949.0,41.9,2.8,0.8126149802890933,0.1873850197109067,0.0,0.08199999999999999,111828.0,0.08892577661844914,0.054000000000000006,0.10099999999999999,0.3392976216937097,0.5192407247627265,0.0202365308804205,0.03391167192429022,0.136
T3B,0.552917903066271,0.02967359050445104,0.38608638311902405,0.03132212331025387,6.7,0.05496688741721854,0.6485591255382577,0.19708512752567076,0.15435574693607154,500479.0,37348.0,15638.0,15164.0,41.6,2.4,0.7103608076795763,0.2896391923204237,0.0,0.096,93475.0,0.08336198006187694,0.061,0.1,0.3125619834710744,0.4135463868352015,0.011920529801324504,0.02947019867549669,0.131
T3C,0.27755285650022493,0.22402159244264508,0.49842555105713,0.0,5.1,0.06389633601429848,0.6621983914209115,0.18007149240393208,0.1577301161751564,549239.0,23519.0,12429.0,11111.0,35.8,2.1,0.4615728328865058,0.5384271671134941,0.0,0.136,77165.0,0.07716618382933896,0.05,0.09,0.23319275613991566,0.4725490196078431,0.0232454179704962,0.05498435404559678,0.172
T3E,0.3918767507002801,0.0392156862745098,0.5689075630252101,0.0,6.1,0.04666107851355127,0.6626607043040805,0.16573504751257687,0.17160424818334266,550401.0,41415.0,18806.0,17855.0,37.8,2.3,0.6188879575300363,0.38111204246996366,0.0,0.109,87657.0,0.0861170701808152,0.057,0.091,0.26657844434641964,0.442643135645393,0.012297372833985467,0.03632299525006985,0.16699999999999998
T3G,0.7179797003383277,0.007249879168680522,0.27452875785403574,0.0002416626389560174,7.0,0.028985507246376812,0.11521739130434783,0.47995169082125605,0.4048309178743961,480798.0,59025.0,21018.0,20685.0,38.5,2.8,0.8485141338487557,0.15148586615124426,0.0,0.073,113563.0,0.08066852367688022,0.051,0.109,0.28595423052697877,0.48129302604010776,0.01836192316984779,0.03165015704276395,0.14400000000000002
T3H,0.6770938446014128,0.033097880928355194,0.2898082744702321,0.0,7.3,0.02542885973763875,0.057315842583249246,0.39737638748738646,0.5453077699293642,647505.0,71251.0,25098.0,24777.0,39.0,2.9,0.8894046417759839,0.11059535822401614,0.0,0.055,147903.0,0.17485396916594848,0.028999999999999998,0.10300000000000001,0.29298150163220893,0.6014538961867109,0.016145307769929364,0.025025227043390514,0.147
T3J,0.688504326328801,0.0,0.311495673671199,0.0,6.0,0.03317652884377321,0.10640930462756744,0.4214303390249938,0.47216035634743875,399437.0,77605.0,20910.0,20223.0,32.5,3.8,0.7465346534653465,0.25346534653465347,0.0,0.121,87555.0,0.007184966838614591,0.102,0.099,0.2787263103978146,0.29855444159477734,0.12354543203763307,0.15003713790542214,0.262
T3K,0.7159238024782689,0.0,0.2840761975217311,0.0,6.6,0.024949177601182777,0.10179198226491779,0.45058193238499905,0.44762608535008314,428767.0,80792.0,27353.0,27044.0,36.0,3.0,0.8270190352984661,0.1729809647015339,0.0,0.084,103054.0,0.04193709435846231,0.063,0.08800000000000001,0.2512365549187407,0.34146603611349957,0.030499075785582256,0.050452781371280724,0.18600000000000003
T3L,0.8662006989515726,0.0,0.13379930104842735,0.0,7.7,0.019568489713998997,0.023582538886101356,0.4882087305569493,0.4882087305569493,549185.0,30168.0,10093.0,10014.0,38.2,3.0,0.9317611640742599,0.0682388359257401,0.0,0.044000000000000004,144647.0,0.13231904103273398,0.035,0.084,0.2689277899343545,0.5357142857142857,0.007526342197691922,0.02106318956870612,0.11
T3M,0.7369382535622945,0.0,0.2630617464377055,0.0,6.8,0.007309941520467836,0.0014619883040935672,0.016812865497076022,0.9817251461988304,501537.0,40268.0,14202.0,13682.0,32.2,2.9,0.8790646693459993,0.12093533065400074,0.0,0.045,131886.0,0.09002695417789758,0.035,0.07400000000000001,0.1724435247456458,0.3863025036209394,0.012426900584795321,0.026671538180489587,0.168
T3N,0.5364583333333334,0.00390625,0.4596354166666667,0.0,5.5,0.003865979381443299,0.002574002574002574,0.0,0.9974259974259975,410397.0,12483.0,4042.0,3835.0,31.0,3.3,0.8941935483870967,0.10580645161290322,0.0,0.069,96012.0,0.012387387387387387,0.066,0.098,0.20527704485488127,0.37328094302554027,0.07989690721649484,0.09161290322580645,0.303
T3P,0.8032955715756952,0.018537590113285273,0.17816683831101957,0.0,6.6,0.009230769230769232,0.014358974358974359,0.015384615384615385,0.9702564102564103,499930.0,15578.0,5038.0,4859.0,32.6,3.1,0.9262295081967213,0.07377049180327869,0.0,0.055999999999999994,126016.0,0.05698005698005698,0.042,0.086,0.18018018018018017,0.42282608695652174,0.022540983606557378,0.035860655737704916,0.188
T3R,0.7643603133159269,0.0032637075718015664,0.23172323759791122,0.0006527415143603133,6.8,0.014257939079714841,0.040803108808290155,0.07901554404145078,0.8801813471502591,551241.0,23866.0,8045.0,7657.0,33.1,3.1,0.9112119248217757,0.08878807517822424,0.0,0.059000000000000004,127014.0,0.08493069890887643,0.032,0.08900000000000001,0.2289655172413793,0.4781981981981982,0.02916396629941672,0.03888528839922229,0.18899999999999997
T3S,1.0,0.0,0.0,0.0,9.0,0.08695652173913043,0.38095238095238093,0.5238095238095238,0.09523809523809523,699846.0,303.0,125.0,116.0,50.2,2.6,0.7727272727272727,0.22727272727272727,0.0,0.14800000000000002,91904.0,0.0784313725490196,0.038,0.051,0.3090909090909091,0.1388888888888889,0.0,0.0,0.17600000000000002
T3Z,0.9119669876203577,0.0,0.08390646492434663,0.0041265474552957355,9.6,0.042582417582417584,0.16758241758241757,0.4381868131868132,0.3942307692307692,1199075.0,11209.0,3736.0,3634.0,44.4,3.1,0.9314128943758574,0.06584362139917696,0.0027434842249657062,0.047,215168.0,0.2479627473806752,0.013999999999999999,0.094,0.3441095890410959,0.5167785234899329,0.0,0.01098901098901099,0.11800000000000001
T4A,0.7629046369203849,0.0,0.2169728783902012,0.020122484689413824,7.1,0.03051438535309503,0.17073170731707318,0.2804878048780488,0.5487804878048781,400528.0,16054.0,5878.0,5718.0,34.3,2.8,0.8578901482127289,0.14210985178727115,0.0,0.048,111275.0,0.05715477680433876,0.052000000000000005,0.08199999999999999,0.21306252489048189,0.17795275590551182,0.007846556233653008,0.02530541012216405,0.147
T4B,0.6701030927835051,0.00235640648011782,0.3228276877761414,0.00471281296023564,6.8,0.01887905604719764,0.1127508854781582,0.18919716646989373,0.698051948051948,400862.0,48548.0,17592.0,16974.0,33.4,2.8,0.8165732822176349,0.18342671778236508,0.0,0.057999999999999996,110569.0,0.05316676350958745,0.055,0.083,0.21441516799107765,0.22333272760312556,0.01327433628318584,0.03008849557522124,0.16399999999999998
T4C,0.6805433829973707,0.0,0.31463628396143734,0.004820333041191937,7.2,0.02328646748681898,0.1422924901185771,0.3039086517347387,0.5537988581466843,459079.0,30566.0,12051.0,11414.0,38.1,2.7,0.8624780316344464,0.1375219683655536,0.0,0.057,115860.0,0.08921206859127415,0.051,0.071,0.2637869574334242,0.2992978349912229,0.006148440931049627,0.013614404918752744,0.142
T4E,0.7831325301204819,0.0,0.15060240963855423,0.06626506024096386,7.8,0.05421686746987952,0.26785714285714285,0.2916666666666667,0.44047619047619047,696357.0,2252.0,911.0,831.0,37.5,2.7,0.8023952095808383,0.19760479041916168,0.0,0.069,118187.0,0.10588235294117647,0.033,0.078,0.24225352112676057,0.24279835390946503,0.0,0.012048192771084338,0.13699999999999998
T4G,0.7072649572649573,0.0,0.21047008547008547,0.08226495726495726,7.0,0.05690200210748156,0.44878563885955647,0.31045406546990495,0.24076029567053855,300840.0,12696.0,5494.0,4676.0,42.5,2.5,0.7945205479452054,0.2054794520547945,0.0,0.09300000000000001,80964.0,0.03415977961432507,0.106,0.08800000000000001,0.3238993710691824,0.11476725521669343,0.009483667017913594,0.026371308016877638,0.12300000000000001
T4H,0.6670092497430626,0.0,0.2538540596094553,0.07913669064748201,6.9,0.04855371900826446,0.4132231404958678,0.2737603305785124,0.3130165289256198,331957.0,12316.0,5212.0,4869.0,42.3,2.5,0.765495867768595,0.23450413223140495,0.0,0.092,80864.0,0.03894736842105263,0.099,0.081,0.29780724120346763,0.17637540453074432,0.011363636363636364,0.02169421487603306,0.14300000000000002
T4J,0.7435320584926884,0.0,0.17997750281214847,0.0764904386951631,7.0,0.08102108768035517,0.5055432372505543,0.27161862527716185,0.22283813747228381,290624.0,11373.0,4761.0,4445.0,39.9,2.5,0.7733333333333333,0.22111111111111112,0.005555555555555556,0.106,80610.0,0.03419811320754717,0.09699999999999999,0.086,0.3015783540022548,0.13215488215488216,0.014444444444444444,0.021111111111111112,0.154
T4L,0.7250396196513471,0.0,0.2076069730586371,0.06735340729001585,7.2,0.04549019607843137,0.3623529411764706,0.3184313725490196,0.3192156862745098,349190.0,17128.0,6947.0,6309.0,38.8,2.7,0.7872841444270016,0.21271585557299844,0.0,0.07400000000000001,92986.0,0.0511518937914877,0.079,0.09300000000000001,0.30717986676535897,0.18680089485458612,0.01098901098901099,0.02666666666666667,0.136
T4M,0.8080495356037152,0.0,0.18575851393188855,0.006191950464396285,6.9,0.005952380952380952,0.006006006006006006,0.02702702702702703,0.9669669669669669,350202.0,4742.0,1736.0,1606.0,29.5,3.0,0.8895522388059701,0.11044776119402985,0.0,0.04,121446.0,0.047839506172839504,0.044000000000000004,0.11900000000000001,0.16975748930099857,0.08673469387755102,0.008955223880597015,0.02976190476190476,0.161
T4N,0.4299706170421156,0.03819784524975514,0.5190989226248776,0.012732615083251714,5.9,0.07049608355091384,0.6420640104506858,0.2155453951665578,0.14239059438275636,320569.0,33829.0,16755.0,15311.0,38.9,2.2,0.5189295039164491,0.4810704960835509,0.0,0.14800000000000002,65488.0,0.034584797484742004,0.095,0.10400000000000001,0.3093130311614731,0.17101827676240208,0.016318537859007835,0.04569190600522193,0.152
T4P,0.515422077922078,0.0,0.4172077922077922,0.06737012987012987,6.5,0.03606158833063209,0.26661264181523503,0.30510534846029175,0.4282820097244733,329931.0,32478.0,12802.0,12315.0,34.3,2.6,0.6896272285251216,0.31037277147487846,0.0,0.102,88433.0,0.03274974253347065,0.08199999999999999,0.11599999999999999,0.2577645895153314,0.15879120879120878,0.014175779667881734,0.03484602917341977,0.13699999999999998
T4R,0.6781002638522428,0.0003769317753486619,0.3083301922352054,0.013192612137203167,7.2,0.025388404698749527,0.10576194086429112,0.33965125094768767,0.5545868081880212,378987.0,36570.0,13663.0,13260.0,36.4,2.7,0.8093974990526714,0.19060250094732853,0.0,0.055,109802.0,0.06477584629460201,0.055999999999999994,0.084,0.2521186440677966,0.2511166253101737,0.007578628268283441,0.02197802197802198,0.126
T4S,0.6959328599096191,0.001936733376371853,0.2304712717882505,0.07165913492575855,7.1,0.041157556270096464,0.20064308681672025,0.3221864951768489,0.47717041800643084,380157.0,20374.0,9155.0,7747.0,34.9,2.6,0.7729903536977492,0.22700964630225082,0.0,0.083,99962.0,0.06303630363036304,0.059000000000000004,0.12300000000000001,0.26343917007230433,0.12794759825327512,0.00964630225080386,0.017363344051446947,0.151
T4T,0.731610337972167,0.0,0.15308151093439365,0.11530815109343936,6.7,0.09655172413793103,0.361576354679803,0.3536945812807882,0.28472906403940884,344983.0,13389.0,5433.0,5029.0,37.7,2.6,0.767487684729064,0.1665024630541872,0.06600985221674877,0.09,84964.0,0.051269035532994923,0.087,0.13699999999999998,0.32433734939759035,0.12472487160674982,0.019704433497536946,0.042364532019704436,0.14400000000000002
T4V,0.6442417331812998,0.007411630558722919,0.3278221208665906,0.020524515393386546,6.5,0.05784650630011455,0.47594501718213056,0.23825887743413515,0.28579610538373423,300451.0,20843.0,9243.0,8769.0,41.9,2.3,0.6805953062392673,0.31940469376073266,0.0,0.098,75755.0,0.032618825722273995,0.11199999999999999,0.091,0.33818622990597513,0.19734904270986744,0.010309278350515464,0.02004581901489118,0.121
T4X,0.8360413589364845,0.0,0.15731166912850814,0.0066469719350073855,7.7,0.02514792899408284,0.16272189349112426,0.24778106508875739,0.5894970414201184,455238.0,20715.0,7279.0,6765.0,34.2,3.1,0.8736141906873615,0.12638580931263857,0.0,0.042,135534.0,0.08729619565217392,0.044000000000000004,0.07400000000000001,0.22786458333333334,0.20806520806520806,0.008875739644970414,0.025887573964497042,0.115
T5A,0.40400296515937734,0.009266123054114159,0.5833951074870274,0.003335804299481097,5.9,0.05455215628455584,0.5770648967551623,0.2448377581120944,0.17809734513274336,311234.0,35049.0,14221.0,13484.0,36.0,2.6,0.612094395280236,0.387905604719764,0.0,0.14300000000000002,78096.0,0.015648854961832062,0.115,0.10099999999999999,0.32142857142857145,0.15594187856772185,0.032079646017699116,0.07853982300884955,0.156
T5B,0.48937677053824363,0.009206798866855524,0.5014164305949008,0.0,5.3,0.10880458124552612,0.7236936292054402,0.14531138153185397,0.1309949892627058,296559.0,15746.0,8036.0,7063.0,38.8,2.2,0.5050071530758226,0.4949928469241774,0.0,0.19,59672.0,0.00986971969996052,0.14400000000000002,0.114,0.34860633829705995,0.1927710843373494,0.02074391988555079,0.07945597709377238,0.159
T5C,0.6288743882544862,0.010603588907014683,0.3605220228384992,0.0,6.3,0.07242798353909465,0.8159408381265407,0.161873459326212,0.02218570254724733,348239.0,16192.0,6526.0,6135.0,39.7,2.6,0.6378600823045267,0.36213991769547327,0.0,0.161,71997.0,0.013563501849568433,0.145,0.10800000000000001,0.38108320251177397,0.12337259764414135,0.03782894736842105,0.09292763157894737,0.134
T5E,0.5322715842414082,0.010058675607711651,0.4572506286672255,0.00041911148365465214,6.1,0.07244556113902847,0.795483061480552,0.09410288582183186,0.11041405269761606,340987.0,32242.0,12636.0,11930.0,37.8,2.6,0.5933835845896147,0.40661641541038523,0.0,0.153,75027.0,0.015664690939881456,0.129,0.10400000000000001,0.3477570464470028,0.17428998505231688,0.0347571189279732,0.07705192629815745,0.151
T5G,0.47841409691629955,0.006167400881057269,0.5145374449339207,0.000881057268722467,5.2,0.13426329555361813,0.7811682650392328,0.11246730601569312,0.10636442894507411,299476.0,12793.0,6573.0,5669.0,37.2,2.2,0.45422842197035745,0.5457715780296426,0.0,0.184,57632.0,0.00740009866798224,0.12300000000000001,0.115,0.2937671860678277,0.2252989301447451,0.02877070619006103,0.1002615518744551,0.21100000000000002
T5H,0.109375,0.13147865853658536,0.7591463414634146,0.0,3.9,0.09360730593607305,0.5721355157974877,0.2379139703083365,0.18995051389417586,300212.0,26290.0,15596.0,13111.0,36.5,1.8,0.23715264560334984,0.7628473543966502,0.0,0.24,49981.0,0.01765571358509073,0.12,0.115,0.3070072650574174,0.27883120920111903,0.04528158295281583,0.1312785388127854,0.185
T5J,0.0015625,0.73125,0.2671875,0.0,3.1,0.05701078582434515,0.47692307692307695,0.16153846153846155,0.36153846153846153,349428.0,5281.0,3930.0,3204.0,31.8,1.5,0.24807395993836673,0.7519260400616333,0.0,0.23399999999999999,59159.0,0.044543429844097995,0.045,0.068,0.23834745762711865,0.6296296296296297,0.030816640986132512,0.09090909090909091,0.304
T5K,0.017223198594024606,0.7093145869947276,0.2734622144112478,0.0,3.6,0.06711173576950105,0.5467651195499297,0.24578059071729957,0.20745428973277075,311186.0,22814.0,15770.0,14230.0,36.4,1.5,0.3272407732864675,0.6727592267135325,0.0,0.157,64284.0,0.04713470602828082,0.057,0.068,0.24007697859032956,0.5045662100456622,0.012302284710017574,0.06397188049209139,0.22699999999999998
T5L,0.6852281515854601,0.0,0.3139984532095901,0.0007733952049497294,6.3,0.108003108003108,0.8043478260869565,0.11801242236024845,0.07763975155279502,330591.0,17124.0,6841.0,6461.0,39.3,2.5,0.6467391304347826,0.3532608695652174,0.0,0.114,79574.0,0.013571151609150834,0.10800000000000001,0.102,0.30942698706099814,0.1581713084603258,0.021756021756021756,0.0675990675990676,0.155
T5M,0.40120210368144255,0.024793388429752067,0.5740045078888054,0.0,5.3,0.10695587135377711,0.7911676646706587,0.13547904191616766,0.07335329341317365,399784.0,15261.0,7342.0,6658.0,38.9,2.1,0.4405385190725505,0.5594614809274495,0.0,0.146,66816.0,0.02693310165073849,0.095,0.102,0.2596593269630245,0.31670403587443946,0.02245508982035928,0.08302169035153328,0.139
T5N,0.4558610709117221,0.21635311143270622,0.32778581765557163,0.0,5.9,0.09544468546637744,0.7371841155234657,0.1220216606498195,0.1407942238267148,473711.0,14579.0,7670.0,6912.0,39.0,2.1,0.5755603759942155,0.4244396240057845,0.0,0.095,83825.0,0.09766277128547579,0.043,0.076,0.26752618855761484,0.4632183908045977,0.01012292118582791,0.039045553145336226,0.154
T5P,0.4221621621621622,0.008108108108108109,0.5697297297297297,0.0,5.3,0.08982683982683982,0.7283549783549783,0.17045454545454544,0.10119047619047619,324250.0,21557.0,10130.0,9251.0,39.2,2.3,0.447809626825311,0.552190373174689,0.0,0.157,63206.0,0.009077598828696925,0.132,0.107,0.3129536571747627,0.17548746518105848,0.035173160173160176,0.09464575446187128,0.203
T5R,0.686135093956323,0.05840528186896902,0.25545962417470797,0.0,6.8,0.07877237851662404,0.8685421994884911,0.08132992327365729,0.05012787723785166,401323.0,25867.0,10211.0,9848.0,41.6,2.5,0.6871165644171779,0.3128834355828221,0.0,0.08800000000000001,93104.0,0.06309944472488642,0.067,0.07200000000000001,0.3085465958474167,0.36107091172214184,0.02608695652173913,0.059846547314578,0.127
T5S,0.3053435114503817,0.002544529262086514,0.16539440203562342,0.5267175572519084,6.0,0.06598984771573604,0.2582278481012658,0.1569620253164557,0.5848101265822785,275605.0,4843.0,2086.0,1964.0,36.0,2.3,0.9263959390862944,0.07360406091370558,0.0,0.061,99986.0,0.043478260869565216,0.07400000000000001,0.064,0.2444733420026008,0.21043478260869566,0.005063291139240506,0.015228426395939087,0.131
T5T,0.47780779621767655,0.039945966808182166,0.48205326128907755,0.00019297568506368199,6.2,0.037935682649720776,0.3258859784283513,0.3464946070878274,0.32761941448382126,399796.0,69914.0,27047.0,25910.0,35.8,2.7,0.6955517042172155,0.30444829578278454,0.0,0.095,92226.0,0.03553633543292282,0.075,0.079,0.26519878766268495,0.3036477987421384,0.031003273637589063,0.06547275178124398,0.175
T5V,0.9,0.0,0.1,0.0,7.6,0.25,0.5555555555555556,0.4444444444444444,0.0,551711.0,146.0,52.0,49.0,40.5,2.8,1.0,0.0,0.0,,108416.0,,,0.222,0.25,0.14285714285714285,0.0,0.0,
T5W,0.6595365418894831,0.0,0.3404634581105169,0.0,6.4,0.0932857991681521,0.8147268408551069,0.14251781472684086,0.04275534441805225,320084.0,20652.0,8971.0,8414.0,39.0,2.4,0.6524064171122995,0.34759358288770054,0.0,0.156,74406.0,0.020306154326772883,0.124,0.11699999999999999,0.34663490172721856,0.17281303602058318,0.024346793349168647,0.06532066508313539,0.153
T5X,0.5719645293315143,0.0,0.4276944065484311,0.00034106412005457026,6.5,0.050511945392491465,0.4626407369498465,0.28181508017741386,0.25554418287273967,366208.0,41912.0,15073.0,14662.0,35.6,2.8,0.7422328439740525,0.2577671560259474,0.0,0.132,90458.0,0.02245362837617963,0.1,0.087,0.31844091819442305,0.19689119170984457,0.03310580204778157,0.05802047781569966,0.163
T5Y,0.5242386575512741,0.00435052827843381,0.4362958359229335,0.03511497824735861,6.1,0.034858387799564274,0.16205287713841368,0.256298600311042,0.5816485225505443,379547.0,45947.0,17081.0,16083.0,32.7,2.8,0.7310924369747899,0.2689075630252101,0.0,0.08800000000000001,96940.0,0.027818448023426062,0.073,0.095,0.24186369958275383,0.21317682695948503,0.03579209461562403,0.07718643012760659,0.177
T5Z,0.7706653225806451,0.0,0.22933467741935484,0.0,6.8,0.02216624685138539,0.028240040342914774,0.4276348966212809,0.5441250630358043,410094.0,30715.0,10503.0,9920.0,35.9,3.1,0.891633064516129,0.10836693548387097,0.0,0.07,112293.0,0.032828821146877,0.069,0.07400000000000001,0.26948775055679286,0.20957048140674547,0.024193548387096774,0.047379032258064516,0.158
T6A,0.6559743384121892,0.034482758620689655,0.3095429029671211,0.0,6.6,0.07315112540192927,0.8707865168539326,0.08186195826645265,0.04735152487961477,411300.0,14767.0,6759.0,6241.0,42.9,2.3,0.6744372990353698,0.32556270096463025,0.0,0.08900000000000001,89041.0,0.04143763213530655,0.084,0.083,0.31816334823242587,0.31093463653023823,0.014469453376205787,0.0321285140562249,0.125
T6B,0.7119700748129676,0.0,0.27680798004987534,0.011221945137157107,6.8,0.05541871921182266,0.8731527093596059,0.0480295566502463,0.07881773399014778,399845.0,9503.0,4257.0,4011.0,43.6,2.3,0.7733990147783252,0.22660098522167488,0.0,0.068,89168.0,0.0342156229825694,0.095,0.099,0.34674922600619196,0.2756964457252642,0.011083743842364532,0.03078817733990148,0.11699999999999999
T6C,0.5403659849300323,0.04790096878363832,0.4117330462863294,0.0,6.0,0.08531317494600432,0.7296276308688613,0.14085267134376686,0.12951969778737182,401099.0,20587.0,10001.0,9287.0,39.4,2.1,0.5720453318942256,0.4279546681057744,0.0,0.08900000000000001,82109.0,0.045619335347432025,0.07,0.083,0.27061931317874965,0.3914120561519405,0.007555315704263357,0.03185745140388769,0.17600000000000002
T6E,0.24794069192751236,0.1630971993410214,0.5889621087314663,0.0,4.7,0.07390586292320396,0.691036761668732,0.19661296984717058,0.11235026848409747,399731.0,22674.0,13932.0,12143.0,33.2,1.8,0.3750516315572078,0.6249483684427922,0.0,0.13699999999999998,66823.0,0.03937007874015748,0.055,0.081,0.22412947523295734,0.5081368316174029,0.013625103220478944,0.051610239471511145,0.17800000000000002
T6G,0.3475836431226766,0.354089219330855,0.2983271375464684,0.0,5.5,0.08103130755064457,0.6,0.22857142857142856,0.17142857142857143,640111.0,12634.0,6636.0,5377.0,28.2,2.1,0.3824884792626728,0.6175115207373272,0.0,0.20600000000000002,67772.0,0.08210096889342172,0.038,0.087,0.3330157217722725,0.7134831460674157,0.008294930875576038,0.06912442396313365,0.14
T6H,0.434906427990236,0.09723352318958503,0.467860048820179,0.0,6.0,0.061149612719119444,0.7381729200652528,0.1729200652528548,0.08890701468189233,459242.0,30171.0,13127.0,12287.0,35.1,2.4,0.5053017944535073,0.4946982055464927,0.0,0.126,83508.0,0.056451612903225805,0.064,0.087,0.29959758551307847,0.49636363636363634,0.03588907014681892,0.07422512234910278,0.11800000000000001
T6J,0.5082948055480011,0.05602393255371226,0.43568126189828665,0.0,6.4,0.05872756933115824,0.5462459194776932,0.381936887921654,0.07181719260065289,429646.0,47109.0,19266.0,18391.0,39.8,2.5,0.6349551508562109,0.3650448491437891,0.0,0.109,87936.0,0.0524451709576352,0.075,0.087,0.3304986470815617,0.45387083834737263,0.034792063060614296,0.06552474170744971,0.133
T6K,0.5016900048285853,0.010622887493964268,0.478512795750845,0.009174311926605505,6.5,0.06714975845410628,0.7684871918801354,0.20347994200096664,0.02803286611889802,348545.0,29838.0,10669.0,10349.0,36.0,2.8,0.6661835748792271,0.3338164251207729,0.0,0.14400000000000002,83108.0,0.0156645934116563,0.11599999999999999,0.10800000000000001,0.3210594315245478,0.22628427355814687,0.057004830917874394,0.0893719806763285,0.156
T6L,0.6150168728908887,0.011811023622047244,0.3728908886389201,0.00028121484814398203,6.6,0.05343082114735658,0.3396120326117515,0.5906662918189486,0.06972167556929997,349431.0,51562.0,18415.0,17779.0,36.5,2.9,0.734533183352081,0.265466816647919,0.0,0.099,91351.0,0.019316304485957555,0.09300000000000001,0.096,0.28494430470715054,0.23059866962305986,0.03543307086614173,0.06524184476940383,0.159
T6M,0.746292372881356,0.024364406779661018,0.22828389830508475,0.001059322033898305,7.2,0.022245762711864406,0.07370095440084835,0.30593849416755037,0.6203605514316013,480107.0,28187.0,10006.0,9445.0,36.0,2.9,0.895656779661017,0.10434322033898305,0.0,0.047,129128.0,0.08222433460076045,0.036000000000000004,0.06,0.24096109839816934,0.39237738206810374,0.026483050847457626,0.029115934356802542,0.152
T6N,,,,,,,,,,,25.0,1.0,1.0,,,,,,,,,,,,,,,
T6P,0.023668639053254437,0.0,0.0,0.9763313609467456,5.3,0.1569767441860465,0.5290697674418605,0.22674418604651161,0.2441860465116279,90056.0,1798.0,884.0,846.0,48.2,2.1,0.8713450292397661,0.1286549707602339,0.0,0.12,68267.0,0.006688963210702341,0.146,0.092,0.3510971786833856,0.041474654377880185,0.0,0.029069767441860465,0.102
T6R,0.6692581794622611,0.003239390994493035,0.3275024295432459,0.0,7.0,0.017179902755267422,0.008427876823338737,0.3325769854132901,0.6589951377633712,530257.0,45145.0,16082.0,15436.0,38.3,2.9,0.8573743922204214,0.1426256077795786,0.0,0.051,135503.0,0.11341427302339355,0.037000000000000005,0.067,0.28609588078166737,0.5410931174089069,0.018476499189627228,0.0311284046692607,0.141
T6S,0.875,0.0,0.0,0.125,6.8,0.0,0.25,0.0,0.75,,96.0,54.0,40.0,31.6,2.1,1.0,0.0,0.0,,104704.0,,,0.0,0.23076923076923078,0.4,0.0,0.0,
T6T,0.6324942791762014,0.0,0.36704805491990844,0.0004576659038901602,5.9,0.013248058474189127,0.00548195523069895,0.1658291457286432,0.8286888990406578,401372.0,37150.0,11270.0,10919.0,32.0,3.4,0.8347031963470319,0.16529680365296803,0.0,0.065,106116.0,0.024858757062146894,0.063,0.08800000000000001,0.23776839141147482,0.3331759149940968,0.07720420283234354,0.09315068493150686,0.22699999999999998
T6V,0.6883018867924529,0.0,0.31169811320754715,0.0,6.1,0.029567854435178165,0.006823351023502654,0.1910538286580743,0.8021228203184231,401371.0,19927.0,6895.0,6621.0,33.5,3.0,0.838001514004542,0.161998485995458,0.0,0.066,109764.0,0.03482417207237965,0.06,0.069,0.23939986953685582,0.27316224445411047,0.02878787878787879,0.043214556482183475,0.17600000000000002
T6W,0.5092202318229716,0.021865121180189673,0.4686512118018967,0.00026343519494204424,5.8,0.009217803529101922,0.0044795783926218705,0.03820816864295125,0.9573122529644269,438941.0,50904.0,21001.0,18977.0,32.3,2.7,0.8098498814853832,0.1901501185146168,0.0,0.06,112867.0,0.06741424802110818,0.038,0.077,0.21039354187689202,0.4622366288492707,0.02238020010531859,0.04029496971293126,0.19
T6X,0.5568326947637292,0.001277139208173691,0.44189016602809705,0.0,5.9,0.00641025641025641,0.008539709649871904,0.016652433817250213,0.9748078565328779,411529.0,35649.0,12428.0,11747.0,31.2,3.0,0.8210930828351836,0.1789069171648164,0.0,0.05,115279.0,0.04515115822536317,0.043,0.08199999999999999,0.18005229734777736,0.39271630712131755,0.04527979495941905,0.05681332763776164,0.19699999999999998
T7A,0.6561443066516347,0.0,0.1544532130777903,0.18940248027057496,6.9,0.06480446927374302,0.39485458612975394,0.29082774049217003,0.3143176733780761,348187.0,11756.0,4872.0,4440.0,35.6,2.6,0.8335195530726257,0.1664804469273743,0.0,0.078,99285.0,0.0625,0.06,0.107,0.2611260053619303,0.11845102505694761,0.0111731843575419,0.02346368715083799,0.122
T7E,0.6488479262672812,0.0,0.16497695852534563,0.18617511520737326,6.7,0.07383177570093458,0.441534144059869,0.29186155285313375,0.2666043030869972,348519.0,13989.0,6079.0,5426.0,37.0,2.5,0.7616822429906542,0.2383177570093458,0.0,0.07400000000000001,102819.0,0.06591337099811675,0.068,0.10400000000000001,0.26198083067092653,0.12152553329023917,0.007469654528478058,0.031746031746031744,0.106
T7N,0.7736757624398074,0.0,0.17656500802568217,0.04975922953451043,6.9,0.07667731629392971,0.5625,0.2403846153846154,0.1971153846153846,275355.0,7795.0,3256.0,3119.0,44.7,2.4,0.7808,0.2192,0.0,0.11,70726.0,0.023076923076923078,0.127,0.064,0.35130718954248363,0.12601626016260162,0.0048,0.022364217252396165,0.14400000000000002
T7P,0.7406779661016949,0.001694915254237288,0.1864406779661017,0.0711864406779661,6.7,0.07106598984771574,0.5847457627118644,0.26949152542372884,0.14576271186440679,276416.0,7536.0,3182.0,2950.0,44.4,2.4,0.7033898305084746,0.2966101694915254,0.0,0.132,63744.0,0.025594149908592323,0.142,0.075,0.3685589519650655,0.13802816901408452,0.01015228426395939,0.02711864406779661,0.135
T7S,0.5974165769644779,0.0,0.2163616792249731,0.18622174381054898,6.8,0.05399568034557235,0.32,0.3308108108108108,0.3491891891891892,358781.0,12691.0,5171.0,4645.0,33.8,2.7,0.734341252699784,0.265658747300216,0.0,0.081,110243.0,0.06220095693779904,0.053,0.129,0.2177293934681182,0.12230715774843641,0.016198704103671708,0.026997840172786176,0.11199999999999999
T7V,0.5864123957091776,0.0,0.266984505363528,0.1466030989272944,6.7,0.07109004739336493,0.514792899408284,0.3467455621301775,0.13846153846153847,341847.0,10575.0,4652.0,4197.0,37.7,2.5,0.7497034400948992,0.25029655990510086,0.0,0.067,102284.0,0.035561005518087066,0.071,0.073,0.26540284360189575,0.14754098360655737,0.011848341232227487,0.02965599051008304,0.106
T7X,0.6690670006261741,0.010018785222291797,0.265184721352536,0.05572949279899812,6.9,0.04335620711166563,0.2374414976599064,0.22433697347893916,0.5382215288611545,380755.0,44071.0,16767.0,15968.0,34.8,2.7,0.7778471138845554,0.20280811232449297,0.019344773790951637,0.057999999999999996,107799.0,0.05789473684210526,0.066,0.083,0.2669510222091484,0.15778517901748543,0.011544461778471139,0.034633385335413415,0.129
T7Y,0.9854166666666667,0.0,0.0020833333333333333,0.0125,8.4,0.059322033898305086,0.39451476793248946,0.33122362869198313,0.2742616033755274,648797.0,6891.0,2495.0,2406.0,45.2,2.9,0.9429175475687104,0.05708245243128964,0.0,0.044000000000000004,140186.0,0.11775700934579439,0.044000000000000004,0.08,0.3034300791556728,0.20367936925098554,0.004228329809725159,0.012684989429175475,0.13699999999999998
T7Z,0.7357910906298003,0.006656426011264721,0.22836661546338966,0.029185867895545316,7.0,0.04681069958847737,0.2812339331619537,0.29048843187660667,0.4282776349614396,400067.0,26014.0,10269.0,9765.0,39.6,2.6,0.8082262210796916,0.19177377892030847,0.0,0.073,101667.0,0.06000508517670989,0.075,0.092,0.30306021717670284,0.13765477057538236,0.00720164609053498,0.021593830334190232,0.133
T8A,0.8623910336239103,0.0136986301369863,0.12359900373599003,0.00031133250311332503,7.9,0.04044803982576229,0.514934660858743,0.2809583074051027,0.20410703173615433,427261.0,43987.0,16225.0,16057.0,41.2,2.7,0.8907563025210085,0.1092436974789916,0.0,0.039,123136.0,0.07885514018691589,0.059000000000000004,0.07,0.29122265844083006,0.2617204301075269,0.004044803982576229,0.012134411947728687,0.10800000000000001
T8B,0.9421296296296297,0.0,0.04861111111111111,0.009259259259259259,9.2,0.03944315545243619,0.33178654292343385,0.35498839907192575,0.31322505800464034,851316.0,6440.0,2228.0,2156.0,46.2,3.0,0.9534883720930233,0.046511627906976744,0.0,0.034,178586.0,0.174373795761079,0.024,0.039,0.3361034164358264,0.36415362731152207,0.009280742459396751,0.018561484918793503,0.132
T8C,0.9869706840390879,0.0,0.0,0.013029315960912053,8.3,0.07692307692307693,0.5080385852090032,0.3054662379421222,0.1864951768488746,601488.0,4502.0,1575.0,1537.0,43.9,2.9,0.9581993569131833,0.04180064308681672,0.0,0.04,144448.0,0.10511363636363637,0.044000000000000004,0.067,0.28610354223433243,0.18962075848303392,0.006430868167202572,0.00641025641025641,0.098
T8E,0.9805309734513274,0.0,0.0017699115044247787,0.017699115044247787,8.1,0.07295373665480427,0.4875444839857651,0.33451957295373663,0.17793594306049823,576920.0,8104.0,2910.0,2825.0,42.6,2.9,0.948306595365419,0.05169340463458111,0.0,0.049,135485.0,0.09935897435897435,0.05,0.066,0.2858231707317073,0.16591928251121077,0.0071174377224199285,0.019572953736654804,0.13699999999999998
T8G,0.9716713881019831,0.0,0.0028328611898017,0.025495750708215296,7.6,0.09169054441260745,0.4498567335243553,0.332378223495702,0.2177650429799427,481037.0,4848.0,1881.0,1769.0,41.9,2.7,0.9713467048710601,0.02865329512893983,0.0,0.045,126413.0,0.07723035952063914,0.05,0.07,0.2705128205128205,0.16666666666666666,0.0,0.02,0.11800000000000001
T8H,0.5835667600373483,0.008403361344537815,0.34173669467787116,0.06629318394024276,6.7,0.018682858477347034,0.021962616822429906,0.2995327102803738,0.6785046728971963,425913.0,28688.0,10978.0,10710.0,36.3,2.6,0.844465203176086,0.15553479682391405,0.0,0.039,120683.0,0.07971698113207547,0.055,0.061,0.24320652173913043,0.26519513755598206,0.009341429238673517,0.02475478748248482,0.114
T8L,0.6674950298210736,0.0,0.32952286282306165,0.002982107355864811,6.9,0.030333167578319244,0.3635007458975634,0.15912481352560914,0.47737444057682743,390912.0,26423.0,10797.0,10057.0,35.1,2.6,0.764793635007459,0.23520636499254102,0.0,0.049,117035.0,0.08756919979869149,0.06,0.071,0.26669893514036785,0.15863247863247865,0.0044731610337972166,0.019880715705765408,0.096
T8N,0.7317887706115633,0.005844291379670215,0.26215821331663536,0.0002087246921310791,7.6,0.04009187721862602,0.38183716075156576,0.36409185803757826,0.254070981210856,421421.0,65527.0,24439.0,23947.0,40.7,2.7,0.8442263520567969,0.15577364794320317,0.0,0.043,119918.0,0.0750723769591694,0.059000000000000004,0.066,0.27824087381431445,0.2981500071705148,0.005011484652328252,0.018789144050104383,0.11599999999999999
T8R,0.7967557251908397,0.006679389312977099,0.14599236641221375,0.05057251908396947,7.3,0.05608365019011407,0.33396584440227706,0.2675521821631879,0.3984819734345351,361043.0,15088.0,5488.0,5233.0,35.1,2.9,0.8309591642924976,0.1291547958214625,0.039886039886039885,0.05,110045.0,0.04459770114942529,0.07,0.079,0.2646420824295011,0.10985074626865672,0.009505703422053232,0.030418250950570342,0.125
T8S,0.6405990016638935,0.0,0.27287853577371046,0.08652246256239601,6.6,0.07692307692307693,0.5208681135225376,0.27378964941569284,0.20534223706176963,348529.0,8007.0,3377.0,3007.0,33.9,2.6,0.6622073578595318,0.3377926421404682,0.0,0.085,104672.0,0.05099394987035436,0.06,0.08199999999999999,0.2365038560411311,0.20657276995305165,0.021739130434782608,0.02847571189279732,0.126
T8T,0.961456102783726,0.0,0.0021413276231263384,0.03640256959314775,8.9,0.047311827956989246,0.35344827586206895,0.34698275862068967,0.2995689655172414,699681.0,7037.0,2500.0,2335.0,43.6,3.0,0.9356223175965666,0.06437768240343347,0.0,0.045,149547.0,0.13104089219330856,0.038,0.066,0.28046594982078854,0.22038567493112948,0.004301075268817204,0.0064516129032258064,0.111
T8V,0.5155400155400155,0.01282051282051282,0.44716394716394714,0.024475524475524476,6.0,0.06805877803557618,0.49303944315545245,0.24323279195668987,0.2637277648878577,279780.0,31893.0,14508.0,12865.0,33.3,2.4,0.5375096674400619,0.46249033255993816,0.0,0.098,86386.0,0.027904092600248037,0.07400000000000001,0.113,0.23994424532058942,0.15016592920353983,0.015461925009663703,0.04599922690374952,0.147
T8W,0.8308321964529332,0.0,0.12141882673942701,0.047748976807639835,7.3,0.023923444976076555,0.06288448393711552,0.303485987696514,0.6336295283663704,365085.0,21466.0,7796.0,7338.0,31.7,2.9,0.8181818181818182,0.18181818181818182,0.0,0.040999999999999995,135439.0,0.08416,0.033,0.07200000000000001,0.20362965241464165,0.19020639417239985,0.007518796992481203,0.018467852257181942,0.11
T8X,0.7315789473684211,0.0,0.15789473684210525,0.11052631578947368,7.1,0.03320754716981132,0.0582010582010582,0.2199546485260771,0.7218442932728647,365002.0,19287.0,7214.0,6645.0,31.4,2.9,0.8257918552036199,0.17420814479638008,0.0,0.048,129015.0,0.07602764641687887,0.040999999999999995,0.087,0.1900739176346357,0.16720109940448924,0.00830188679245283,0.017345399698340876,0.134
T9A,0.6490384615384616,0.0008012820512820513,0.3125,0.03766025641025641,6.6,0.07716785998408911,0.5699523052464229,0.26629570747217807,0.16375198728139906,274781.0,15660.0,6736.0,6236.0,42.0,2.4,0.6817820206841687,0.31821797931583135,0.0,0.124,70968.0,0.022108843537414966,0.131,0.08900000000000001,0.33791987049777417,0.1360759493670886,0.00954653937947494,0.03659506762132061,0.177
T9C,0.7766143106457243,0.0,0.17975567190226877,0.04363001745200698,6.9,0.08635578583765112,0.6896551724137931,0.19655172413793104,0.11379310344827587,265952.0,6831.0,3219.0,2866.0,44.4,2.3,0.7206896551724138,0.2793103448275862,0.0,0.11,72661.0,0.026794258373205742,0.124,0.08,0.33604336043360433,0.14793741109530584,0.0051813471502590676,0.024179620034542316,0.155
T9E,0.6521920668058455,0.0325678496868476,0.2801670146137787,0.03507306889352818,6.6,0.03946263643996641,0.3157010915197313,0.17884130982367757,0.5054575986565911,359478.0,31710.0,13006.0,11968.0,35.3,2.6,0.746118338229123,0.25388166177087707,0.0,0.068,101754.0,0.050221565731166914,0.07400000000000001,0.092,0.2630181743924852,0.15413425525785077,0.014273719563392108,0.033585222502099076,0.149
T9G,0.8041825095057035,0.0,0.18631178707224336,0.009505703422053232,7.0,0.04716981132075472,0.4660377358490566,0.2320754716981132,0.3018867924528302,340919.0,7159.0,2757.0,2634.0,38.3,2.7,0.776937618147448,0.22306238185255198,0.0,0.069,100636.0,0.04307116104868914,0.077,0.099,0.26831421006178285,0.1136079900124844,0.011320754716981131,0.033962264150943396,0.142
T9H,0.3871769383697813,0.04671968190854871,0.45278330019880714,0.11332007952286283,6.1,0.06322127446061214,0.5055220883534136,0.2103413654618474,0.28413654618473894,539296.0,26732.0,12129.0,10054.0,34.8,2.6,0.5900652282990466,0.39889613647767186,0.011038635223281485,0.055999999999999994,170667.0,0.20529327610872675,0.027999999999999997,0.07200000000000001,0.2276735247569523,0.1864125932062966,0.030591775325977934,0.07977922729553437,0.106
T9J,0.35611510791366907,0.0,0.6438848920863309,0.0,,,,,,,3630.0,1780.0,1382.0,34.3,2.6,,,,0.048,180429.0,0.21099290780141844,0.026000000000000002,,,,,,
T9K,0.5827178729689808,0.00812407680945347,0.30576070901033975,0.103397341211226,6.9,0.027992633517495397,0.0662739322533137,0.20655375552282768,0.7271723122238586,673827.0,39305.0,15844.0,13541.0,32.1,2.9,0.7399631675874769,0.260036832412523,0.0,0.032,216260.0,0.30215703192407245,0.019,0.063,0.21244284781188766,0.2548904538341158,0.014364640883977901,0.03683241252302026,0.081
T9M,0.7140729709605361,0.0,0.23454951600893523,0.05137751303052867,6.8,0.08962962962962963,0.3168023686158401,0.2694300518134715,0.4137675795706884,360215.0,18253.0,7892.0,6716.0,31.7,2.7,0.6837037037037037,0.2785185185185185,0.03777777777777778,0.059000000000000004,110208.0,0.08136882129277566,0.052000000000000005,0.091,0.2118118847976668,0.15930902111324377,0.017037037037037038,0.025203854707190512,0.11800000000000001
T9N,0.7700296735905044,0.0,0.14391691394658754,0.08605341246290801,7.1,0.07871720116618076,0.3717201166180758,0.32215743440233235,0.30612244897959184,399904.0,9082.0,3775.0,3369.0,36.3,2.6,0.8233576642335766,0.17664233576642335,0.0,0.066,109776.0,0.07692307692307693,0.059000000000000004,0.11900000000000001,0.25980392156862747,0.12315270935960591,0.00727802037845706,0.02478134110787172,0.136
T9S,0.7458256029684601,0.0,0.1391465677179963,0.1150278293135436,6.7,0.07540394973070018,0.36804308797127466,0.3267504488330341,0.3052064631956912,349119.0,6898.0,3385.0,2704.0,42.8,2.5,0.7917414721723519,0.20825852782764812,0.0,0.098,88704.0,0.05470249520153551,0.08900000000000001,0.085,0.2905525846702317,0.15,0.019748653500897665,0.03770197486535009,0.11599999999999999
T9V,0.7,0.004430379746835443,0.26582278481012656,0.029746835443037974,7.0,0.051833122629582805,0.32533164876816173,0.26847757422615287,0.4061907770056854,380188.0,20959.0,8919.0,7893.0,35.3,2.6,0.7492103600758054,0.25078963992419456,0.0,0.07400000000000001,103373.0,0.07523716061498201,0.055999999999999994,0.106,0.24470074812967582,0.19761499148211242,0.012002526847757423,0.026531901452937462,0.13699999999999998
T9W,0.7192982456140351,0.0,0.22966507177033493,0.051036682615629984,7.2,0.04654895666131621,0.4576,0.2912,0.2512,286024.0,8062.0,3391.0,3137.0,37.8,2.4,0.7467948717948718,0.2532051282051282,0.0,0.067,88619.0,0.03610411418975651,0.077,0.061,0.2487644151565074,0.15474794841735054,0.006420545746388443,0.019261637239165328,0.10099999999999999
T9X,0.8049792531120332,0.0,0.15560165975103735,0.03941908713692946,6.9,0.07563025210084033,0.5983263598326359,0.21548117154811716,0.18619246861924685,298453.0,5841.0,2724.0,2412.0,39.9,2.4,0.790356394129979,0.20964360587002095,0.0,0.10099999999999999,78848.0,0.022396416573348264,0.094,0.076,0.2797814207650273,0.15619694397283532,0.01050420168067227,0.020964360587002098,0.158
V0A,0.6883876357560568,0.001670843776106934,0.20802005012531327,0.10192147034252297,6.5,0.07274247491638795,0.4523411371237458,0.31270903010033446,0.23494983277591974,348587.0,13920.0,9089.0,5984.0,44.5,2.2,0.7658862876254181,0.23411371237458195,0.0,0.11699999999999999,72370.0,0.02007136485280999,0.107,0.08900000000000001,0.30870135548753824,0.19548387096774195,0.005857740585774059,0.024247491638795988,0.14400000000000002
V0B,0.7239368998628258,0.0,0.15569272976680384,0.12037037037037036,6.6,0.07615780445969125,0.5267673301304049,0.2868908716540837,0.18634179821551133,319846.0,33080.0,20312.0,14583.0,48.5,2.2,0.801990391214825,0.19698009608785175,0.001029512697323267,0.146,69922.0,0.027184101987251595,0.13,0.073,0.4105550500454959,0.15827132226674298,0.007547169811320755,0.018524871355060035,0.12
V0C,0.7270207852193995,0.0,0.09237875288683603,0.18060046189376444,6.6,0.10905730129390019,0.39805825242718446,0.3837263060564031,0.2182154415164124,299209.0,28830.0,13041.0,10824.0,35.9,2.6,0.7665279704114656,0.19463707813222375,0.038834951456310676,0.11800000000000001,89866.0,0.051901458981105,0.08,0.138,0.30391705069124425,0.08327932598833442,0.018030513176144243,0.03974121996303143,0.122
V0E,0.7675104022191401,0.0005201109570041609,0.12309292649098474,0.108876560332871,6.6,0.08068162058772388,0.4875717017208413,0.3231357552581262,0.18929254302103252,334723.0,65606.0,37976.0,28846.0,51.2,2.2,0.8157162726008345,0.18063282336578582,0.003650904033379694,0.17,60999.0,0.014031200960029539,0.17,0.098,0.42384344846244026,0.11254480286738351,0.007301808066759388,0.022253129346314324,0.165
V0G,0.8421274799493457,0.00042211903756859433,0.07260447446179823,0.08484592655128746,6.6,0.10109519797809605,0.6023588879528222,0.2649536647009267,0.13268744734625104,297347.0,26047.0,13969.0,11841.0,48.8,2.2,0.8138163437236732,0.18618365627632688,0.0,0.19899999999999998,57545.0,0.01557338367154318,0.156,0.09,0.403815214893128,0.17721518987341772,0.005475989890480202,0.020640269587194608,0.17300000000000001
V0H,0.7529362416107382,0.00020973154362416107,0.18141778523489932,0.06543624161073826,6.7,0.07082807902480033,0.47688104245481294,0.3444724674232871,0.17864649012189995,376454.0,53380.0,29157.0,23835.0,56.4,2.2,0.8207606640050431,0.17881907963857954,0.0004202563563773902,0.162,59476.0,0.01579884290164664,0.18600000000000003,0.079,0.47972531066056245,0.1604578967792006,0.006725514922236234,0.022703384486020602,0.16399999999999998
V0J,0.7867366412213741,0.0,0.1183206106870229,0.09494274809160305,6.6,0.15111005013129625,0.5163445478406108,0.3707945597709377,0.11286089238845144,219178.0,52919.0,24666.0,20967.0,41.2,2.5,0.7560859188544152,0.20692124105011933,0.03699284009546539,0.139,71470.0,0.01422387136672851,0.134,0.136,0.34658414663175435,0.12947853848882582,0.016471711625686322,0.04153735975173072,0.08
V0K,0.7977830030231777,0.0003359086328518643,0.09640577762848505,0.10547531071548538,6.6,0.11460073504844638,0.5177139037433155,0.3432486631016043,0.13903743315508021,250165.0,32908.0,20106.0,14878.0,52.9,2.2,0.8096192384769539,0.17100868403473615,0.019372077488309953,0.198,53602.0,0.010341643582640813,0.196,0.111,0.47255285130573815,0.09711286089238845,0.005679919812896759,0.02539258269295022,0.139
V0L,0.8221649484536082,0.0,0.04639175257731959,0.13144329896907217,5.8,0.2297650130548303,0.42337662337662335,0.44415584415584414,0.13246753246753246,219957.0,4577.0,2619.0,1939.0,49.8,2.3,0.7068062827225131,0.1518324607329843,0.14136125654450263,0.237,45856.0,0.008075370121130552,0.221,0.212,0.43391188251001334,0.09109730848861283,0.02610966057441253,0.06788511749347259,0.1
V0M,0.7254685777287762,0.0,0.18632855567805953,0.08820286659316427,6.3,0.09566184649610679,0.3681868743047831,0.37263626251390436,0.25917686318131256,376638.0,11761.0,5425.0,4539.0,48.5,2.4,0.7864293659621802,0.20022246941045607,0.013348164627363738,0.153,57104.0,0.009753298909925417,0.195,0.091,0.4548513740886147,0.08348968105065666,0.01002227171492205,0.042269187986651836,0.174
V0N,0.6956585081585082,0.005536130536130536,0.2556818181818182,0.04312354312354312,6.2,0.0810652619256658,0.39844893181153057,0.38484050336552533,0.2167105648229441,498875.0,79501.0,49181.0,34321.0,46.5,2.3,0.7529635591980096,0.23854822186448119,0.008488218937509147,0.149,66469.0,0.026289414848508212,0.122,0.065,0.3582495654145567,0.26663559025754574,0.01009657594381036,0.04023408924652524,0.19899999999999998
V0P,0.8166144200626959,0.0,0.0987460815047022,0.08463949843260188,6.2,0.11232449297971919,0.5140625,0.3453125,0.140625,250030.0,6726.0,4491.0,3190.0,53.6,2.1,0.7769110764430577,0.2121684867394696,0.0109204368174727,0.261,46820.0,0.013537906137184115,0.20199999999999999,0.113,0.45082680591818974,0.19971671388101983,0.0078125,0.0343213728549142,0.154
V0R,0.8177289125579797,0.0,0.11561587356124377,0.0666552138807765,6.5,0.08902691511387163,0.432712215320911,0.3504140786749482,0.2168737060041408,400004.0,66795.0,34690.0,29112.0,51.0,2.2,0.7851596203623814,0.21104400345125107,0.0037963761863675583,0.162,63056.0,0.015975899214898667,0.156,0.078,0.41755888650963596,0.1920749279538905,0.009316770186335404,0.030710835058661144,0.183
V0S,0.8571428571428571,0.0,0.09523809523809523,0.047619047619047616,5.4,0.2222222222222222,0.4117647058823529,0.17647058823529413,0.4117647058823529,279411.0,266.0,159.0,105.0,49.6,2.2,0.7894736842105263,0.10526315789473684,0.10526315789473684,,59264.0,,,0.11800000000000001,0.5142857142857142,0.08333333333333333,0.0,0.0,
V0T,0.8451882845188284,0.0,0.11576011157601115,0.03905160390516039,6.0,0.2647058823529412,0.47198879551820727,0.38935574229691877,0.13865546218487396,155568.0,8645.0,4414.0,3584.0,43.7,2.4,0.7184873949579832,0.23949579831932774,0.04201680672268908,0.18600000000000003,52907.0,0.008136094674556213,0.177,0.107,0.38132573057733427,0.14,0.018207282913165267,0.058823529411764705,0.13699999999999998
V0V,0.85,0.0,0.12857142857142856,0.02142857142857143,6.2,0.3698630136986301,0.3287671232876712,0.547945205479452,0.1232876712328767,249893.0,2033.0,969.0,703.0,37.9,2.9,0.726027397260274,0.23972602739726026,0.03424657534246575,0.151,39552.0,0.006779661016949152,0.27899999999999997,0.225,0.4294294294294294,0.05555555555555555,0.05442176870748299,0.08904109589041095,0.059000000000000004
V0W,0.9285714285714286,0.0,0.05357142857142857,0.017857142857142856,5.5,0.16363636363636364,0.4642857142857143,0.375,0.16071428571428573,249958.0,557.0,514.0,281.0,47.3,2.0,0.7090909090909091,0.16363636363636364,0.12727272727272726,0.22899999999999998,51808.0,0.0,0.166,0.268,0.41237113402061853,0.14754098360655737,0.03571428571428571,0.07272727272727272,0.139
V0X,0.7814207650273224,0.0,0.11202185792349727,0.10655737704918032,6.4,0.0888283378746594,0.5174291938997821,0.30010893246187365,0.18246187363834424,299106.0,20629.0,11525.0,9154.0,53.0,2.2,0.7843137254901961,0.210239651416122,0.0054466230936819175,0.20199999999999999,51952.0,0.011834319526627219,0.205,0.09300000000000001,0.47710360618202635,0.09896091044037605,0.008719346049046322,0.02779291553133515,0.16
V1A,0.788563829787234,0.0,0.1981382978723404,0.013297872340425532,6.4,0.09973404255319149,0.7021276595744681,0.1595744680851064,0.13829787234042554,269415.0,8414.0,4702.0,3758.0,46.8,2.2,0.761968085106383,0.23803191489361702,0.0,0.124,68454.0,0.018545994065281898,0.132,0.095,0.3783587509077705,0.1912751677852349,0.003989361702127659,0.014627659574468085,0.121
V1B,0.796092796092796,0.0,0.16117216117216118,0.042735042735042736,7.9,0.04017041996348144,0.404138770541692,0.32440657334144857,0.2714546561168594,499784.0,21395.0,9458.0,8188.0,48.0,2.6,0.8831405964698722,0.11685940353012782,0.0,0.08,88064.0,0.03647944412275622,0.11,0.066,0.39484015703869885,0.23895401262398558,0.0030432136335970784,0.013390139987827145,0.139
V1C,0.6685419596812002,0.0,0.24238162212845757,0.08907641819034225,7.0,0.059596433599249175,0.5685446009389671,0.27793427230046946,0.15352112676056337,300204.0,25413.0,11085.0,10668.0,45.6,2.3,0.7685446009389671,0.23145539906103285,0.0,0.126,71973.0,0.022727272727272728,0.132,0.076,0.36642685851318946,0.1583522297808012,0.004692632566870014,0.023932426091037073,0.12
V1E,0.6402214022140221,0.0,0.29704797047970477,0.06273062730627306,6.7,0.06527093596059114,0.44027093596059114,0.34667487684729065,0.21305418719211822,370507.0,19344.0,8538.0,8132.0,50.5,2.3,0.7721674876847291,0.22783251231527094,0.0,0.142,62964.0,0.015867875647668395,0.163,0.07,0.42148499210110585,0.17967914438502675,0.006157635467980296,0.021551724137931036,0.14400000000000002
V1G,0.6763322884012539,0.0,0.24921630094043887,0.07445141065830721,6.4,0.09254901960784313,0.5909090909090909,0.19905956112852666,0.21003134796238246,300207.0,15676.0,7456.0,6375.0,36.1,2.4,0.6666666666666666,0.3333333333333333,0.0,0.115,83915.0,0.04073918521629567,0.08800000000000001,0.121,0.28768233387358183,0.1357142857142857,0.014913657770800628,0.05568627450980392,0.114
V1H,0.7410562180579217,0.0,0.16609880749574105,0.09284497444633731,6.9,0.054841473864610114,0.2939160239931448,0.3333333333333333,0.37275064267352187,449261.0,13427.0,7393.0,5871.0,56.1,2.2,0.8560411311053985,0.14138817480719795,0.002570694087403599,0.11900000000000001,68621.0,0.027984258854394404,0.157,0.086,0.48853016142735767,0.17757712565838976,0.005136986301369863,0.016281062553556127,0.157
V1J,0.5778136779752289,0.009154550350026925,0.3403338718362951,0.07269789983844911,6.5,0.06824288017195057,0.4679935449166218,0.23937600860677785,0.2926304464766003,399360.0,23782.0,10884.0,9291.0,32.2,2.5,0.6485760343901128,0.35142396560988715,0.0,0.076,105233.0,0.06325216904561992,0.053,0.106,0.22174148188209844,0.1601923788383278,0.013433637829124127,0.039763567974207416,0.10300000000000001
V1K,0.6915167095115681,0.0,0.2236503856041131,0.08483290488431877,6.5,0.11840411840411841,0.5714285714285714,0.28185328185328185,0.14671814671814673,279150.0,9265.0,4286.0,3893.0,47.9,2.3,0.7091377091377091,0.28314028314028317,0.007722007722007722,0.174,60544.0,0.01163586584531143,0.172,0.111,0.4276184122748499,0.16142557651991615,0.009009009009009009,0.03350515463917526,0.14300000000000002
V1L,0.6278763971071664,0.0,0.326758711374096,0.045364891518737675,6.3,0.09090909090909091,0.6409749670619236,0.21673254281949933,0.1422924901185771,378929.0,16801.0,8321.0,7604.0,44.7,2.2,0.6884057971014492,0.3115942028985507,0.0,0.18600000000000003,58466.0,0.014354066985645933,0.139,0.08800000000000001,0.3432142857142857,0.2949678800856531,0.007905138339920948,0.024374176548089592,0.191
V1M,0.5051316376617582,0.024542614904060688,0.4462293618920125,0.024096385542168676,7.2,0.03509551310528654,0.1341030195381883,0.6416518650088809,0.22424511545293072,696370.0,31176.0,11553.0,11212.0,43.2,2.7,0.8777777777777778,0.12222222222222222,0.0,0.08,97207.0,0.035521395928541755,0.086,0.045,0.3314115308151093,0.3131970260223048,0.010217681030653044,0.027099067081297203,0.154
V1N,0.7346189164370982,0.0,0.19100091827364554,0.0743801652892562,7.1,0.08363970588235294,0.639963167587477,0.2292817679558011,0.13075506445672191,300693.0,12546.0,5835.0,5446.0,47.3,2.3,0.8079044117647058,0.19209558823529413,0.0,0.13699999999999998,71168.0,0.016757023164120255,0.139,0.08,0.38883587786259544,0.15622697126013266,0.004599816007359705,0.020239190432382703,0.11
V1P,0.7390542907180385,0.0017513134851138354,0.2434325744308231,0.01576182136602452,8.0,0.042105263157894736,0.3785211267605634,0.22359154929577466,0.397887323943662,527138.0,8028.0,3440.0,2851.0,40.7,2.8,0.8646748681898067,0.13532513181019332,0.0,0.105,94299.0,0.02821316614420063,0.09,0.068,0.27824109173616374,0.1719409282700422,0.005263157894736842,0.0210896309314587,0.183
V1R,0.7423442449841605,0.0,0.25343189017951423,0.004223864836325237,6.7,0.10620399579390116,0.8590956887486856,0.08622502628811778,0.054679284963196635,200657.0,10021.0,5112.0,4727.0,49.7,2.1,0.711882229232387,0.288117770767613,0.0,0.152,59785.0,0.016129032258064516,0.158,0.087,0.4588026081802015,0.1324828263002944,0.0,0.027339642481598318,0.095
V1S,0.6383981154299175,0.0,0.31802120141342755,0.043580683156654886,7.3,0.029411764705882353,0.1166077738515901,0.5429917550058893,0.3404004711425206,420510.0,11279.0,4428.0,4246.0,40.6,2.6,0.8390129259694477,0.1609870740305523,0.0,0.061,98645.0,0.03436426116838488,0.083,0.059000000000000004,0.3219215902816124,0.30122448979591837,0.0035294117647058825,0.018823529411764704,0.11900000000000001
V1T,0.40501370936153547,0.02428515471993733,0.5699177438307873,0.0007833920877399138,6.0,0.06768388106416276,0.5727130570758405,0.3346364347146208,0.0926505082095387,319692.0,27997.0,13376.0,12761.0,46.6,2.1,0.6164383561643836,0.3835616438356164,0.0,0.198,50356.0,0.00834272829763247,0.195,0.086,0.41280982671638516,0.14265181458857348,0.007042253521126761,0.03128666405944466,0.184
V1V,0.5415704387990762,0.01212471131639723,0.44341801385681295,0.002886836027713626,7.1,0.03004043905257077,0.10173410404624278,0.47861271676300576,0.41965317919075146,527794.0,21155.0,9347.0,8659.0,43.5,2.4,0.7641618497109827,0.23583815028901733,0.0,0.08800000000000001,86166.0,0.03698353077145334,0.09300000000000001,0.059000000000000004,0.33183352080989875,0.27268643306379153,0.006932409012131715,0.024263431542461005,0.184
V1W,0.6458409008354522,0.00980748274609517,0.30294224482382853,0.041409371594624045,7.2,0.03225806451612903,0.25338703771512266,0.37458806298059316,0.3720248993042841,579775.0,34573.0,14778.0,13764.0,47.7,2.4,0.8141495601173021,0.18585043988269795,0.0,0.102,83606.0,0.0535031847133758,0.095,0.065,0.38972542072630645,0.31804645622394284,0.003664345914254306,0.01978746793697325,0.171
V1X,0.4014084507042254,0.015567086730911787,0.5604151223128243,0.02260934025203855,6.4,0.05537098560354374,0.4955719557195572,0.33099630996309964,0.17343173431734318,394807.0,33273.0,14135.0,13489.0,41.3,2.4,0.6845018450184502,0.3154981549815498,0.0,0.162,61977.0,0.007475238273219959,0.157,0.077,0.3472147106544078,0.13777398235126673,0.014760147601476014,0.046125461254612546,0.198
V1Y,0.27764494919306637,0.07411835026897788,0.647937836222355,0.00029886431560071725,5.4,0.04946364719904649,0.5025335320417288,0.2992548435171386,0.19821162444113263,401303.0,34310.0,17952.0,16721.0,43.4,2.0,0.5160905840286055,0.48390941597139453,0.0,0.172,54817.0,0.016972635954277795,0.134,0.07200000000000001,0.34304590885990177,0.25610738255033555,0.00566150178784267,0.0366507747318236,0.213
V1Z,0.6923758865248227,0.0,0.1453900709219858,0.1622340425531915,7.6,0.051056338028169015,0.3700440528634361,0.3674008810572687,0.26255506607929513,530463.0,14368.0,6359.0,5639.0,45.9,2.5,0.8740088105726872,0.12599118942731277,0.0,0.094,83579.0,0.03397027600849257,0.105,0.057999999999999996,0.3625204582651391,0.18679245283018867,0.006161971830985915,0.014964788732394365,0.159
V2A,0.4633651896901245,0.055024616275702286,0.43585288155227336,0.0457573124818998,6.0,0.06213872832369942,0.4979768786127168,0.3332369942196532,0.16878612716763006,376117.0,37469.0,18518.0,17269.0,52.5,2.1,0.6583815028901734,0.34046242774566476,0.0011560693641618498,0.16399999999999998,55543.0,0.017380109430318636,0.17600000000000002,0.087,0.4355982973356456,0.18373493975903615,0.005491329479768786,0.028901734104046242,0.159
V2B,0.486119679210364,0.0,0.4561998766193708,0.05768044417026527,6.5,0.06892307692307692,0.6436923076923077,0.20123076923076924,0.15507692307692308,345601.0,39843.0,17113.0,16215.0,43.8,2.4,0.6895384615384615,0.3098461538461538,0.0006153846153846154,0.156,64603.0,0.011684518013631937,0.157,0.091,0.3747660636306924,0.13124246079613994,0.009230769230769232,0.036,0.149
V2C,0.4864864864864865,0.06401137980085349,0.41536273115220484,0.034139402560455195,6.3,0.06211474632527264,0.6355007119126721,0.2159468438538206,0.14855244423350736,394805.0,23661.0,11685.0,10542.0,44.1,2.2,0.6782154722354058,0.3217845277645942,0.0,0.136,68608.0,0.020329387545033453,0.11900000000000001,0.065,0.3527054108216433,0.27922860586580955,0.004743833017077799,0.026565464895635674,0.147
V2E,0.5610412926391383,0.0,0.42010771992818674,0.018850987432675045,7.3,0.0333033303330333,0.34743474347434744,0.44014401440144013,0.21242124212421243,400218.0,14672.0,5802.0,5569.0,37.6,2.6,0.7796762589928058,0.22032374100719423,0.0,0.091,93106.0,0.03795811518324607,0.081,0.067,0.29578059071729956,0.3065646908859146,0.0054005400540054005,0.020702070207020702,0.11199999999999999
V2G,0.5951903807615231,0.0,0.26118904475617905,0.14362057448229792,6.7,0.06795469686875416,0.607190412782956,0.2856191744340879,0.10719041278295606,230343.0,17970.0,8238.0,7488.0,42.9,2.3,0.7170439414114514,0.2782956058588549,0.004660452729693742,0.13699999999999998,73228.0,0.013148542999289269,0.134,0.08199999999999999,0.3449105914718019,0.12209302325581395,0.0073284477015323115,0.03,0.08
V2H,0.6914285714285714,0.0,0.17142857142857143,0.13714285714285715,7.2,0.06015037593984962,0.3069679849340866,0.2994350282485876,0.3935969868173258,400486.0,6201.0,2878.0,2622.0,50.1,2.4,0.8665413533834586,0.12969924812030076,0.0037593984962406013,0.06,85597.0,0.03474903474903475,0.10800000000000001,0.079,0.38143382352941174,0.2030178326474623,0.0,0.016917293233082706,0.10800000000000001
V2J,0.716760061130922,0.0,0.1706571574121243,0.11258278145695365,6.7,0.09795918367346938,0.5894951555328913,0.31361550229474755,0.09688934217236105,200158.0,22667.0,10445.0,9812.0,45.9,2.3,0.7637755102040816,0.22959183673469388,0.0066326530612244895,0.16899999999999998,65682.0,0.01272475795297372,0.151,0.10800000000000001,0.39516985138004246,0.11536893599673868,0.007653061224489796,0.02959183673469388,0.075
V2K,0.7509090909090909,0.0006060606060606061,0.06787878787878789,0.1806060606060606,7.4,0.08650937689050212,0.4718352513628104,0.4082374318594791,0.11992731677771049,280159.0,20924.0,8684.0,8248.0,41.1,2.5,0.8868038740920097,0.11077481840193705,0.002421307506053269,0.084,91264.0,0.029366778831446925,0.09300000000000001,0.08900000000000001,0.2778922578745952,0.1638935108153078,0.006654567453115548,0.018753781004234724,0.10400000000000001
V2L,0.37528604118993136,0.03775743707093822,0.5720823798627003,0.014874141876430207,5.7,0.10404624277456648,0.8148148148148148,0.1527777777777778,0.032407407407407406,210611.0,9947.0,4835.0,4371.0,39.7,2.1,0.4457274826789838,0.5542725173210161,0.0,0.28800000000000003,47890.0,0.005344021376085505,0.203,0.15,0.380449141347424,0.11947791164658635,0.012702078521939953,0.053117782909930716,0.11900000000000001
V2M,0.5474159558454591,0.02609131961866533,0.4234821876567988,0.0030105368790767687,6.7,0.06843156843156843,0.8087868197703445,0.1367948077883175,0.054418372441337994,259736.0,23318.0,10727.0,9964.0,37.3,2.3,0.5829170829170829,0.41708291708291706,0.0,0.155,67136.0,0.014207650273224045,0.122,0.08800000000000001,0.32678197064989517,0.2120967741935484,0.0074887668497254116,0.02895656515227159,0.11199999999999999
V2N,0.7245145631067961,0.0,0.19457928802588997,0.08090614886731391,7.3,0.06237343053867963,0.4898785425101215,0.35668016194331986,0.1534412955465587,299493.0,32137.0,12978.0,12366.0,39.4,2.6,0.820980153908465,0.17901984609153504,0.0,0.085,92446.0,0.026903148664806698,0.094,0.078,0.29466845021975924,0.20214568040654998,0.007695423248278655,0.020656136087484813,0.096
V2P,0.4792353328938695,0.015161502966381015,0.4884640738299275,0.017139090309822018,6.1,0.06970597951767427,0.550561797752809,0.2858559153998678,0.1635822868473232,320716.0,36329.0,15937.0,15171.0,43.0,2.3,0.6257020151965642,0.3723158242484308,0.0019821605550049554,0.207,52935.0,0.0077687443541102075,0.18600000000000003,0.079,0.3987473903966597,0.11218568665377177,0.008259002312520648,0.04294681202510737,0.18899999999999997
V2R,0.6180499597099114,0.0021488047273704003,0.3440773569701853,0.035723878592532905,7.0,0.04227990366604228,0.2262637068734956,0.36935009360791654,0.40438619951858784,448548.0,48608.0,19769.0,18613.0,43.0,2.6,0.8312382990104306,0.16501738432736027,0.003744316662209147,0.11,75948.0,0.016875411997363216,0.139,0.057999999999999996,0.38087397086763775,0.18350898946063235,0.006957452502006957,0.024351083757024352,0.157
V2S,0.3378732320586695,0.014667365112624411,0.6401257202723939,0.007333682556312206,6.1,0.049094250459438174,0.3877658177999475,0.45917563665003935,0.15305854555001314,404272.0,48647.0,19973.0,19088.0,40.5,2.4,0.6479390916250984,0.35206090837490156,0.0,0.156,64283.0,0.011185983827493261,0.141,0.061,0.3518783309502145,0.18966565349544073,0.013918067226890757,0.046218487394957986,0.17300000000000001
V2T,0.28583241455347297,0.03969128996692393,0.6695148842337376,0.004961411245865491,6.1,0.042735042735042736,0.315121412803532,0.5201434878587197,0.16473509933774835,448787.0,56111.0,19304.0,18133.0,38.3,3.1,0.6759514616657474,0.3240485383342526,0.0,0.139,66791.0,0.005324074074074074,0.183,0.08800000000000001,0.3668044230984028,0.18745570517363572,0.07087699944842801,0.09787703336090432,0.209
V2V,0.6252622744439782,0.005455308434746118,0.3587914393621486,0.01049097775912715,7.0,0.06936899289594652,0.46844964479732554,0.34977016297534474,0.18178019222732972,449384.0,33534.0,12865.0,11915.0,40.9,2.7,0.7568922305764411,0.24310776942355888,0.0,0.14400000000000002,74506.0,0.010836845273931367,0.138,0.065,0.3436073059360731,0.11998886414253898,0.015455304928989139,0.0384454659423318,0.233
V2W,0.7504091653027823,0.0,0.24713584288052373,0.0024549918166939444,8.1,0.02369281045751634,0.19526143790849673,0.24183006535947713,0.5629084967320261,698396.0,19022.0,6383.0,6114.0,38.6,3.1,0.8937908496732027,0.10620915032679738,0.0,0.08199999999999999,109335.0,0.03430171508575429,0.079,0.05,0.27296849087893865,0.22900763358778625,0.010620915032679739,0.022058823529411766,0.212
V2X,0.4506269592476489,0.045454545454545456,0.493730407523511,0.01018808777429467,6.3,0.06016217630133403,0.3770277341705913,0.4654631083202512,0.1575091575091575,500702.0,47944.0,19786.0,19141.0,43.5,2.4,0.7439183886999738,0.25608161130002616,0.0,0.126,74058.0,0.013572275662142575,0.125,0.054000000000000006,0.33553719008264465,0.15377194674898706,0.009678263144127649,0.04237509809050484,0.195
V2Y,0.3569672131147541,0.05573770491803279,0.5823770491803278,0.004918032786885246,6.6,0.0212678936605317,0.10425183973834833,0.16394112837285363,0.731807031888798,576730.0,35222.0,12739.0,12205.0,35.6,2.9,0.8130879345603272,0.18691206543967281,0.0,0.111,91592.0,0.02528735632183908,0.081,0.048,0.2881170018281536,0.28245436105476673,0.016768916155419224,0.03517382413087935,0.23
V2Z,0.7012089810017271,0.0,0.12607944732297063,0.17271157167530224,7.6,0.05688888888888889,0.5333333333333333,0.3448888888888889,0.12177777777777778,950193.0,15520.0,6052.0,5791.0,50.0,2.7,0.8078291814946619,0.19217081850533807,0.0,0.10300000000000001,85790.0,0.046220133176654916,0.106,0.036000000000000004,0.3953033268101761,0.17447916666666666,0.008,0.024,0.187
V3A,0.36082474226804123,0.010030649205906938,0.6244079130677069,0.004736695458344943,5.9,0.05203432050927207,0.4332779623477298,0.3995016611295681,0.1672203765227021,595740.0,42397.0,18582.0,17945.0,43.3,2.3,0.7010794353722668,0.2989205646277332,0.0,0.132,68538.0,0.016388557806912993,0.127,0.049,0.3461045435123202,0.1696624287593161,0.014115693329642956,0.043454193191253807,0.18899999999999997
V3B,0.3177762525737817,0.17524593914436057,0.5069778082818577,0.0,5.6,0.047847985347985345,0.27129120879120877,0.43383699633699635,0.2948717948717949,600437.0,56524.0,23040.0,21861.0,40.6,2.6,0.7147435897435898,0.28525641025641024,0.0,0.18100000000000002,70743.0,0.015556799104644655,0.105,0.055999999999999994,0.34497816593886466,0.3232039894031479,0.0341039139391165,0.07097069597069597,0.252
V3C,0.38488210818307905,0.015256588072122053,0.5991678224687933,0.0006934812760055479,6.3,0.0574792243767313,0.30931763075857294,0.485971596813301,0.20471077242812608,696898.0,38818.0,14989.0,14419.0,41.7,2.6,0.781239183108342,0.21806853582554517,0.0006922810661128419,0.115,84649.0,0.024851876234364714,0.091,0.054000000000000006,0.30880503144654087,0.30182232346241455,0.02112919986144787,0.046414963630065816,0.19899999999999998
V3E,0.4952978056426332,0.054075235109717866,0.45023510971786834,0.00039184952978056425,7.0,0.032574568288854,0.10082385249117301,0.5378579835229502,0.3613181639858768,898315.0,39365.0,13281.0,12758.0,39.9,3.1,0.8390894819466248,0.1609105180533752,0.0,0.16899999999999998,92672.0,0.03724548915742427,0.07,0.057,0.34054138145612944,0.43309002433090027,0.0239309533150255,0.03924646781789639,0.301
V3G,0.6333746898263027,0.0,0.36538461538461536,0.0012406947890818859,8.0,0.02282541640962369,0.16111111111111112,0.4740740740740741,0.3648148148148148,598772.0,24150.0,8477.0,8054.0,38.6,3.0,0.8445404071560765,0.15422578655151142,0.0012338062924120913,0.07400000000000001,100580.0,0.03436988543371522,0.083,0.044000000000000004,0.30133128520225294,0.28277734678044997,0.012962962962962963,0.02962962962962963,0.166
V3H,0.33638282899366645,0.13476425052779734,0.517945109078114,0.010907811400422239,6.4,0.05954897815362931,0.3392039450510743,0.3067981683691441,0.3539978865797816,802400.0,37222.0,14627.0,14207.0,41.0,2.6,0.7628611698379141,0.23713883016208598,0.0,0.111,95068.0,0.0479628674574523,0.066,0.053,0.29445632505346275,0.4194905351717691,0.013737231419513914,0.035940803382663845,0.21
V3J,0.35616862988220704,0.12523248605083695,0.51828890266584,0.00030998140111593303,5.9,0.0848822800495663,0.6735831526788479,0.17900278724063176,0.1474140600805203,999447.0,40921.0,17225.0,16124.0,41.1,2.5,0.6298017348203222,0.3701982651796778,0.0,0.174,68440.0,0.023589898684409496,0.09699999999999999,0.061,0.34590922231858917,0.3455770484677244,0.03469640644361834,0.07961586121437422,0.225
V3K,0.32962804617357844,0.10731081658828559,0.5476699444206926,0.015391192817443352,6.0,0.07145913564398802,0.4839537869062901,0.34873769790329484,0.16730851519041506,801772.0,30495.0,12353.0,11690.0,41.9,2.6,0.676936243046641,0.323063756953359,0.0,0.161,71547.0,0.018071065989847715,0.10300000000000001,0.055999999999999994,0.33365683229813664,0.32777458309373203,0.029940119760479042,0.07271171941830624,0.24
V3L,0.21524486571879936,0.29265402843601895,0.4921011058451817,0.0,5.0,0.07945967421533572,0.5283842794759825,0.2354108773322747,0.23620484319174276,536158.0,27724.0,13215.0,12659.0,42.8,2.1,0.6174016686531585,0.38259833134684146,0.0,0.13,69818.0,0.02498903989478299,0.08900000000000001,0.059000000000000004,0.29263607257203844,0.37869643934821967,0.023828435266084195,0.060786650774731825,0.231
V3M,0.11492537313432835,0.3373134328358209,0.5465174129353234,0.0012437810945273632,4.5,0.07781908302354398,0.4336722043144062,0.32333250681874537,0.2429952888668485,449350.0,43423.0,21074.0,20102.0,40.7,2.1,0.525663277956856,0.4743367220431441,0.0,0.172,62214.0,0.011675824175824176,0.10300000000000001,0.061,0.29898134673898663,0.3403384787055979,0.038661710037174724,0.09221616261774913,0.25
V3N,0.14724137931034484,0.2193103448275862,0.6331034482758621,0.0003448275862068965,5.1,0.06818181818181818,0.29383396486393387,0.39028591112642097,0.3158801240096452,550238.0,39354.0,15148.0,14496.0,38.5,2.7,0.647038567493113,0.35296143250688705,0.0,0.18100000000000002,70031.0,0.011406844106463879,0.10099999999999999,0.063,0.32411186696900984,0.3957749514981677,0.05578512396694215,0.10606060606060606,0.292
V3R,0.29062811565304086,0.03414755732801595,0.674975074775673,0.0002492522432701894,5.6,0.06475,0.4026493376655836,0.4508872781804549,0.1464633841539615,500635.0,57844.0,21060.0,20061.0,39.8,2.9,0.6545,0.3455,0.0,0.196,65755.0,0.006103651093108423,0.142,0.07,0.35569191705459163,0.22977194626679162,0.0765,0.12975,0.235
V3S,0.4192411014103425,0.005372733378106112,0.5703492276695769,0.005036937541974479,7.0,0.027624309392265192,0.162926992632284,0.3419290020093771,0.4951440053583389,750179.0,95349.0,31890.0,29782.0,37.4,3.2,0.7709310113864702,0.2290689886135298,0.0,0.09699999999999999,92845.0,0.017329466998066832,0.10300000000000001,0.057999999999999996,0.30892178697759726,0.24714937286202965,0.041192230408573345,0.05926670015067805,0.218
V3T,0.1291369240752758,0.29591174561972744,0.5749513303049968,0.0,4.5,0.0670535138620245,0.32150919058368266,0.3182844243792325,0.3602063850370848,331237.0,38549.0,16854.0,15416.0,36.9,2.4,0.4679342571704802,0.5320657428295198,0.0,0.231,54634.0,0.0032722513089005235,0.13699999999999998,0.073,0.32190505739993797,0.2534201954397394,0.06481780070944856,0.13636363636363635,0.302
V3V,0.2726950354609929,0.01099290780141844,0.7088652482269504,0.007446808510638298,5.9,0.05424696645253391,0.45467523197715914,0.32084225553176304,0.2244825124910778,699618.0,48927.0,15176.0,14108.0,36.3,3.4,0.6113490364025695,0.3886509635974304,0.0,0.159,71416.0,0.0034680538882219556,0.153,0.079,0.35351488283723875,0.19600380589914368,0.10135617416131334,0.1512665001783803,0.29100000000000004
V3W,0.20669363736667892,0.004413387274733358,0.7666421478484737,0.02225082751011401,5.6,0.04405286343612335,0.21887623944179213,0.5280940139551965,0.25302974660301136,550466.0,92447.0,28851.0,27186.0,36.3,3.4,0.6464757709251101,0.3535242290748899,0.0,0.168,70212.0,0.004361816231676797,0.153,0.08,0.35387098943969864,0.2277338202475147,0.11912628487518355,0.1595080763582966,0.267
V3X,0.38,0.0,0.6145454545454545,0.005454545454545455,7.1,0.029143897996357013,0.13228155339805825,0.38470873786407767,0.4830097087378641,801182.0,28510.0,8976.0,8248.0,37.1,3.4,0.7906553398058253,0.20934466019417475,0.0,0.11,91861.0,0.017277125086385625,0.107,0.06,0.33223900196979644,0.28874388254486133,0.05525197328476017,0.0692167577413479,0.259
V3Y,0.4312242090784044,0.02063273727647868,0.5233837689133425,0.024759284731774415,6.4,0.03711340206185567,0.2585969738651995,0.45392022008253097,0.2874828060522696,598662.0,18861.0,7445.0,7267.0,42.0,2.6,0.7757909215955984,0.22420907840440166,0.0,0.09699999999999999,86498.0,0.022103148024112524,0.099,0.051,0.3090087181143042,0.219811320754717,0.009621993127147767,0.037800687285223365,0.156
V3Z,0.45,0.0038095238095238095,0.5257142857142857,0.020476190476190478,7.1,0.022922636103151862,0.13161659513590845,0.14449213161659513,0.7238912732474965,888266.0,29265.0,11493.0,10499.0,41.6,2.7,0.8136645962732919,0.18633540372670807,0.0,0.141,96678.0,0.06072966236120553,0.069,0.048,0.3333333333333333,0.3820329499533727,0.012416427889207259,0.02100238663484487,0.251
V4A,0.636026936026936,0.0016835016835016834,0.3606060606060606,0.0016835016835016834,6.8,0.042239356352665104,0.2883970489604292,0.5687458081824279,0.14285714285714285,946206.0,36390.0,15450.0,14854.0,51.5,2.4,0.8481394569225612,0.15186054307743882,0.0,0.134,77859.0,0.04865141686582451,0.11,0.052000000000000005,0.4534959349593496,0.3900729927007299,0.010056989607777405,0.025142474019443514,0.20199999999999999
V4B,0.2532467532467532,0.12687312687312688,0.6193806193806194,0.0004995004995004995,5.4,0.050974512743628186,0.45077461269365315,0.3473263368315842,0.20189905047476261,600196.0,19952.0,10856.0,10005.0,56.6,1.9,0.679,0.321,0.0,0.154,62344.0,0.041383387525864616,0.12300000000000001,0.06,0.45650921658986177,0.3089887640449438,0.0079960019990005,0.027486256871564217,0.22699999999999998
V4C,0.5131626397403534,0.016227912008654886,0.4702488279841327,0.0003606202668589975,7.0,0.04727535185853483,0.6660649819494585,0.18989169675090253,0.14404332129963898,799626.0,44169.0,14979.0,13861.0,39.7,3.2,0.7538794658967881,0.24612053410321183,0.0,0.111,89172.0,0.012759170653907496,0.11699999999999999,0.063,0.33872959253669915,0.24386149003147953,0.041501263081919884,0.07181522915914833,0.207
V4E,0.7752956636005256,0.0,0.2233902759526938,0.001314060446780552,7.8,0.05242463958060288,0.6146788990825688,0.35910878112712974,0.02621231979030144,898668.0,11839.0,3941.0,3799.0,43.9,3.1,0.8923884514435696,0.10761154855643044,0.0,0.09300000000000001,107849.0,0.035173160173160176,0.085,0.051,0.3719979560551865,0.3629032258064516,0.02230971128608924,0.04325032765399738,0.182
V4G,0.7142857142857143,0.0,0.14285714285714285,0.14285714285714285,6.5,0.0,0.6,0.4,0.0,,86.0,41.0,36.0,47.0,2.6,0.5714285714285714,0.42857142857142855,0.0,,70400.0,,,0.0,0.4166666666666667,0.0,0.0,0.0,
V4K,0.5585874799357945,0.003745318352059925,0.420545746388443,0.017121455323702513,6.7,0.04917156600748263,0.47435897435897434,0.4043803418803419,0.12126068376068376,898851.0,24414.0,9566.0,9346.0,47.3,2.5,0.7786096256684492,0.22139037433155082,0.0,0.081,90675.0,0.03476693278392995,0.10300000000000001,0.038,0.3437110834371108,0.25799918995544757,0.0085515766969535,0.029930518439337254,0.145
V4L,0.5386861313868613,0.029197080291970802,0.4321167883211679,0.0,6.3,0.05401459854014599,0.4656934306569343,0.4306569343065693,0.10364963503649635,1002531.0,7893.0,3532.0,3424.0,52.8,2.2,0.760932944606414,0.239067055393586,0.0,0.094,86993.0,0.06303501945525292,0.095,0.044000000000000004,0.41778774289985054,0.33070866141732286,0.004373177842565598,0.02335766423357664,0.17300000000000001
V4M,0.7118491921005387,0.012567324955116697,0.2746858168761221,0.0008976660682226212,7.5,0.040467625899280574,0.6142086330935251,0.27697841726618705,0.10881294964028777,1198773.0,14512.0,5849.0,5566.0,49.9,2.5,0.8442844284428442,0.1557155715571557,0.0,0.081,98619.0,0.06542461005199307,0.08199999999999999,0.049,0.39282735613010844,0.3459614010007148,0.0044964028776978415,0.015287769784172662,0.166
V4N,0.4375993640699523,0.010135135135135136,0.5435214626391097,0.008744038155802861,6.8,0.02626343016315161,0.07303482587064676,0.3958208955223881,0.5311442786069652,750781.0,78675.0,26534.0,25159.0,37.6,3.1,0.7944687624353363,0.20553123756466374,0.0,0.126,88221.0,0.01983429575696711,0.09,0.055999999999999994,0.31003015394381844,0.31528113142462916,0.03442101074413052,0.05691542288557214,0.23800000000000002
V4P,0.459601259181532,0.011542497376705142,0.5288562434417629,0.0,7.2,0.03506907545164718,0.1381509032943677,0.5069075451647184,0.35494155154091395,948003.0,12224.0,5006.0,4766.0,48.0,2.5,0.8172157279489904,0.18278427205100956,0.0,0.149,83789.0,0.06742151312403499,0.08800000000000001,0.048,0.46736422521175885,0.4092465753424658,0.006382978723404255,0.011689691817215728,0.253
V4R,0.7215568862275449,0.0,0.27644710578842313,0.001996007984031936,7.8,0.036889332003988036,0.26965174129353237,0.336318407960199,0.3940298507462687,700385.0,15285.0,5232.0,5007.0,39.0,3.0,0.8895522388059701,0.11044776119402985,0.0,0.081,105929.0,0.03406113537117904,0.08199999999999999,0.045,0.27812113720642767,0.2140391254315305,0.008964143426294821,0.02193419740777667,0.203
V4S,0.8510204081632653,0.0,0.14489795918367346,0.004081632653061225,7.4,0.07581967213114754,0.36885245901639346,0.29508196721311475,0.3360655737704918,602084.0,7326.0,2556.0,2453.0,42.6,2.9,0.8521560574948666,0.14784394250513347,0.0,0.122,87957.0,0.02154398563734291,0.114,0.039,0.3168402777777778,0.14409937888198757,0.014344262295081968,0.03483606557377049,0.27
V4T,0.588261253309797,0.0,0.3124448367166814,0.09929390997352162,6.8,0.045033112582781455,0.23454063604240283,0.4134275618374558,0.35203180212014135,449308.0,27996.0,12021.0,11332.0,48.3,2.4,0.8141280353200883,0.1845474613686534,0.0013245033112582781,0.105,72826.0,0.021807553956834532,0.14300000000000002,0.073,0.4052044609665427,0.1382787180410515,0.006181015452538631,0.02207505518763797,0.184
V4V,0.6339210747271201,0.0,0.2619647355163728,0.10411418975650713,6.8,0.05025125628140704,0.33807531380753136,0.34560669456066945,0.3163179916317992,501247.0,14614.0,7235.0,5953.0,46.3,2.4,0.8030176026823135,0.1969823973176865,0.0,0.107,77109.0,0.02904040404040404,0.114,0.077,0.33592153657539847,0.16891891891891891,0.005029337803855826,0.02347024308466052,0.20199999999999999
V4W,0.559685489635454,0.0,0.35954253037884204,0.08077197998570407,6.9,0.05722460658082976,0.45994277539341916,0.3834048640915594,0.15665236051502146,578764.0,19443.0,7378.0,6994.0,41.1,2.8,0.7541100786275912,0.2444603288062902,0.0014295925661186562,0.12300000000000001,78272.0,0.015888778550148957,0.12300000000000001,0.052000000000000005,0.32945614586607985,0.10385898046688899,0.014316392269148175,0.035050071530758224,0.207
V4X,0.748378728923476,0.0,0.23865110246433205,0.01297016861219196,7.9,0.05317769130998703,0.4150453955901427,0.191958495460441,0.39299610894941633,764575.0,12774.0,4112.0,3856.0,38.3,3.3,0.7649350649350649,0.23506493506493506,0.0,0.08199999999999999,96704.0,0.02773497688751926,0.1,0.043,0.3111332007952286,0.19176029962546817,0.027237354085603113,0.04155844155844156,0.22
V4Z,0.928125,0.0,0.04375,0.028125,7.7,0.08469055374592833,0.29411764705882354,0.2581699346405229,0.4477124183006536,577253.0,4851.0,1900.0,1599.0,40.4,2.9,0.8571428571428571,0.13636363636363635,0.006493506493506494,0.11,90837.0,0.027298850574712645,0.10300000000000001,0.044000000000000004,0.35694050991501414,0.16204690831556504,0.009771986970684038,0.03257328990228013,0.184
V5A,0.2970027247956403,0.1678474114441417,0.535149863760218,0.0,6.0,0.046994535519125684,0.42513661202185793,0.35027322404371586,0.22459016393442624,1198541.0,23960.0,9741.0,9177.0,40.2,2.6,0.6081967213114754,0.3918032786885246,0.0,0.198,74691.0,0.03268142048378796,0.087,0.068,0.39309494451294696,0.45001991238550376,0.02896174863387978,0.06120218579234973,0.22399999999999998
V5B,0.3715651135005974,0.10991636798088411,0.5185185185185185,0.0,6.1,0.08180201541197392,0.6163410301953819,0.22320899940793368,0.16044997039668443,1296289.0,22454.0,8842.0,8371.0,41.5,2.7,0.6502667457024304,0.34973325429756963,0.0,0.18100000000000002,72320.0,0.025313010342950464,0.099,0.06,0.3761941647301833,0.36835844567803333,0.027860106698280974,0.06757557794902193,0.254
V5C,0.23664717348927874,0.3231968810916179,0.439766081871345,0.0003898635477582846,5.2,0.042088854247856584,0.33034670821971174,0.23646279703934553,0.43319049474094273,801361.0,30408.0,13518.0,12828.0,39.9,2.3,0.7065471551052221,0.29345284489477785,0.0,0.15,72903.0,0.025666144200626958,0.091,0.055999999999999994,0.33593601218815466,0.4073143495254048,0.02260327357755261,0.050272798129384254,0.254
V5E,0.22259615384615383,0.2701923076923077,0.5072115384615384,0.0,5.0,0.08108108108108109,0.42884708152436085,0.29232995658465993,0.27882296189097927,752347.0,26272.0,10944.0,10393.0,41.7,2.5,0.5886045388701111,0.41139546112988895,0.0,0.233,58898.0,0.02092148566055477,0.111,0.063,0.38586588394671484,0.39040864572779466,0.045366795366795366,0.09845559845559845,0.311
V5G,0.2990056818181818,0.002840909090909091,0.6981534090909091,0.0,6.0,0.05777460770328103,0.5064194008559201,0.29243937232524964,0.20114122681883023,1077241.0,19862.0,7476.0,7040.0,43.3,2.8,0.68830242510699,0.31169757489301,0.0,0.152,77252.0,0.019613947696139476,0.111,0.061,0.37481393271807084,0.3765460375629867,0.030670470756062766,0.05777460770328103,0.235
V5H,0.04332029066517608,0.46478479597540523,0.49189491335941865,0.0,3.9,0.06957250628667226,0.3687150837988827,0.4075418994413408,0.22374301675977654,500596.0,38845.0,19530.0,17889.0,39.6,2.2,0.5036312849162011,0.4963687150837989,0.0,0.304,48294.0,0.0105198963256594,0.11699999999999999,0.07,0.4039221425435387,0.4661851608667104,0.06955307262569832,0.1558659217877095,0.38799999999999996
V5J,0.3160621761658031,0.008419689119170985,0.6755181347150259,0.0,5.9,0.04919093851132686,0.42033678756476683,0.2661917098445596,0.3134715025906736,1196174.0,21918.0,8388.0,7721.0,39.7,2.8,0.6757281553398058,0.32427184466019415,0.0,0.198,69314.0,0.01770657672849916,0.10099999999999999,0.062,0.36574198761109616,0.4039761431411531,0.04336569579288026,0.08737864077669903,0.303
V5K,0.34685479129923574,0.005878894767783657,0.6472663139329806,0.0,6.0,0.07206142941523921,0.5974025974025974,0.2190082644628099,0.18358913813459268,1203675.0,23016.0,9129.0,8504.0,42.0,2.7,0.628099173553719,0.371900826446281,0.0,0.135,74645.0,0.02124868835257083,0.11,0.055,0.33682864450127875,0.322435174746336,0.028942705256940343,0.0661547548730065,0.223
V5L,0.07448880233690361,0.04089581304771178,0.8846153846153846,0.0,4.1,0.11482558139534883,0.6747455162384877,0.24188075618031993,0.08337372758119244,751560.0,19720.0,10810.0,10272.0,38.2,1.9,0.3483527131782946,0.6516472868217055,0.0,0.21899999999999997,53023.0,0.01675485008818342,0.099,0.057999999999999996,0.25602064220183485,0.40440366972477065,0.01695736434108527,0.06976744186046512,0.24100000000000002
V5M,0.27609223300970875,0.03398058252427184,0.6899271844660194,0.0,5.7,0.07155963302752294,0.45198776758409787,0.3119266055045872,0.236085626911315,1298392.0,23053.0,8909.0,8241.0,42.8,2.7,0.5718654434250765,0.42813455657492355,0.0,0.184,63093.0,0.011509285901124771,0.145,0.057999999999999996,0.3924211597151577,0.2785315243415802,0.03547400611620795,0.08017135862913097,0.252
V5N,0.13593586615545486,0.07180202161031718,0.7922621122342279,0.0,4.8,0.07393266227004512,0.5432141617493925,0.2464422075668171,0.21034363068379036,1099810.0,35045.0,15331.0,14351.0,38.0,2.4,0.46199236376258246,0.5380076362374175,0.0,0.175,63492.0,0.016297821238634415,0.10400000000000001,0.057,0.30327732490434206,0.3963838664812239,0.034015966678236725,0.09403192227619708,0.248
V5P,0.2264691829909221,0.0,0.7735308170090779,0.0,5.9,0.048456057007125894,0.3691211401425178,0.3857482185273159,0.24513064133016627,1395279.0,31920.0,11594.0,10466.0,42.9,3.0,0.5938242280285035,0.40617577197149646,0.0,0.175,67252.0,0.010444360045575389,0.135,0.066,0.38243831640058057,0.27813822284908324,0.05846007604562738,0.1187648456057007,0.24600000000000002
V5R,0.16189069423929098,0.1790251107828656,0.6590841949778434,0.0,5.2,0.05581807442409923,0.35893648449039883,0.36986706056129987,0.2711964549483013,1105499.0,46565.0,19034.0,16927.0,39.6,2.7,0.5807976366322009,0.4192023633677991,0.0,0.182,62756.0,0.006278831368528959,0.126,0.061,0.3517266805948138,0.3038532110091743,0.05906674542232723,0.119314825753101,0.28300000000000003
V5S,0.20191387559808613,0.06746411483253588,0.730622009569378,0.0,5.6,0.06657088122605365,0.45067049808429116,0.37116858237547895,0.1781609195402299,999952.0,28773.0,11155.0,10450.0,44.4,2.7,0.607946385830541,0.39205361416945905,0.0,0.161,73114.0,0.015544041450777202,0.115,0.051,0.37665837479270314,0.3705357142857143,0.035919540229885055,0.06609195402298851,0.22699999999999998
V5T,0.023993808049535603,0.17724458204334365,0.7987616099071208,0.0,3.6,0.10316846986089645,0.5835266821345708,0.22505800464037123,0.191415313225058,526826.0,23911.0,13710.0,12924.0,35.8,1.8,0.3678516228748068,0.6321483771251932,0.0,0.172,60370.0,0.02527075812274368,0.061,0.047,0.19004951662343786,0.4893192822557676,0.02704791344667697,0.08462132921174652,0.231
V5V,0.2064864864864865,0.009189189189189189,0.7843243243243243,0.0,5.6,0.06634304207119741,0.5496760259179265,0.24622030237580994,0.2041036717062635,1300055.0,24560.0,10065.0,9253.0,37.9,2.6,0.609282245008095,0.39071775499190503,0.0,0.109,81653.0,0.03338315894369706,0.079,0.052000000000000005,0.2689788988600534,0.474247491638796,0.03184025903939557,0.07015650296815974,0.217
V5W,0.20815752461322082,0.02109704641350211,0.770745428973277,0.0,5.7,0.05088339222614841,0.5067043048694425,0.28087508821453777,0.21242060691601977,1399931.0,19706.0,7935.0,7111.0,41.2,2.7,0.5710247349823322,0.42897526501766786,0.0,0.152,70493.0,0.01876172607879925,0.109,0.052000000000000005,0.3366545893719807,0.41358869129046966,0.04240282685512368,0.08975265017667844,0.239
V5X,0.14721627408993576,0.057815845824411134,0.7949678800856531,0.0,5.5,0.05379236148466918,0.4208826695371367,0.2890204520990312,0.2900968783638321,1399785.0,28820.0,10751.0,9340.0,39.0,3.0,0.541151156535772,0.4588488434642281,0.0,0.175,66454.0,0.010808473843493299,0.132,0.059000000000000004,0.3572755417956656,0.3377720038973693,0.08180839612486544,0.13986013986013987,0.319
V5Y,0.1717171717171717,0.3383838383838384,0.4898989898989899,0.0,4.8,0.06435331230283911,0.38548895899053626,0.15331230283911673,0.461198738170347,1499980.0,17201.0,8757.0,7915.0,37.0,2.2,0.5246212121212122,0.4753787878787879,0.0,0.132,85330.0,0.06897735072065889,0.045,0.042,0.27656042496679945,0.6226164079822616,0.020202020202020204,0.05362776025236593,0.284
V5Z,0.107756618671621,0.2275894101254064,0.6646539712029726,0.0,4.4,0.084910013844024,0.39289012003693446,0.43951985226223456,0.16759002770083103,750304.0,22547.0,11399.0,10768.0,41.2,2.0,0.5281625115420129,0.47183748845798706,0.0,0.156,75705.0,0.05857181064455737,0.06,0.053,0.3093693226057617,0.6080933284724754,0.019390581717451522,0.05768343331795108,0.249
V6A,0.03446418955304254,0.5697361335487345,0.39579967689822293,0.0,3.2,0.09339774557165861,0.43609022556390975,0.3109559613319012,0.252953813104189,699910.0,18719.0,10551.0,9286.0,46.4,1.7,0.2726784755770263,0.7273215244229737,0.0,0.424,28631.0,0.028581898131183583,0.14800000000000002,0.08,0.42490974729241876,0.3587746625129803,0.031132581857219538,0.06602254428341385,0.321
V6B,0.0002947244326554671,0.9378131447096965,0.0618921308576481,0.0,3.3,0.03326464527524286,0.09572901325478646,0.26686303387334315,0.6374079528718704,599642.0,29376.0,19099.0,16962.0,35.0,1.6,0.4013545347467609,0.5986454652532391,0.0,0.24100000000000002,65470.0,0.04865938430983118,0.039,0.053,0.228410634581797,0.573145366304599,0.020900794818957905,0.0724168383868119,0.353
V6C,0.0,0.955719557195572,0.04428044280442804,0.0,3.9,0.02214022140221402,0.011111111111111112,0.08518518518518518,0.9037037037037037,2004291.0,2554.0,1853.0,1355.0,39.6,1.9,0.5092250922509225,0.4907749077490775,0.0,0.23399999999999999,74667.0,0.12276785714285714,0.023,0.052000000000000005,0.39832285115303984,0.6011904761904762,0.025830258302583026,0.09225092250922509,0.452
V6E,0.0005943536404160475,0.8092124814264487,0.1901931649331352,0.0,3.2,0.0693452380952381,0.5684523809523809,0.3044642857142857,0.12708333333333333,599487.0,26907.0,18399.0,16826.0,36.4,1.6,0.2363095238095238,0.7636904761904761,0.0,0.24,53383.0,0.03133788670148654,0.055,0.048,0.24088310664301202,0.5350701402805611,0.02977076510866329,0.10896100029770765,0.33299999999999996
V6G,0.0014132278123233466,0.7849067269643867,0.21368004522328998,0.0,3.2,0.07039864291772689,0.6949392140231835,0.20695504664970313,0.09810573932711338,599112.0,27198.0,18893.0,17691.0,41.7,1.5,0.21826406559230987,0.7817359344076902,0.0,0.225,52534.0,0.03768745067087609,0.07200000000000001,0.057999999999999996,0.27747572815533983,0.5152224824355972,0.02374893977947413,0.0961266610121572,0.282
V6H,0.06550868486352357,0.24516129032258063,0.6883374689826303,0.0009925558312655087,4.0,0.08699950568462679,0.616106719367589,0.2648221343873518,0.1190711462450593,697924.0,17848.0,10467.0,10075.0,39.5,1.7,0.3771626297577855,0.6228373702422145,0.0,0.147,66885.0,0.05580357142857143,0.049,0.052000000000000005,0.2488306828811974,0.5748198389147944,0.009886307464162136,0.050914483440435,0.23600000000000002
V6J,0.06556717618664522,0.25382139983909896,0.6806114239742558,0.0,4.1,0.07330903199675982,0.534008097165992,0.28663967611336033,0.17935222672064777,750941.0,22188.0,13162.0,12426.0,39.6,1.8,0.43944916970433373,0.5605508302956662,0.0,0.17300000000000001,68910.0,0.06634221311475409,0.047,0.048,0.27666499749624435,0.6166839021027232,0.017408906882591092,0.06477732793522267,0.258
V6K,0.06010137581462708,0.07422157856625633,0.8656770456191166,0.0,4.4,0.06719653179190752,0.5756590827013363,0.29577464788732394,0.12856626941133983,1000381.0,26424.0,14875.0,13812.0,37.7,1.9,0.4407514450867052,0.5592485549132948,0.0,0.141,74552.0,0.06557377049180328,0.047,0.054000000000000006,0.2536966624419096,0.6218876664736538,0.013728323699421965,0.05057803468208093,0.24600000000000002
V6L,0.6253369272237197,0.06064690026954178,0.3140161725067385,0.0,7.2,0.059445178335535004,0.5514511873350924,0.2691292875989446,0.17941952506596306,3007599.0,10479.0,4082.0,3716.0,45.8,2.7,0.7817460317460317,0.21825396825396826,0.0,0.2,87680.0,0.09023941068139964,0.057,0.055,0.47045454545454546,0.6015252621544328,0.011889035667107,0.034346103038309116,0.37200000000000005
V6M,0.3391304347826087,0.24492753623188407,0.41594202898550725,0.0,5.8,0.05547550432276657,0.6011519078473722,0.24046076313894887,0.1583873290136789,2496719.0,16348.0,7443.0,6905.0,46.8,2.3,0.569164265129683,0.430835734870317,0.0,0.24600000000000002,66962.0,0.07718246534282502,0.064,0.07200000000000001,0.46745976207137857,0.5963746223564955,0.029517638588912886,0.07847372210223182,0.368
V6N,0.6830031282586028,0.0010427528675703858,0.3159541188738269,0.0,8.2,0.06799163179916318,0.560796645702306,0.24109014675052412,0.19811320754716982,3011501.0,14057.0,5302.0,4794.0,44.9,2.9,0.8190376569037657,0.17573221757322174,0.005230125523012552,0.149,110499.0,0.12545620437956204,0.04,0.079,0.42998707453683754,0.6210601719197708,0.0062827225130890054,0.025130890052356022,0.27
V6P,0.3134093590247739,0.06213134093590248,0.6244593000393236,0.0,5.2,0.06482213438735178,0.5355731225296443,0.3,0.16442687747035573,2112271.0,30697.0,13465.0,12718.0,43.1,2.4,0.4642151047844998,0.5357848952155002,0.0,0.23800000000000002,58472.0,0.03900431203449627,0.076,0.063,0.40407086317376556,0.4704532415375789,0.036758893280632414,0.09331751680506128,0.324
V6R,0.30481927710843376,0.05542168674698795,0.6397590361445783,0.0,5.8,0.06480920654149,0.6244700181708056,0.23076923076923078,0.14476075105996367,2497630.0,19416.0,9124.0,8303.0,41.8,2.3,0.5748031496062992,0.4251968503937008,0.0,0.172,82530.0,0.10245128849780012,0.047,0.059000000000000004,0.3755739210284665,0.647175421209118,0.008479709267110842,0.04600484261501211,0.295
V6S,0.3739130434782609,0.19456521739130433,0.4315217391304348,0.0,6.1,0.03425414364640884,0.4170353982300885,0.13827433628318583,0.4446902654867257,2501468.0,12152.0,5384.0,4599.0,39.4,2.6,0.6585635359116022,0.3414364640883978,0.0,0.258,77284.0,0.083829096809086,0.052000000000000005,0.07,0.47002518891687656,0.653713298791019,0.020994475138121547,0.06740331491712707,0.39899999999999997
V6T,0.09580193756727665,0.2874058127018299,0.6167922497308934,0.0,4.5,0.045550847457627115,0.16825396825396827,0.3439153439153439,0.48783068783068784,858492.0,12722.0,6489.0,4648.0,28.7,2.3,0.46659597030752914,0.5334040296924708,0.0,0.373,48226.0,0.06023391812865497,0.045,0.107,0.48300053966540746,0.7393715341959335,0.05296610169491525,0.13877118644067796,0.405
V6V,0.42568542568542567,0.0,0.5613275613275613,0.012987012987012988,6.1,0.055793991416309016,0.16738197424892703,0.6995708154506438,0.13304721030042918,779787.0,11177.0,3540.0,3467.0,40.8,3.2,0.7367668097281831,0.2632331902718169,0.0,0.122,89344.0,0.01753393665158371,0.09300000000000001,0.044000000000000004,0.3217900905700586,0.31574923547400613,0.06437768240343347,0.08571428571428572,0.23199999999999998
V6W,0.29411764705882354,0.0,0.7058823529411765,0.0,4.5,0.03787878787878788,0.19696969696969696,0.09848484848484848,0.7045454545454546,429310.0,1628.0,773.0,684.0,44.3,2.2,0.556390977443609,0.44360902255639095,0.0,0.16699999999999998,65408.0,0.022727272727272728,0.08800000000000001,0.055999999999999994,0.27346938775510204,0.3446327683615819,0.015151515151515152,0.05263157894736842,0.361
V6X,0.17192307692307693,0.3453846153846154,0.4823076923076923,0.0003846153846153846,4.5,0.042725173210161664,0.13977666538313438,0.37543319214478243,0.4847901424720832,501148.0,33695.0,14352.0,13000.0,39.6,2.5,0.6859122401847575,0.3140877598152425,0.0,0.258,55243.0,0.008568368439842914,0.109,0.069,0.3673890608875129,0.388055972013993,0.0642802155504234,0.11585835257890685,0.366
V6Y,0.11162079510703364,0.24515800203873597,0.6432212028542303,0.0,4.4,0.062276671771311895,0.1774317079397498,0.440388052080674,0.38218023997957623,501602.0,47768.0,20586.0,19618.0,43.9,2.4,0.732193004850651,0.26780699514934897,0.0,0.289,52115.0,0.011537496864810634,0.11800000000000001,0.057,0.41339575081022684,0.4329390354868062,0.05666156202143951,0.09673302705461971,0.376
V6Z,0.0004935834155972359,0.9605133267522211,0.03899308983218164,0.0,3.6,0.027281746031746032,0.0887456618740704,0.4367873078829945,0.4744670302429351,801107.0,17832.0,11392.0,10125.0,38.4,1.7,0.4603174603174603,0.5396825396825397,0.0,0.214,69702.0,0.07491233662735097,0.040999999999999995,0.055999999999999994,0.2817955112219451,0.599836333878887,0.022321428571428572,0.07738095238095238,0.355
V7A,0.4831271091113611,0.0,0.516872890888639,0.0,6.3,0.05070422535211268,0.6010158013544018,0.21388261851015802,0.18510158013544017,1003001.0,26618.0,9316.0,8892.0,43.5,3.0,0.7390078917700112,0.26099210822998875,0.0,0.18,74150.0,0.016724738675958188,0.11199999999999999,0.055,0.3813013546524539,0.379536812996889,0.05073280721533258,0.07440811724915446,0.289
V7B,0.8166666666666667,0.0,0.18333333333333332,0.0,6.4,0.15873015873015872,0.859375,0.0625,0.078125,874683.0,814.0,302.0,298.0,42.8,2.7,0.8253968253968254,0.1746031746031746,0.0,0.049,102400.0,0.046875,0.065,0.0,0.29927007299270075,0.32673267326732675,0.0,0.031746031746031744,0.154
V7C,0.4452005730659026,0.06840974212034384,0.48603151862464183,0.00035816618911174784,5.9,0.06153846153846154,0.38461538461538464,0.39177101967799643,0.22361359570661896,1200916.0,39252.0,14742.0,13958.0,44.2,2.8,0.7434704830053668,0.2565295169946333,0.0,0.255,64911.0,0.024724409448818898,0.102,0.069,0.43417325182645,0.4230945821854913,0.03828264758497316,0.0704830053667263,0.353
V7E,0.5507567368032484,0.010705057216685123,0.4377999261720192,0.0007382798080472499,6.3,0.0450018443378827,0.40486725663716816,0.3886430678466077,0.20648967551622419,1100625.0,37357.0,13867.0,13540.0,45.8,2.7,0.8218369605311693,0.1781630394688307,0.0,0.14400000000000002,86660.0,0.03412512546002008,0.09,0.049,0.3859760956175299,0.4456602835115643,0.018443378827001106,0.03282921431206197,0.223
V7G,0.49716231555051077,0.188422247446084,0.31441543700340524,0.0,7.0,0.052451539338654506,0.4200913242009132,0.4189497716894977,0.16095890410958905,1300424.0,11673.0,4605.0,4408.0,45.4,2.6,0.8164196123147093,0.18358038768529075,0.0,0.064,114359.0,0.09139497594869055,0.054000000000000006,0.059000000000000004,0.3085215605749487,0.46692913385826773,0.010262257696693273,0.026225769669327253,0.17
V7H,0.45052631578947366,0.021052631578947368,0.5284210526315789,0.0,6.9,0.050314465408805034,0.5031380753138075,0.39435146443514646,0.10251046025104603,1114006.0,13232.0,4839.0,4749.0,44.2,2.7,0.7955974842767296,0.20440251572327045,0.0,0.081,100983.0,0.0622568093385214,0.076,0.042,0.32723004694835683,0.4402054292002935,0.015723270440251572,0.03563941299790356,0.195
V7J,0.3062200956937799,0.10845295055821372,0.583732057416268,0.001594896331738437,6.1,0.06575781876503609,0.6458333333333334,0.19791666666666666,0.15625,949920.0,16743.0,6570.0,6270.0,43.0,2.6,0.6942215088282504,0.2945425361155698,0.011235955056179775,0.113,87196.0,0.03936703975299112,0.087,0.045,0.30450849963045085,0.39215686274509803,0.016051364365971106,0.05052125100240577,0.225
V7K,0.5640718562874252,0.0,0.4359281437125748,0.0,7.7,0.06823529411764706,0.6654888103651354,0.2143698468786808,0.12014134275618374,1297438.0,12391.0,4326.0,4177.0,41.5,3.0,0.8413631022326674,0.15863689776733256,0.0,0.07400000000000001,119680.0,0.07724645296899632,0.057,0.047,0.28043912175648705,0.5043988269794721,0.002352941176470588,0.023529411764705882,0.201
V7L,0.1659802306425041,0.1902800658978583,0.64332784184514,0.00041186161449752884,4.9,0.05965202982601491,0.5824357912178956,0.22949461474730737,0.188069594034797,971556.0,26608.0,13130.0,12140.0,42.5,2.2,0.5095277547638773,0.4904722452361226,0.0,0.151,69295.0,0.03939877021179686,0.083,0.048,0.29986702127659576,0.412387676508344,0.0347970173985087,0.08782104391052195,0.239
V7M,0.062193927522037215,0.3168462291870715,0.6175318315377081,0.0034280117531831538,4.1,0.054411764705882354,0.458108770210681,0.25771680548750614,0.28417442430181283,551851.0,20181.0,10907.0,10205.0,42.4,2.0,0.5174104953408534,0.4801373222167729,0.0024521824423737125,0.187,62991.0,0.027501462843768285,0.08900000000000001,0.054000000000000006,0.3058156028368794,0.44536489151873765,0.037745098039215684,0.08529411764705883,0.304
V7N,0.5358455882352942,0.024816176470588234,0.43933823529411764,0.0,7.1,0.060550458715596334,0.692942254812099,0.20439963336388633,0.10265811182401467,1503700.0,14883.0,5844.0,5441.0,45.5,2.7,0.76993583868011,0.23006416131989002,0.0,0.107,101833.0,0.08161548169962138,0.064,0.05,0.3457339264051759,0.49967679379444085,0.007332722273143905,0.032080659945004586,0.228
V7P,0.30303030303030304,0.29292929292929293,0.3856749311294766,0.018365472910927456,5.0,0.08409506398537477,0.5735159817351598,0.26118721461187216,0.16529680365296803,856277.0,13034.0,5719.0,5454.0,42.6,2.3,0.6276303751143641,0.36596523330283626,0.006404391582799634,0.184,64331.0,0.0392908481073311,0.09300000000000001,0.068,0.33517750115260486,0.4543028685790527,0.04204753199268738,0.08592321755027423,0.3
V7R,0.7527638190954774,0.0,0.24723618090452262,0.0,8.0,0.04718875502008032,0.6609829488465396,0.1905717151454363,0.14844533600802406,1893073.0,14770.0,5275.0,4980.0,45.1,3.0,0.8734939759036144,0.12650602409638553,0.0,0.10300000000000001,124570.0,0.11868131868131868,0.05,0.062,0.38365304420350294,0.5933242506811989,0.006024096385542169,0.012048192771084338,0.235
V7S,0.7127516778523489,0.040268456375838924,0.24697986577181208,0.0,7.8,0.052489905787348586,0.5343203230148048,0.26648721399730824,0.19919246298788695,2579983.0,10521.0,4350.0,3721.0,47.0,2.8,0.8450134770889488,0.15498652291105122,0.0,0.203,98105.0,0.10944976076555024,0.044000000000000004,0.059000000000000004,0.47214561500275787,0.5803738317757009,0.016150740242261104,0.01881720430107527,0.395
V7T,0.36623376623376624,0.38051948051948054,0.2519480519480519,0.0012987012987012987,5.8,0.056338028169014086,0.6512820512820513,0.20256410256410257,0.14615384615384616,2000830.0,9274.0,4185.0,3847.0,51.5,2.3,0.6594110115236875,0.3405889884763124,0.0,0.222,66880.0,0.0821917808219178,0.084,0.065,0.4971135343168698,0.5720984759671747,0.03201024327784891,0.0678617157490397,0.342
V7V,0.43391902215431627,0.3537051184110008,0.21237585943468296,0.0,6.3,0.04688700999231361,0.6325903151421983,0.2275172943889316,0.1398923904688701,2499169.0,14952.0,7179.0,6541.0,53.1,2.2,0.6407692307692308,0.35923076923076924,0.0,0.184,77703.0,0.12103505843071787,0.054000000000000006,0.055,0.5223700120918985,0.5964052287581699,0.01614142966948501,0.043812451960030745,0.29
V7W,0.7732919254658385,0.013975155279503106,0.2127329192546584,0.0,8.1,0.052795031055900624,0.546583850931677,0.32298136645962733,0.13043478260869565,2003782.0,8611.0,3582.0,3222.0,50.2,2.7,0.8771384136858476,0.12286158631415241,0.0,0.114,138240.0,0.16333808844507847,0.040999999999999995,0.052000000000000005,0.4120054570259209,0.5789473684210527,0.007776049766718507,0.015552099533437015,0.215
V7X,,,,,,,,,,,0.0,1.0,1.0,,,,,,,,,,,,,,,
V7Y,,,,,,,,,,,5.0,1.0,1.0,,,,,,,,,,,,,,,
V8A,0.7688622754491018,0.0017964071856287425,0.18682634730538922,0.04251497005988024,6.4,0.09464285714285714,0.6472337894110648,0.2462819750148721,0.10648423557406306,269748.0,18135.0,9122.0,8355.0,52.8,2.1,0.7619047619047619,0.23273809523809524,0.005357142857142857,0.177,55372.0,0.011084984884111521,0.195,0.075,0.46729580214773836,0.14316469321851452,0.005955926146515783,0.02142857142857143,0.146
V8B,0.39532293986636974,0.030066815144766147,0.5534521158129176,0.021158129175946547,5.9,0.06781485468245425,0.34049409237379163,0.280343716433942,0.3791621911922664,601749.0,11772.0,4709.0,4489.0,37.4,2.6,0.6878363832077503,0.310010764262648,0.002152852529601722,0.10800000000000001,85159.0,0.02612562534741523,0.08800000000000001,0.057,0.2370757180156658,0.32220708446866486,0.01829924650161464,0.04843918191603875,0.23
V8C,0.6571428571428571,0.0,0.32,0.022857142857142857,6.9,0.11714285714285715,0.8042857142857143,0.15857142857142856,0.037142857142857144,276154.0,8131.0,4244.0,3500.0,43.0,2.3,0.7957142857142857,0.2042857142857143,0.0,0.083,92365.0,0.04157043879907621,0.094,0.125,0.37174721189591076,0.13215859030837004,0.004285714285714286,0.014285714285714285,0.067
V8G,0.6831489915419648,0.0,0.2335718932986337,0.08327911515940144,6.7,0.10879478827361563,0.5795306388526728,0.31290743155149936,0.1075619295958279,299884.0,19144.0,8350.0,7675.0,40.1,2.5,0.7322475570032573,0.26384364820846906,0.003908794788273616,0.132,74897.0,0.018836192398250923,0.128,0.10400000000000001,0.3121951219512195,0.17454194792671165,0.016286644951140065,0.04169381107491857,0.09699999999999999
V8J,0.5715725806451613,0.007056451612903226,0.4012096774193548,0.020161290322580645,6.3,0.14242424242424243,0.780241935483871,0.19254032258064516,0.02721774193548387,296304.0,12275.0,5746.0,4959.0,40.6,2.4,0.598989898989899,0.401010101010101,0.0,0.177,73101.0,0.02524986849026828,0.131,0.127,0.3218098627351296,0.1350337584396099,0.01818181818181818,0.056622851365015166,0.125
V8K,0.8092783505154639,0.0,0.14329896907216494,0.04742268041237113,6.0,0.06707946336429309,0.4200206398348813,0.4148606811145511,0.1651186790505676,501527.0,10561.0,5890.0,4845.0,55.4,2.1,0.760577915376677,0.239422084623323,0.0,0.196,59067.0,0.028296547821165818,0.139,0.044000000000000004,0.41763085399449035,0.3346303501945525,0.011351909184726523,0.04639175257731959,0.23800000000000002
V8L,0.5654475457170356,0.012993262752646775,0.42059672762271416,0.0009624639076034649,6.7,0.04042348411934552,0.44990366088631983,0.40895953757225434,0.14113680154142583,600738.0,23422.0,11227.0,10389.0,57.4,2.2,0.809432146294514,0.18960538979788258,0.0009624639076034649,0.085,78758.0,0.03658844309866263,0.126,0.048,0.4816457255481646,0.30684538056486355,0.003368623676612127,0.017324350336862367,0.156
V8M,0.5335820895522388,0.0037313432835820895,0.4052238805970149,0.057462686567164176,6.7,0.0493642483171279,0.4525056095736724,0.41660433807030667,0.13089005235602094,598884.0,16168.0,6940.0,6695.0,51.1,2.4,0.7994011976047904,0.19311377245508982,0.0074850299401197605,0.073,77246.0,0.024971623155505107,0.122,0.059000000000000004,0.3909358879882093,0.26346153846153847,0.008975317875841436,0.02916978309648467,0.147
V8N,0.5720294426919033,0.0005257623554153522,0.4274447949526814,0.0,7.2,0.038702928870292884,0.6493982208267922,0.2621664050235479,0.08843537414965986,750661.0,25065.0,10410.0,9509.0,45.3,2.6,0.7515690376569037,0.24843096234309622,0.0,0.132,85536.0,0.03740157480314961,0.09699999999999999,0.071,0.42665726375176305,0.5052264808362369,0.01202928870292887,0.029288702928870293,0.18100000000000002
V8P,0.5107351984385166,0.0006506180871828237,0.48796356538711777,0.0006506180871828237,6.6,0.03618421052631579,0.7447368421052631,0.19407894736842105,0.06118421052631579,649025.0,18167.0,8262.0,7695.0,45.2,2.3,0.6975673898750822,0.30243261012491784,0.0,0.131,72982.0,0.023317788141239172,0.111,0.064,0.4096109839816934,0.4468822170900693,0.008552631578947369,0.030900723208415515,0.171
V8R,0.4,0.013921113689095127,0.5860788863109049,0.0,5.8,0.07620383356708742,0.8172043010752689,0.14165497896213183,0.04114071996259935,697627.0,23572.0,11244.0,10771.0,43.2,2.1,0.5460495558672277,0.4539504441327723,0.0,0.14300000000000002,65640.0,0.03789858860428646,0.086,0.054000000000000006,0.33537206931702346,0.47345309381237527,0.005142589995324918,0.03693314633006078,0.187
V8S,0.4701120797011208,0.06351183063511831,0.4663760896637609,0.0,6.2,0.049159925326695705,0.8454828660436137,0.10218068535825545,0.052336448598130844,851466.0,17102.0,8498.0,8027.0,51.7,2.1,0.6477909147479776,0.3522090852520224,0.0,0.109,78797.0,0.06464011180992313,0.08800000000000001,0.055999999999999994,0.4195519348268839,0.552757793764988,0.0031113876789047915,0.028002489110143122,0.159
V8T,0.1321928460342146,0.03265940902021773,0.8346293416277865,0.0005184033177812338,4.5,0.0636316606311433,0.6464803312629399,0.2686335403726708,0.08488612836438923,449654.0,20136.0,10141.0,9643.0,36.7,1.9,0.3579927573719607,0.6420072426280393,0.0,0.256,47374.0,0.00754242614707731,0.12,0.062,0.2738892270237371,0.35505028421512896,0.013450594930160372,0.07397827211588205,0.251
V8V,0.07707317073170732,0.22113821138211381,0.7017886178861789,0.0,4.1,0.0646830530401035,0.7452311671516327,0.17297122534755902,0.08179760750080828,448742.0,25892.0,16525.0,15380.0,49.3,1.6,0.3481074086056292,0.6518925913943707,0.0,0.192,50673.0,0.02104563579973416,0.11800000000000001,0.057999999999999996,0.3676120372374973,0.4417890064868556,0.007438551099611902,0.040103492884864166,0.205
V8W,0.0,0.7175572519083969,0.28091603053435116,0.0015267175572519084,3.0,0.0297339593114241,0.3875,0.209375,0.403125,348966.0,5201.0,4105.0,3268.0,42.8,1.4,0.2863849765258216,0.7136150234741784,0.0,0.299,42581.0,0.02870264064293915,0.095,0.063,0.30650887573964497,0.4235294117647059,0.00782472613458529,0.04381846635367762,0.34299999999999997
V8X,0.3328488372093023,0.02374031007751938,0.6434108527131783,0.0,5.9,0.05043227665706052,0.5180028804608737,0.3662986077772444,0.1156985117618819,598557.0,23811.0,10779.0,10323.0,42.0,2.3,0.6189332051898125,0.3810667948101874,0.0,0.142,70313.0,0.01874678993323061,0.107,0.059000000000000004,0.3418908911379906,0.3613994617454825,0.01440922190201729,0.04562920268972142,0.19
V8Y,0.6745932415519399,0.04130162703379224,0.28410513141426785,0.0,7.7,0.03759398496240601,0.34375,0.53125,0.125,802010.0,9830.0,4189.0,3998.0,53.9,2.5,0.8823529411764706,0.11764705882352941,0.0,0.064,106386.0,0.05934718100890208,0.094,0.053,0.45127610208816704,0.43347193347193347,0.0050062578222778474,0.011278195488721804,0.159
V8Z,0.43695742042166186,0.0028937577511368336,0.5597354278627532,0.00041339396444811904,6.5,0.053549190535491904,0.5120431893687708,0.32599667774086377,0.16196013289036545,559141.0,31079.0,12569.0,12095.0,42.3,2.5,0.7178423236514523,0.2821576763485477,0.0,0.105,78528.0,0.013039934800325998,0.11,0.047,0.3225044300059067,0.2748800959232614,0.0136986301369863,0.0327936903279369,0.20600000000000002
V9A,0.2210144927536232,0.1306935817805383,0.6325051759834368,0.015786749482401656,5.0,0.06766528925619834,0.640846888716757,0.2238574748257165,0.13529563645752646,480325.0,38699.0,20174.0,19320.0,44.1,2.0,0.5140717789827007,0.4854118254583011,0.0005163955589981926,0.155,59916.0,0.009831029185867896,0.126,0.061,0.34368932038834954,0.2917771883289125,0.009553317841466564,0.04777892561983471,0.213
V9B,0.4161735700197239,0.02197802197802198,0.5322626091856861,0.029585798816568046,6.2,0.042828965905888985,0.3130459284305438,0.27500704423781347,0.41194702733164273,481095.0,44244.0,18576.0,17747.0,40.5,2.4,0.6987883910960834,0.3012116089039166,0.0,0.102,79829.0,0.015638575152041704,0.10099999999999999,0.047,0.2941834451901566,0.2189114024632499,0.009298393913778529,0.030994646379261765,0.19399999999999998
V9C,0.5842438182863715,0.016101207590569294,0.39447958596894767,0.005175388154111558,7.0,0.04550691244239631,0.39746543778801846,0.24193548387096775,0.36059907834101385,549833.0,22785.0,9135.0,8697.0,41.1,2.6,0.7546082949308756,0.24539170506912442,0.0,0.071,90348.0,0.018631813125695215,0.096,0.053,0.30926724137931033,0.2259577795152463,0.00576036866359447,0.01669545192861255,0.185
V9E,0.821078431372549,0.0,0.17401960784313725,0.004901960784313725,7.4,0.0687960687960688,0.5763546798029556,0.30049261083743845,0.12315270935960591,800980.0,5155.0,2141.0,2035.0,50.9,2.5,0.8058968058968059,0.1941031941031941,0.0,0.075,97493.0,0.048919226393629126,0.086,0.036000000000000004,0.36423841059602646,0.2836624775583483,0.004914004914004914,0.03194103194103194,0.132
V9G,0.7606635071090048,0.0007898894154818325,0.165086887835703,0.07345971563981042,6.8,0.08088818398096749,0.4639746634996041,0.32779097387173395,0.2082343626286619,350135.0,14772.0,6599.0,6329.0,52.3,2.3,0.8225039619651348,0.16402535657686212,0.01347068145800317,0.122,67440.0,0.016142384105960264,0.163,0.075,0.4431137724550898,0.16556728232189974,0.006344171292624901,0.022997620935765267,0.153
V9H,0.8218085106382979,0.0,0.1023936170212766,0.07579787234042554,6.8,0.0758988015978695,0.2643524699599466,0.3658210947930574,0.369826435246996,349581.0,9304.0,3971.0,3758.0,46.9,2.4,0.8695073235685752,0.12649800266311584,0.0039946737683089215,0.087,79872.0,0.02710027100271003,0.128,0.083,0.38562091503267976,0.16533864541832669,0.006666666666666667,0.021333333333333333,0.121
V9J,0.9044943820224719,0.0,0.03089887640449438,0.06460674157303371,6.9,0.056417489421720736,0.44647887323943664,0.3929577464788732,0.16056338028169015,449552.0,8715.0,3810.0,3566.0,52.1,2.4,0.8629943502824858,0.1370056497175141,0.0,0.124,74695.0,0.022053756030323914,0.138,0.077,0.3967935871743487,0.19086294416243654,0.002824858757062147,0.029661016949152543,0.12300000000000001
V9K,0.8206896551724138,0.0,0.1393103448275862,0.04,6.4,0.04332874828060523,0.2920962199312715,0.47835051546391755,0.22955326460481099,424232.0,15654.0,8095.0,7249.0,60.9,2.1,0.8451479697178252,0.1548520302821748,0.0,0.147,63034.0,0.017903767251025736,0.19399999999999998,0.078,0.5665220535068691,0.1893063583815029,0.0041265474552957355,0.02200825309491059,0.14300000000000002
V9L,0.6362999299229152,0.0,0.3304134548002803,0.03328661527680449,6.5,0.07452764170748775,0.4646606018194542,0.3551434569629111,0.18019594121763471,358476.0,34378.0,14974.0,14272.0,47.1,2.3,0.7191325638335082,0.2763203917453655,0.004547044421126268,0.18100000000000002,60211.0,0.014134275618374558,0.171,0.07400000000000001,0.41708363116511793,0.1668601276842716,0.010496850944716585,0.035701785089254465,0.16899999999999998
V9M,0.7024198822759974,0.0006540222367560497,0.24395029431000653,0.052975801177240024,6.7,0.041666666666666664,0.392578125,0.3821614583333333,0.22526041666666666,374841.0,17208.0,7923.0,7639.0,53.2,2.2,0.8221498371335505,0.1778501628664495,0.0,0.11,68709.0,0.019801980198019802,0.152,0.07400000000000001,0.47026843357118586,0.2692771084337349,0.001954397394136808,0.007817589576547232,0.14400000000000002
V9N,0.5682738314317262,0.003312476996687523,0.395656974604343,0.032756716967243284,6.2,0.052999631947000365,0.3522267206477733,0.40522635259477363,0.24254692675745307,334255.0,30080.0,13970.0,13586.0,48.6,2.2,0.7130242825607064,0.2869757174392936,0.0,0.17300000000000001,59480.0,0.014121981170691772,0.174,0.084,0.43413471090800715,0.18426294820717132,0.004786450662739323,0.020986745213549336,0.156
V9P,0.7287568020092089,0.006278777731268313,0.21724570950188363,0.04771871075763918,6.3,0.04265997490589712,0.3191133416980343,0.4136344625679632,0.2672521957340025,400620.0,25359.0,12691.0,11946.0,59.7,2.1,0.8138854035968214,0.1861145964031786,0.0,0.129,64729.0,0.021610555050045496,0.183,0.07200000000000001,0.5512108420351033,0.2186523873270861,0.004182350480970306,0.017984107068172314,0.129
V9R,0.4888977002379064,0.045995241871530534,0.42862807295796984,0.03647898493259318,5.7,0.08177104108496211,0.5287081339712919,0.266347687400319,0.20494417862838915,320697.0,28376.0,13330.0,12610.0,42.2,2.2,0.5993615323224262,0.39904229848363926,0.0015961691939345571,0.23800000000000002,50486.0,0.009957955299845098,0.16899999999999998,0.08900000000000001,0.38843508168529667,0.20736115675320407,0.009573195053849222,0.04389465283320032,0.17600000000000002
V9S,0.405,0.06625,0.5275,0.00125,5.6,0.06775407779171895,0.6470219435736677,0.23887147335423198,0.11410658307210031,327248.0,16641.0,8466.0,7996.0,45.4,2.0,0.5338770388958595,0.46612296110414053,0.0,0.21899999999999997,50688.0,0.008820286659316428,0.16899999999999998,0.081,0.38177251524937206,0.20854700854700856,0.0037641154328732747,0.04328732747804266,0.20800000000000002
V9T,0.6190650109569028,0.009130752373995616,0.34477720964207453,0.02702702702702703,6.8,0.04449307075127644,0.3278628738147338,0.41174325309992704,0.2603938730853392,380492.0,33103.0,14084.0,13690.0,46.8,2.3,0.7712513681138271,0.22874863188617292,0.0,0.12,71119.0,0.016138219100056958,0.14400000000000002,0.069,0.4059006780282206,0.24924196482716798,0.003283473184968989,0.018606348048157608,0.168
V9V,0.6827586206896552,0.0011494252873563218,0.3160919540229885,0.0,7.3,0.022988505747126436,0.1113662456946039,0.6222732491389208,0.2663605051664753,474215.0,10934.0,4483.0,4347.0,51.9,2.4,0.825287356321839,0.17471264367816092,0.0,0.10800000000000001,81713.0,0.025832376578645237,0.128,0.07,0.45449500554938954,0.30678466076696165,0.0022988505747126436,0.012658227848101266,0.14800000000000002
V9W,0.5908733280881195,0.0,0.35955940204563336,0.04956726986624705,6.3,0.06608969315499606,0.49173228346456693,0.3594488188976378,0.14881889763779527,290600.0,28743.0,13319.0,12714.0,47.3,2.2,0.6879181424635971,0.31129476584022037,0.0007870916961826052,0.16699999999999998,60910.0,0.01697866782760122,0.16899999999999998,0.10099999999999999,0.40399159663865547,0.13328890369876709,0.004329004329004329,0.02243211334120425,0.145
V9X,0.8560700876095119,0.0,0.09136420525657071,0.052565707133917394,7.1,0.08068459657701711,0.4352078239608802,0.2946210268948655,0.2701711491442543,400155.0,10300.0,4133.0,3992.0,43.8,2.6,0.8376068376068376,0.15873015873015872,0.003663003663003663,0.114,79445.0,0.017083587553386213,0.124,0.071,0.35965417867435157,0.1566780821917808,0.006112469437652812,0.020757020757020756,0.136
V9Y,0.7406920718353044,0.009636443276390714,0.20937363118703461,0.04029785370127026,6.6,0.09110819097678494,0.7276707530647986,0.18563922942206654,0.08669001751313485,240177.0,25269.0,12381.0,11417.0,49.4,2.2,0.7311733800350263,0.2679509632224168,0.0008756567425569177,0.203,54996.0,0.008860447944868325,0.20800000000000002,0.10300000000000001,0.4619758351101635,0.0987460815047022,0.010070052539404553,0.029785370127025843,0.131
V9Z,0.708479327259986,0.000700770847932726,0.23545900490539592,0.05536089698668535,6.5,0.06685236768802229,0.34725121781489215,0.3221990257480863,0.33054975643702156,401161.0,17456.0,7827.0,7137.0,44.2,2.4,0.791782729805014,0.20334261838440112,0.004874651810584958,0.14800000000000002,71324.0,0.013828238719068414,0.129,0.064,0.3602355386214063,0.1824632539280284,0.00766016713091922,0.028551532033426183,0.22699999999999998
X0A,0.3941871026339691,0.019981834695731154,0.5831062670299727,0.0027247956403269754,4.7,0.21234119782214156,0.21435059037238874,0.40236148955495005,0.3832879200726612,421742.0,18958.0,6541.0,5510.0,26.3,3.4,0.19328493647912887,0.8067150635208712,0.0,,104789.0,0.05287071458075176,0.10300000000000001,0.17300000000000001,0.30823253999219663,0.17802197802197803,0.16969147005444646,0.26225045372050815,0.094
X0B,0.5015015015015015,0.0,0.4984984984984985,0.0,4.5,0.2912912912912913,0.2702702702702703,0.43543543543543545,0.29429429429429427,250167.0,6543.0,1869.0,1663.0,24.6,3.9,0.18674698795180722,0.8132530120481928,0.0,,77397.0,0.03593556381660471,0.17,0.28,0.3398843930635838,0.09827586206896552,0.2972972972972973,0.37537537537537535,0.065
X0C,0.5103969754253308,0.0,0.4896030245746692,0.0,4.6,0.34215500945179583,0.25996204933586337,0.43833017077798864,0.301707779886148,274842.0,10443.0,3023.0,2646.0,23.5,3.9,0.22117202268431002,0.77882797731569,0.0,,93550.0,0.035742652899126294,0.128,0.256,0.31935246504782927,0.10044642857142858,0.27977315689981097,0.3648393194706994,0.068
X0E,0.6831220813875917,0.01000667111407605,0.3028685790527018,0.004002668445630421,5.1,0.26,0.37333333333333335,0.4206666666666667,0.206,200612.0,21232.0,9363.0,7499.0,33.3,2.8,0.505003335557038,0.49299533022014674,0.0020013342228152103,,91520.0,0.04438726278546156,0.11,0.155,0.3333333333333333,0.1483467381590706,0.06866666666666667,0.12666666666666668,0.096
X0G,0.8529411764705882,0.0,0.14705882352941177,0.0,5.3,0.42424242424242425,0.1724137931034483,0.6551724137931034,0.1724137931034483,149687.0,500.0,210.0,164.0,33.2,3.0,0.6363636363636364,0.36363636363636365,0.0,,59392.0,0.0136986301369863,0.17600000000000002,0.325,0.47435897435897434,0.10909090909090909,0.09090909090909091,0.18181818181818182,0.15
X1A,0.4593856655290102,0.051194539249146756,0.42457337883959045,0.06484641638225255,5.7,0.0942622950819672,0.3453924914675768,0.4279863481228669,0.22662116040955632,420497.0,20054.0,8093.0,7318.0,34.6,2.7,0.5680109364319891,0.4319890635680109,0.0,,142089.0,0.07409814754631135,0.047,0.062,0.17831172937085046,0.3379991766158913,0.03210382513661202,0.08133971291866028,0.084
Y0A,0.8716216216216216,0.0,0.11486486486486487,0.013513513513513514,5.4,0.2550335570469799,0.3959731543624161,0.44966442953020136,0.15436241610738255,162304.0,1641.0,1002.0,742.0,45.3,2.2,0.5540540540540541,0.3783783783783784,0.06756756756756757,,59051.0,0.01568627450980392,0.141,0.21899999999999997,0.3161764705882353,0.14659685863874344,0.02702702702702703,0.06711409395973154,0.12300000000000001
Y0B,0.8402555910543131,0.001597444089456869,0.11661341853035144,0.04153354632587859,4.9,0.21829855537720708,0.3258426966292135,0.4189406099518459,0.2552166934189406,250160.0,6561.0,4870.0,3122.0,44.5,2.0,0.5512820512820513,0.2980769230769231,0.15064102564102563,,63581.0,0.01729106628242075,0.126,0.157,0.28410159924741296,0.20051746442432083,0.017684887459807074,0.06420545746388442,0.131
Y1A,0.5422907488986785,0.003964757709251102,0.3616740088105727,0.0920704845814978,6.0,0.09022887323943662,0.4080105633802817,0.29225352112676056,0.29973591549295775,394542.0,27672.0,12115.0,11351.0,38.1,2.4,0.664612676056338,0.3345070422535211,0.0008802816901408451,,91949.0,0.02930914166085136,0.079,0.071,0.23170457104255798,0.33425840271353685,0.014964788732394365,0.04181338028169014,0.126
