FSA,ProvinceTerritory,n_days,concentration
A0A,NL,127.0,20.0
A0A,NL,108.0,36.0
A0E,NL,91.0,7.5
A0A,NL,91.0,31.0
A0C,NL,98.0,26.0
A0E,NL,115.0,7.5
A0E,NL,91.0,33.0
A1Y,NL,91.0,24.0
A1Y,NL,93.0,30.0
A1Y,NL,81.0,118.0
A1Y,NL,179.0,323.0
A0B,NL,111.0,122.0
A5A,NL,95.0,7.5
A5A,NL,104.0,7.5
A5A,NL,99.0,23.0
A5A,NL,98.0,25.0
A5A,NL,99.0,112.0
A5A,NL,93.0,128.0
A0A,NL,94.0,7.5
A0A,NL,92.0,7.5
A0A,NL,91.0,15.0
A1W,NL,107.0,7.5
A1W,NL,67.0,32.0
A1W,NL,101.0,78.0
A1X,NL,91.0,29.0
A1X,NL,77.0,30.0
A1X,NL,110.0,447.0
A0E,NL,92.0,28.0
A0B,NL,98.0,17.0
A0A,NL,93.0,444.0
A0E,NL,89.0,36.0
A0E,NL,90.0,25.0
A0E,NL,90.0,7.5
A1S,NL,90.0,42.0
A1S,NL,106.0,156.0
A0E,NL,91.0,7.5
A0E,NL,90.0,7.5
A0A,NL,167.0,93.0
A0A,NL,91.0,18.0
A0E,NL,112.0,30.0
A0C,NL,97.0,140.0
A0E,NL,92.0,7.5
A0E,NL,91.0,31.0
A1N,NL,96.0,7.5
A1N,NL,95.0,28.0
A1N,NL,91.0,85.0
A1N,NL,91.0,87.0
A1N,NL,109.0,88.0
A1N,NL,92.0,90.0
A1N,NL,99.0,96.0
A1N,NL,97.0,109.0
A0B,NL,93.0,7.5
A0A,NL,92.0,90.0
A1L,NL,92.0,7.5
A1L,NL,93.0,7.5
A1L,NL,98.0,7.5
A1L,NL,99.0,67.0
A1L,NL,117.0,72.0
A1L,NL,96.0,86.0
A1L,NL,91.0,108.0
A0A,NL,104.0,91.0
A0C,NL,119.0,65.0
A0C,NL,92.0,31.0
*,NL,110.0,97.0
A0E,NL,115.0,21.0
A0C,NL,91.0,7.5
A0E,NL,102.0,17.0
A0E,NL,101.0,17.0
A0E,NL,92.0,73.0
A1A,NL,92.0,7.5
A1A,NL,91.0,18.0
A1A,NL,91.0,23.0
A1A,NL,94.0,40.0
A1A,NL,91.0,74.0
A1B,NL,103.0,59.0
A1B,NL,119.0,119.0
A1E,NL,116.0,16.0
A1E,NL,102.0,19.0
A1E,NL,92.0,24.0
A1E,NL,105.0,24.0
A1E,NL,91.0,27.0
A1E,NL,107.0,64.0
A1E,NL,95.0,120.0
A1E,NL,113.0,171.0
A1E,NL,145.0,206.0
A1G,NL,91.0,7.5
A1G,NL,93.0,29.0
A1G,NL,78.0,83.0
A1H,NL,98.0,7.5
A1H,NL,91.0,74.0
A1H,NL,91.0,75.0
A1H,NL,99.0,102.0
A1H,NL,134.0,196.0
A1S,NL,96.0,99.0
A1K,NL,93.0,7.5
A1K,NL,98.0,22.0
A1K,NL,95.0,69.0
A0A,NL,93.0,27.0
A0E,NL,92.0,181.0
A0A,NL,121.0,20.0
A0G,NL,92.0,95.0
A1V,NL,98.0,270.0
A0H,NL,102.0,21.0
A0H,NL,95.0,108.0
A0K,NL,91.0,7.5
A0K,NL,99.0,15.0
A0K,NL,92.0,18.0
A0K,NL,115.0,21.0
A0K,NL,91.0,38.0
A0K,NL,91.0,69.0
A0K,NL,101.0,73.0
A0J,NL,92.0,7.5
A0J,NL,91.0,15.0
A0H,NL,91.0,7.5
A0G,NL,95.0,7.5
A0G,NL,100.0,30.0
A0H,NL,104.0,7.5
A0H,NL,91.0,7.5
A0H,NL,96.0,16.0
A0H,NL,112.0,18.0
A0H,NL,91.0,22.0
A0H,NL,91.0,25.0
A0H,NL,91.0,92.0
A0H,NL,90.0,114.0
A0H,NL,91.0,218.0
A0H,NL,91.0,287.0
A0H,NL,120.0,7.5
A0H,NL,109.0,7.5
A0H,NL,96.0,7.5
A0H,NL,90.0,7.5
A0H,NL,91.0,15.0
A0H,NL,103.0,16.0
A0H,NL,113.0,20.0
A0H,NL,92.0,56.0
A0H,NL,91.0,82.0
A0H,NL,76.0,90.0
A0G,NL,93.0,16.0
A0G,NL,91.0,19.0
A0H,NL,91.0,7.5
A0G,NL,90.0,7.5
A0G,NL,91.0,7.5
A0G,NL,91.0,20.0
A0G,NL,106.0,21.0
A0G,NL,95.0,157.0
A0G,NL,92.0,7.5
A0G,NL,92.0,7.5
A0K,NL,91.0,26.0
A0G,NL,93.0,688.0
A0G,NL,103.0,24.0
A0G,NL,109.0,115.0
A0G,NL,90.0,142.0
A0H,NL,108.0,18.0
A0K,NL,97.0,7.5
A0K,NL,90.0,7.5
A0G,NL,111.0,7.5
A0G,NL,90.0,7.5
A0G,NL,91.0,25.0
A0G,NL,100.0,27.0
A0H,NL,92.0,15.0
A0G,NL,98.0,30.0
A0G,NL,91.0,43.0
A0G,NL,93.0,69.0
A0G,NL,91.0,1548.0
A1V,NL,91.0,7.5
A1V,NL,91.0,7.5
A1V,NL,91.0,7.5
A1V,NL,105.0,7.5
A1V,NL,113.0,7.5
A1V,NL,98.0,7.5
A1V,NL,104.0,7.5
A1V,NL,87.0,7.5
A1V,NL,123.0,16.0
A1V,NL,92.0,17.0
A1V,NL,90.0,17.0
A1V,NL,100.0,18.0
A1V,NL,91.0,18.0
A1V,NL,90.0,18.0
A1V,NL,95.0,18.0
A1V,NL,90.0,19.0
A1V,NL,90.0,23.0
A1V,NL,121.0,24.0
A1V,NL,91.0,26.0
A1V,NL,92.0,33.0
A1V,NL,92.0,37.0
A1V,NL,99.0,39.0
A1V,NL,100.0,68.0
A1V,NL,97.0,89.0
A1V,NL,93.0,91.0
A1V,NL,102.0,105.0
A1V,NL,93.0,144.0
A1V,NL,91.0,157.0
A0G,NL,90.0,7.5
A0G,NL,91.0,31.0
A0G,NL,104.0,42.0
A0G,NL,92.0,15.0
A0G,NL,98.0,19.0
A0G,NL,102.0,35.0
A0G,NL,92.0,49.0
A0G,NL,105.0,76.0
A0G,NL,117.0,125.0
A0G,NL,90.0,7.5
A0G,NL,120.0,20.0
A0G,NL,98.0,31.0
A0G,NL,82.0,74.0
A2A,NL,94.0,7.5
A2A,NL,91.0,7.5
A2A,NL,92.0,7.5
A2A,NL,124.0,7.5
A2A,NL,91.0,7.5
A2A,NL,98.0,7.5
A2A,NL,91.0,7.5
A2A,NL,92.0,7.5
A2A,NL,103.0,7.5
A2A,NL,91.0,15.0
A2A,NL,91.0,16.0
A2A,NL,93.0,17.0
A2A,NL,93.0,17.0
A2A,NL,109.0,19.0
A2A,NL,93.0,22.0
A2A,NL,97.0,23.0
A2A,NL,97.0,24.0
A2A,NL,119.0,24.0
A2A,NL,90.0,25.0
A2A,NL,91.0,25.0
A2A,NL,91.0,26.0
A2A,NL,99.0,27.0
A2A,NL,103.0,54.0
A2A,NL,110.0,117.0
A2A,NL,90.0,128.0
A2A,NL,92.0,237.0
A2B,NL,91.0,7.5
A2B,NL,94.0,7.5
A2B,NL,92.0,7.5
A2B,NL,93.0,28.0
A2B,NL,91.0,30.0
A2B,NL,92.0,31.0
A2B,NL,96.0,32.0
A2B,NL,94.0,111.0
A0H,NL,90.0,7.5
A0H,NL,94.0,16.0
A0H,NL,92.0,24.0
A0G,NL,92.0,17.0
A0G,NL,93.0,26.0
A0G,NL,89.0,37.0
A0H,NL,101.0,34.0
A0G,NL,90.0,51.0
A0G,NL,93.0,7.5
A0J,NL,200.0,7.5
A0J,NL,123.0,7.5
A0K,NL,93.0,7.5
A0K,NL,92.0,25.0
A0H,NL,98.0,7.5
A0G,NL,92.0,7.5
A0G,NL,100.0,7.5
A0G,NL,92.0,19.0
A0G,NL,103.0,23.0
A0G,NL,94.0,61.0
A0G,NL,116.0,105.0
A0G,NL,97.0,7.5
A0G,NL,91.0,19.0
A0H,NL,69.0,7.5
A0K,NL,96.0,7.5
A0G,NL,91.0,16.0
A0G,NL,97.0,22.0
A0G,NL,91.0,28.0
A0G,NL,92.0,29.0
A0H,NL,90.0,7.5
A0H,NL,90.0,7.5
A0H,NL,90.0,39.0
A0G,NL,91.0,7.5
A0G,NL,100.0,7.5
A0H,NL,102.0,7.5
A0H,NL,106.0,28.0
A0J,NL,92.0,30.0
A0G,NL,99.0,33.0
A0G,NL,125.0,110.0
A0K,NL,101.0,7.5
A0J,NL,113.0,143.0
A0J,NL,90.0,271.0
A0J,NL,118.0,7.5
A0J,NL,95.0,7.5
A0J,NL,91.0,7.5
A0J,NL,111.0,15.0
A0J,NL,92.0,31.0
A0J,NL,89.0,37.0
A0J,NL,95.0,109.0
A0H,NL,93.0,120.0
A0H,NL,94.0,164.0
A0H,NL,104.0,326.0
A0H,NL,92.0,613.0
A0H,NL,93.0,831.0
A0G,NL,91.0,7.5
A0G,NL,130.0,83.0
A0G,NL,94.0,7.5
A0J,NL,91.0,70.0
A0G,NL,90.0,7.5
A0G,NL,93.0,24.0
A0G,NL,90.0,150.0
A0G,NL,91.0,26.0
A0K,NL,90.0,60.0
A0K,NL,93.0,7.5
A0N,NL,110.0,104.0
A0L,NL,101.0,19.0
A0L,NL,91.0,22.0
A0K,NL,100.0,7.5
A0N,NL,92.0,32.0
A0N,NL,96.0,7.5
A0N,NL,95.0,7.5
A0N,NL,91.0,7.5
A0N,NL,91.0,7.5
A0N,NL,89.0,7.5
A0N,NL,87.0,77.0
A0M,NL,91.0,7.5
A0N,NL,92.0,17.0
A0N,NL,91.0,43.0
A0N,NL,92.0,161.0
A0M,NL,92.0,7.5
A0M,NL,122.0,7.5
A0M,NL,105.0,7.5
A0M,NL,104.0,7.5
A0M,NL,93.0,7.5
A0M,NL,92.0,7.5
A0M,NL,91.0,7.5
A0M,NL,115.0,25.0
A0M,NL,92.0,168.0
A8A,NL,91.0,362.0
A2H,NL,91.0,7.5
A2H,NL,90.0,7.5
A2H,NL,91.0,7.5
A2H,NL,93.0,7.5
A2H,NL,91.0,7.5
A2H,NL,98.0,7.5
A2H,NL,90.0,7.5
A2H,NL,131.0,7.5
A2H,NL,109.0,7.5
A2H,NL,97.0,7.5
A2H,NL,91.0,7.5
A2H,NL,94.0,7.5
A2H,NL,91.0,7.5
A2H,NL,93.0,7.5
A2H,NL,96.0,7.5
A2H,NL,90.0,7.5
A2H,NL,113.0,7.5
A2H,NL,110.0,7.5
A2H,NL,100.0,7.5
A2H,NL,90.0,7.5
A2H,NL,102.0,7.5
A2H,NL,99.0,7.5
A2H,NL,91.0,7.5
A2H,NL,96.0,7.5
A2H,NL,91.0,7.5
A2H,NL,111.0,16.0
A2H,NL,98.0,16.0
A2H,NL,91.0,17.0
A2H,NL,99.0,19.0
A2H,NL,91.0,19.0
A2H,NL,90.0,21.0
A2H,NL,93.0,21.0
A2H,NL,108.0,25.0
A2H,NL,111.0,25.0
A2H,NL,93.0,25.0
A2H,NL,91.0,28.0
A2H,NL,92.0,29.0
A2H,NL,91.0,31.0
A2H,NL,98.0,32.0
A2H,NL,94.0,33.0
A2H,NL,91.0,33.0
A2H,NL,103.0,38.0
A2H,NL,91.0,39.0
A2H,NL,94.0,39.0
A2H,NL,94.0,40.0
A2H,NL,104.0,53.0
A2H,NL,91.0,63.0
A2H,NL,92.0,64.0
A2H,NL,98.0,72.0
A2H,NL,94.0,72.0
A2H,NL,91.0,78.0
A2H,NL,90.0,78.0
A2H,NL,92.0,83.0
A2H,NL,97.0,143.0
A2H,NL,92.0,149.0
A2H,NL,90.0,159.0
A2H,NL,189.0,160.0
A2H,NL,91.0,359.0
A0K,NL,122.0,54.0
A0L,NL,118.0,7.5
A0L,NL,110.0,7.5
A0L,NL,74.0,7.5
A0L,NL,90.0,176.0
A8A,NL,90.0,90.0
A8A,NL,90.0,1386.0
A8A,NL,97.0,18.0
A8A,NL,89.0,22.0
A8A,NL,91.0,23.0
A8A,NL,92.0,25.0
A8A,NL,94.0,30.0
A8A,NL,91.0,61.0
A8A,NL,92.0,88.0
A8A,NL,97.0,88.0
A8A,NL,92.0,92.0
A8A,NL,91.0,95.0
A8A,NL,99.0,284.0
A8A,NL,92.0,660.0
A0N,NL,92.0,24.0
A0N,NL,91.0,27.0
A0N,NL,90.0,46.0
A0N,NL,111.0,62.0
A0N,NL,102.0,75.0
A0N,NL,92.0,116.0
A0K,NL,92.0,7.5
A0K,NL,91.0,26.0
A0K,NL,61.0,171.0
A0M,NL,96.0,59.0
A0M,NL,92.0,28.0
A2N,NL,112.0,7.5
A2N,NL,91.0,7.5
A2N,NL,92.0,21.0
A2N,NL,106.0,52.0
A2N,NL,114.0,56.0
A2N,NL,91.0,67.0
A2N,NL,92.0,110.0
A2N,NL,92.0,115.0
A2N,NL,92.0,281.0
A2N,NL,97.0,354.0
A0M,NL,90.0,7.5
A0L,NL,93.0,7.5
A0N,NL,98.0,33.0
A0N,NL,93.0,7.5
A0N,NL,102.0,70.0
A0N,NL,117.0,7.5
A0M,NL,91.0,7.5
A2H,NL,91.0,7.5
A0N,NL,110.0,102.0
A0L,NL,90.0,18.0
A0L,NL,92.0,21.0
A0K,NL,66.0,7.5
A0K,NL,93.0,38.0
A0K,NL,113.0,86.0
A0L,NL,90.0,7.5
A0L,NL,91.0,16.0
A0L,NL,91.0,17.0
A0L,NL,90.0,27.0
A0L,NL,94.0,59.0
A0L,NL,90.0,116.0
A0L,NL,115.0,141.0
A0L,NL,91.0,159.0
A0L,NL,91.0,215.0
A0L,NL,110.0,387.0
A0L,NL,91.0,400.0
A0L,NL,93.0,628.0
A0K,NL,90.0,16.0
A0K,NL,125.0,17.0
A0K,NL,95.0,35.0
A0K,NL,161.0,38.0
A0N,NL,91.0,7.5
A0N,NL,91.0,7.5
A0N,NL,91.0,31.0
A0N,NL,97.0,61.0
A0N,NL,92.0,103.0
A0M,NL,91.0,7.5
A0M,NL,92.0,7.5
A0M,NL,91.0,7.5
A0M,NL,91.0,7.5
A0M,NL,91.0,18.0
A0K,NL,91.0,7.5
A0K,NL,88.0,144.0
A0K,NL,94.0,102.0
A0N,NL,91.0,7.5
A8A,NL,93.0,807.0
A0K,NL,90.0,401.0
A0N,NL,91.0,73.0
A0N,NL,91.0,255.0
A0N,NL,91.0,62.0
A0M,NL,121.0,7.5
A0N,NL,139.0,7.5
A0N,NL,95.0,7.5
A0N,NL,90.0,7.5
A0N,NL,89.0,85.0
A0N,NL,92.0,86.0
A0N,NL,91.0,162.0
A0K,NL,104.0,16.0
A0N,NL,105.0,7.5
A2H,NL,91.0,126.0
A2N,NL,81.0,16.0
A2N,NL,90.0,22.0
A2N,NL,61.0,28.0
A2N,NL,124.0,61.0
A2N,NL,91.0,83.0
A2N,NL,92.0,95.0
A2N,NL,91.0,97.0
A2N,NL,90.0,125.0
A2N,NL,90.0,137.0
A2N,NL,147.0,139.0
A2N,NL,91.0,149.0
A2N,NL,92.0,221.0
A2N,NL,91.0,264.0
A2N,NL,93.0,306.0
A2N,NL,91.0,343.0
A2N,NL,91.0,370.0
A2N,NL,91.0,524.0
A0N,NL,91.0,7.5
A0N,NL,90.0,7.5
A0N,NL,93.0,24.0
A0N,NL,90.0,376.0
A0N,NL,93.0,89.0
A0N,NL,131.0,397.0
A0K,NL,98.0,7.5
A0K,NL,92.0,7.5
A0K,NL,100.0,18.0
A0K,NL,130.0,129.0
A8A,NL,90.0,7.5
A0K,NL,92.0,167.0
A0K,NL,106.0,7.5
A0K,NL,91.0,33.0
A0K,NL,92.0,34.0
A0K,NL,91.0,135.0
A0K,NL,93.0,227.0
A0K,NL,91.0,7.5
A0K,NL,90.0,66.0
A0K,NL,90.0,256.0
A0K,NL,92.0,7.5
A0K,NL,115.0,7.5
A0K,NL,94.0,7.5
A0K,NL,90.0,31.0
A0K,NL,98.0,7.5
A0K,NL,138.0,7.5
A0K,NL,90.0,20.0
A0K,NL,110.0,137.0
A0K,NL,120.0,22.0
A0K,NL,89.0,28.0
A0K,NL,104.0,54.0
A0K,NL,98.0,127.0
A0K,NL,106.0,147.0
A0K,NL,94.0,209.0
A0K,NL,102.0,7.5
A0K,NL,89.0,110.0
A0K,NL,121.0,197.0
A0P,NL,91.0,22.0
A0P,NL,91.0,7.5
A0P,NL,93.0,7.5
A0P,NL,92.0,7.5
A0P,NL,91.0,7.5
A0K,NL,91.0,42.0
A0K,NL,91.0,116.0
A0K,NL,105.0,32.0
A0K,NL,95.0,315.0
A0K,NL,91.0,7.5
A0P,NL,106.0,7.5
A0P,NL,104.0,7.5
A0P,NL,95.0,7.5
A0P,NL,93.0,7.5
A0P,NL,92.0,7.5
A0P,NL,90.0,7.5
A0P,NL,94.0,7.5
A0P,NL,92.0,7.5
A0P,NL,92.0,7.5
A0P,NL,91.0,7.5
A0P,NL,109.0,16.0
A0P,NL,102.0,17.0
A0P,NL,91.0,17.0
A0P,NL,147.0,18.0
A0P,NL,91.0,19.0
A0P,NL,92.0,20.0
A0P,NL,94.0,20.0
A0P,NL,90.0,20.0
A0P,NL,108.0,22.0
A0P,NL,88.0,24.0
A0P,NL,93.0,35.0
A0P,NL,109.0,7.5
A0P,NL,90.0,7.5
A0P,NL,90.0,7.5
A0P,NL,91.0,7.5
A0P,NL,91.0,16.0
A0P,NL,70.0,18.0
A0P,NL,91.0,21.0
A0P,NL,271.0,7.5
A0P,NL,107.0,7.5
A0P,NL,93.0,7.5
A0P,NL,86.0,7.5
A0P,NL,86.0,7.5
A0K,NL,91.0,40.0
A2V,NL,134.0,7.5
A2V,NL,121.0,7.5
A2V,NL,115.0,7.5
A2V,NL,112.0,7.5
A2V,NL,92.0,7.5
A2V,NL,97.0,7.5
A2V,NL,95.0,7.5
A2V,NL,113.0,7.5
A2V,NL,91.0,7.5
A2V,NL,92.0,7.5
A2V,NL,103.0,7.5
A2V,NL,91.0,7.5
A2V,NL,90.0,7.5
A2V,NL,92.0,7.5
A2V,NL,91.0,16.0
A2V,NL,94.0,16.0
A2V,NL,93.0,17.0
A2V,NL,91.0,17.0
A2V,NL,113.0,18.0
A2V,NL,96.0,19.0
A2V,NL,93.0,19.0
A2V,NL,90.0,19.0
A2V,NL,89.0,20.0
A2V,NL,91.0,20.0
A2V,NL,91.0,22.0
A2V,NL,103.0,23.0
A2V,NL,98.0,24.0
A2V,NL,91.0,25.0
A2V,NL,96.0,25.0
A2V,NL,100.0,26.0
A2V,NL,116.0,26.0
A2V,NL,95.0,27.0
A2V,NL,121.0,28.0
A2V,NL,91.0,29.0
A2V,NL,90.0,29.0
A2V,NL,106.0,30.0
A2V,NL,119.0,31.0
A2V,NL,92.0,32.0
A2V,NL,92.0,34.0
A2V,NL,102.0,35.0
A2V,NL,91.0,36.0
A2V,NL,91.0,37.0
A2V,NL,132.0,41.0
A2V,NL,92.0,55.0
A2V,NL,98.0,55.0
A2V,NL,90.0,56.0
A2V,NL,96.0,71.0
A2V,NL,91.0,76.0
A2V,NL,92.0,78.0
A2V,NL,90.0,87.0
A2V,NL,94.0,109.0
A2V,NL,113.0,202.0
A0K,NL,91.0,23.0
A0K,NL,97.0,145.0
A0K,NL,93.0,7.5
A0K,NL,92.0,7.5
A0K,NL,92.0,7.5
A0K,NL,91.0,7.5
A0K,NL,95.0,17.0
A0K,NL,91.0,19.0
A0K,NL,93.0,7.5
A0K,NL,90.0,28.0
A0K,NL,99.0,39.0
A0P,NL,90.0,7.5
A0P,NL,91.0,100.0
A0P,NL,90.0,110.0
A0K,NL,96.0,83.0
A0K,NL,91.0,36.0
A0P,NL,110.0,7.5
A0P,NL,70.0,19.0
A0P,NL,93.0,38.0
A0K,NL,93.0,18.0
A0P,NL,99.0,18.0
A0K,NL,101.0,7.5
A0K,NL,91.0,7.5
A0K,NL,91.0,7.5
A0K,NL,91.0,15.0
A0P,NL,117.0,34.0
A0P,NL,94.0,634.0
A0K,NL,93.0,72.0
A0K,NL,90.0,111.0
A0K,NL,95.0,7.5
A0K,NL,90.0,124.0
A0K,NL,115.0,7.5
A0P,NL,91.0,28.0
A0P,NL,91.0,7.5
A0P,NL,91.0,7.5
A0P,NL,103.0,23.0
A0K,NL,97.0,24.0
A0K,NL,92.0,19.0
A0K,NL,128.0,21.0
A0K,NL,93.0,102.0
A0K,NL,102.0,20.0
A0K,NL,90.0,122.0
A0K,NL,93.0,17.0
A0K,NL,90.0,17.0
A0K,NL,91.0,7.5
A0K,NL,135.0,7.5
A0K,NL,92.0,7.5
A0K,NL,91.0,16.0
A0K,NL,91.0,20.0
A0K,NL,91.0,7.5
A0K,NL,102.0,28.0
A0K,NL,89.0,7.5
A0K,NL,91.0,23.0
A0K,NL,128.0,25.0
A0K,NL,105.0,7.5
A0K,NL,104.0,7.5
A0K,NL,96.0,7.5
A0K,NL,94.0,7.5
A0K,NL,94.0,7.5
A0K,NL,92.0,7.5
A0K,NL,91.0,7.5
A0K,NL,101.0,7.5
A0K,NL,91.0,7.5
A0K,NL,91.0,31.0
A0K,NL,92.0,35.0
A0K,NL,91.0,86.0
A0K,NL,104.0,136.0
A0R,NL,111.0,7.5
A0R,NL,95.0,7.5
A0R,NL,93.0,7.5
A0R,NL,86.0,15.0
A0R,NL,122.0,19.0
A0R,NL,119.0,20.0
A0R,NL,91.0,21.0
A0R,NL,115.0,22.0
A0R,NL,96.0,22.0
A0R,NL,99.0,23.0
A0R,NL,100.0,26.0
A0R,NL,92.0,32.0
A0R,NL,101.0,43.0
C0B,PE,92.0,7.5
C0B,PE,96.0,22.0
C0A,PE,91.0,7.5
C0B,PE,92.0,140.0
C0A,PE,98.0,7.5
C0A,PE,91.0,7.5
C0A,PE,91.0,7.5
C0A,PE,89.0,7.5
C0A,PE,90.0,16.0
C0A,PE,91.0,17.0
C0A,PE,92.0,19.0
C0A,PE,91.0,19.0
C0A,PE,93.0,23.0
C0A,PE,90.0,29.0
C0A,PE,107.0,84.0
C1A,PE,92.0,7.5
C1A,PE,97.0,7.5
C1A,PE,230.0,7.5
C1A,PE,114.0,7.5
C1A,PE,93.0,7.5
C1A,PE,91.0,17.0
C1A,PE,92.0,18.0
C1A,PE,92.0,19.0
C1A,PE,94.0,20.0
C1A,PE,114.0,25.0
C1A,PE,133.0,33.0
C1A,PE,96.0,39.0
C1A,PE,107.0,46.0
C1A,PE,90.0,75.0
C1A,PE,92.0,80.0
*,PE,105.0,27.0
C1E,PE,91.0,7.5
C1E,PE,116.0,16.0
C1E,PE,92.0,19.0
C1E,PE,123.0,38.0
C0A,PE,94.0,7.5
C0A,PE,99.0,54.0
C0A,PE,99.0,146.0
C0A,PE,111.0,261.0
C0A,PE,86.0,415.0
C0B,PE,91.0,169.0
C0B,PE,120.0,7.5
C0A,PE,122.0,7.5
C0A,PE,94.0,7.5
C0A,PE,90.0,7.5
C0A,PE,90.0,7.5
C0A,PE,101.0,18.0
C0A,PE,91.0,21.0
C0A,PE,123.0,25.0
C0A,PE,101.0,25.0
C0A,PE,91.0,7.5
C0A,PE,121.0,137.0
C0B,PE,93.0,18.0
C0B,PE,108.0,7.5
C0B,PE,103.0,20.0
C0A,PE,91.0,31.0
C0A,PE,90.0,31.0
C0A,PE,154.0,71.0
C0A,PE,92.0,132.0
C0A,PE,95.0,7.5
C0A,PE,107.0,87.0
C0A,PE,90.0,7.5
C0A,PE,93.0,352.0
C0A,PE,94.0,28.0
C0A,PE,90.0,7.5
C0A,PE,112.0,7.5
C0A,PE,90.0,104.0
C0A,PE,91.0,89.0
C0A,PE,94.0,7.5
C0A,PE,94.0,7.5
C0A,PE,93.0,7.5
C0A,PE,92.0,7.5
C0A,PE,92.0,7.5
C0A,PE,90.0,7.5
C0A,PE,131.0,22.0
C0A,PE,91.0,38.0
C0A,PE,90.0,88.0
C0A,PE,92.0,97.0
C0A,PE,91.0,27.0
C0B,PE,92.0,15.0
C1B,PE,112.0,7.5
C1B,PE,92.0,27.0
C1B,PE,91.0,118.0
C1B,PE,92.0,166.0
C0B,PE,91.0,7.5
C1N,PE,91.0,7.5
C1N,PE,91.0,7.5
C1N,PE,91.0,7.5
C1N,PE,118.0,7.5
C1N,PE,92.0,7.5
C1N,PE,91.0,17.0
C1N,PE,91.0,23.0
C1N,PE,92.0,27.0
C1N,PE,93.0,28.0
C1N,PE,92.0,28.0
C1N,PE,95.0,29.0
C1N,PE,95.0,31.0
C1N,PE,90.0,36.0
C1N,PE,91.0,38.0
C1N,PE,95.0,58.0
C1N,PE,91.0,68.0
C1N,PE,105.0,120.0
C1N,PE,92.0,156.0
C1N,PE,91.0,248.0
C0B,PE,90.0,28.0
C0B,PE,116.0,65.0
C0B,PE,91.0,7.5
C0B,PE,112.0,7.5
C0B,PE,91.0,7.5
C0A,PE,91.0,7.5
C0A,PE,113.0,7.5
C0A,PE,109.0,73.0
C0A,PE,93.0,87.0
B0W,NS,111.0,101.0
B0S,NS,92.0,25.0
B0S,NS,91.0,82.0
B0J,NS,62.0,80.0
B4V,NS,91.0,136.0
B4V,NS,107.0,43.0
B4V,NS,91.0,965.0
B0J,NS,124.0,7.5
B0J,NS,90.0,39.0
B0J,NS,95.0,53.0
B0J,NS,93.0,96.0
B0J,NS,94.0,185.0
B0J,NS,94.0,71.0
B0J,NS,95.0,139.0
B0W,NS,91.0,7.5
B0W,NS,159.0,56.0
B0W,NS,109.0,22.0
B0W,NS,96.0,7.5
B0W,NS,91.0,139.0
B4V,NS,97.0,31.0
B4V,NS,94.0,198.0
B0V,NS,93.0,7.5
B0V,NS,91.0,19.0
B0V,NS,91.0,75.0
B0V,NS,90.0,113.0
B0W,NS,91.0,23.0
B0W,NS,104.0,20.0
B4V,NS,93.0,109.0
B4V,NS,100.0,295.0
B0J,NS,91.0,92.0
B4V,NS,94.0,7.5
B0W,NS,124.0,7.5
B0W,NS,92.0,7.5
B0T,NS,98.0,7.5
B0T,NS,93.0,30.0
B0T,NS,91.0,43.0
B0T,NS,104.0,232.0
B0T,NS,92.0,7.5
B0T,NS,91.0,39.0
B0J,NS,104.0,25.0
B0J,NS,105.0,7.5
B0J,NS,91.0,7.5
B0J,NS,91.0,35.0
B0J,NS,94.0,41.0
B0J,NS,106.0,7.5
B0J,NS,91.0,20.0
B0J,NS,94.0,23.0
B0J,NS,99.0,24.0
B0J,NS,94.0,45.0
B0J,NS,91.0,50.0
B0J,NS,92.0,127.0
B0J,NS,93.0,177.0
B0J,NS,110.0,182.0
B0W,NS,89.0,7.5
B0W,NS,92.0,19.0
B0W,NS,96.0,7.5
B0W,NS,95.0,141.0
B0W,NS,91.0,7.5
B0W,NS,92.0,7.5
B0W,NS,91.0,42.0
B0W,NS,61.0,97.0
B0T,NS,91.0,17.0
B0R,NS,94.0,18.0
B0R,NS,92.0,21.0
B0R,NS,91.0,36.0
B0R,NS,91.0,124.0
B0R,NS,92.0,207.0
B0W,NS,106.0,18.0
B0T,NS,93.0,136.0
B4V,NS,93.0,101.0
B0R,NS,98.0,743.0
B0W,NS,91.0,28.0
B0T,NS,114.0,27.0
B0V,NS,100.0,19.0
B0V,NS,93.0,7.5
B0W,NS,130.0,7.5
B0W,NS,91.0,60.0
B0T,NS,96.0,7.5
B0T,NS,87.0,26.0
B0T,NS,92.0,29.0
B0T,NS,92.0,49.0
B0T,NS,92.0,94.0
B0T,NS,94.0,7.5
B0T,NS,91.0,7.5
B0W,NS,97.0,18.0
B0W,NS,93.0,29.0
B0W,NS,97.0,79.0
B0W,NS,92.0,7.5
B4V,NS,98.0,81.0
B0W,NS,90.0,7.5
B0W,NS,106.0,449.0
B5A,NS,91.0,7.5
B5A,NS,89.0,7.5
B5A,NS,94.0,7.5
B5A,NS,93.0,7.5
B0W,NS,86.0,7.5
B0W,NS,97.0,79.0
B0S,NS,100.0,7.5
B0S,NS,100.0,7.5
B0S,NS,90.0,141.0
B0S,NS,133.0,7.5
B0S,NS,96.0,7.5
B0S,NS,116.0,20.0
B0S,NS,90.0,21.0
B0S,NS,103.0,23.0
B0P,NS,125.0,7.5
B0P,NS,132.0,7.5
B0P,NS,62.0,7.5
B0P,NS,92.0,7.5
B0P,NS,94.0,15.0
B0P,NS,107.0,17.0
B0P,NS,91.0,19.0
B0P,NS,91.0,230.0
B0P,NS,91.0,682.0
B0P,NS,95.0,796.0
B0S,NS,99.0,7.5
B0S,NS,93.0,7.5
B0S,NS,92.0,7.5
B0S,NS,91.0,7.5
B0S,NS,93.0,7.5
B0S,NS,99.0,24.0
B0S,NS,82.0,28.0
B0S,NS,100.0,29.0
B0S,NS,106.0,394.0
B0P,NS,91.0,20.0
B0P,NS,95.0,33.0
B0P,NS,94.0,194.0
B0P,NS,97.0,1307.0
B0P,NS,91.0,7.5
B0P,NS,91.0,7.5
B0P,NS,91.0,7.5
B0P,NS,91.0,7.5
B0P,NS,91.0,7.5
B0P,NS,91.0,23.0
B0P,NS,91.0,28.0
B0P,NS,90.0,30.0
B0P,NS,91.0,31.0
B0P,NS,96.0,35.0
B0P,NS,101.0,160.0
B0P,NS,101.0,33.0
B0S,NS,93.0,7.5
B4R,NS,93.0,31.0
B4R,NS,92.0,36.0
B4R,NS,90.0,85.0
B0S,NS,89.0,30.0
B0S,NS,99.0,7.5
B0S,NS,90.0,17.0
B0S,NS,91.0,23.0
B0S,NS,90.0,30.0
B0S,NS,102.0,31.0
B0P,NS,90.0,7.5
B0S,NS,92.0,93.0
B0P,NS,91.0,7.5
B4N,NS,96.0,7.5
B4N,NS,91.0,7.5
B4N,NS,91.0,7.5
B4N,NS,156.0,34.0
B4N,NS,89.0,82.0
B4N,NS,90.0,85.0
B4N,NS,90.0,188.0
B0P,NS,91.0,7.5
B0P,NS,94.0,16.0
B0P,NS,90.0,34.0
B0P,NS,91.0,35.0
B4N,NS,94.0,59.0
B0S,NS,109.0,85.0
B0S,NS,118.0,7.5
B0S,NS,90.0,7.5
B0S,NS,121.0,15.0
B0S,NS,151.0,60.0
B4N,NS,93.0,16.0
B4N,NS,103.0,20.0
B4N,NS,101.0,25.0
B4N,NS,91.0,83.0
B0S,NS,92.0,32.0
B0P,NS,92.0,7.5
B0P,NS,91.0,17.0
B0P,NS,99.0,29.0
B0R,NS,93.0,21.0
B0R,NS,92.0,22.0
B0R,NS,84.0,31.0
B0P,NS,91.0,17.0
B0P,NS,131.0,27.0
B0P,NS,91.0,33.0
B0P,NS,91.0,37.0
B0P,NS,123.0,175.0
B0P,NS,93.0,7.5
B0P,NS,102.0,165.0
B4P,NS,91.0,7.5
B4P,NS,96.0,7.5
B4P,NS,93.0,16.0
B4P,NS,102.0,18.0
B4P,NS,91.0,19.0
B4P,NS,94.0,22.0
B4P,NS,96.0,25.0
B4P,NS,91.0,26.0
B4P,NS,92.0,41.0
B4P,NS,92.0,65.0
B4P,NS,91.0,70.0
B4P,NS,90.0,78.0
B4P,NS,98.0,90.0
B4P,NS,91.0,128.0
B4P,NS,93.0,131.0
B4P,NS,93.0,206.0
B4H,NS,93.0,7.5
B4H,NS,90.0,7.5
B4H,NS,92.0,7.5
B4H,NS,91.0,18.0
B4H,NS,90.0,21.0
B4H,NS,91.0,31.0
B4H,NS,109.0,32.0
B4H,NS,129.0,51.0
B4H,NS,99.0,66.0
B4H,NS,146.0,119.0
B4H,NS,92.0,157.0
B0M,NS,83.0,17.0
B0M,NS,90.0,300.0
B0M,NS,60.0,320.0
B2S,NS,108.0,87.0
B0N,NS,92.0,17.0
B0N,NS,91.0,155.0
B6L,NS,91.0,35.0
B0M,NS,90.0,16.0
B0M,NS,92.0,83.0
B0M,NS,92.0,141.0
B0M,NS,91.0,183.0
B0M,NS,94.0,2448.0
B0K,NS,96.0,7.5
B2S,NS,123.0,22.0
B2S,NS,96.0,27.0
B2T,NS,91.0,7.5
B2T,NS,61.0,20.0
B2T,NS,101.0,32.0
B0M,NS,90.0,315.0
B6L,NS,114.0,66.0
B6L,NS,102.0,89.0
B0N,NS,91.0,27.0
B0N,NS,91.0,7.5
B0N,NS,94.0,16.0
B2S,NS,97.0,16.0
B2S,NS,90.0,31.0
B0M,NS,92.0,537.0
B0L,NS,284.0,45.0
B0N,NS,112.0,7.5
B0M,NS,90.0,24.0
B0N,NS,106.0,18.0
B0N,NS,104.0,7.5
B0N,NS,101.0,7.5
B0N,NS,92.0,38.0
B0N,NS,82.0,38.0
B0L,NS,103.0,18.0
B0L,NS,92.0,325.0
B0N,NS,91.0,25.0
B0M,NS,93.0,7.5
B0M,NS,92.0,22.0
B0M,NS,92.0,24.0
B0M,NS,100.0,32.0
B0M,NS,91.0,1376.0
B0M,NS,91.0,154.0
B0M,NS,110.0,81.0
B0M,NS,91.0,397.0
B0M,NS,91.0,170.0
B0K,NS,90.0,22.0
B0K,NS,101.0,29.0
B0K,NS,92.0,35.0
B0K,NS,92.0,172.0
B0L,NS,92.0,17.0
B0L,NS,92.0,7.5
B0M,NS,91.0,60.0
B6L,NS,108.0,17.0
B0N,NS,90.0,216.0
B0M,NS,91.0,7.5
B0M,NS,93.0,30.0
B0M,NS,104.0,455.0
B0M,NS,118.0,7.5
B0M,NS,96.0,7.5
B0M,NS,92.0,7.5
B0M,NS,91.0,17.0
B0M,NS,91.0,29.0
B0M,NS,92.0,41.0
B0K,NS,92.0,7.5
B0K,NS,93.0,16.0
B0K,NS,91.0,41.0
B0K,NS,97.0,60.0
B0K,NS,91.0,79.0
B2N,NS,93.0,21.0
B2N,NS,92.0,31.0
B2N,NS,91.0,106.0
B2N,NS,91.0,644.0
B0N,NS,141.0,22.0
B0N,NS,97.0,53.0
B2S,NS,89.0,31.0
B6L,NS,92.0,30.0
B6L,NS,83.0,7.5
B0N,NS,95.0,125.0
B0K,NS,101.0,7.5
B0K,NS,89.0,27.0
B0M,NS,92.0,7.5
B0M,NS,91.0,7.5
B0M,NS,90.0,279.0
B0H,NS,109.0,24.0
B2G,NS,90.0,7.5
B2G,NS,91.0,7.5
B2G,NS,106.0,7.5
B2G,NS,91.0,7.5
B2G,NS,98.0,15.0
B2G,NS,92.0,36.0
B2G,NS,91.0,65.0
B2G,NS,96.0,122.0
B2G,NS,118.0,149.0
B0H,NS,91.0,7.5
B0H,NS,94.0,28.0
B0E,NS,104.0,7.5
B0E,NS,97.0,16.0
B0E,NS,91.0,16.0
B0E,NS,91.0,25.0
B0E,NS,74.0,26.0
B0E,NS,92.0,575.0
B0H,NS,92.0,69.0
B0H,NS,91.0,7.5
B0H,NS,90.0,81.0
B0K,NS,115.0,95.0
B9A,NS,96.0,16.0
B0H,NS,97.0,7.5
B0H,NS,94.0,224.0
B0E,NS,91.0,7.5
B0E,NS,99.0,7.5
B0E,NS,96.0,7.5
B0E,NS,148.0,24.0
B0E,NS,92.0,25.0
B0H,NS,90.0,7.5
B0H,NS,107.0,28.0
B0H,NS,96.0,144.0
B0H,NS,100.0,109.0
B0H,NS,94.0,7.5
B0H,NS,90.0,34.0
B0H,NS,92.0,36.0
B0H,NS,94.0,45.0
B0E,NS,90.0,77.0
B0H,NS,97.0,7.5
B0H,NS,104.0,25.0
B0H,NS,96.0,7.5
B0E,NS,92.0,7.5
B0E,NS,91.0,35.0
B0E,NS,100.0,7.5
B0E,NS,98.0,7.5
B0E,NS,91.0,7.5
B0E,NS,91.0,16.0
B0E,NS,91.0,7.5
B0K,NS,188.0,7.5
B0H,NS,85.0,7.5
B0H,NS,92.0,20.0
B0H,NS,91.0,23.0
B2H,NS,100.0,7.5
B2H,NS,90.0,7.5
B2H,NS,140.0,19.0
B2H,NS,102.0,25.0
B2H,NS,74.0,130.0
B9A,NS,125.0,7.5
B0E,NS,84.0,29.0
B0K,NS,91.0,65.0
B0K,NS,91.0,166.0
B0K,NS,94.0,7.5
B0K,NS,94.0,17.0
B0K,NS,93.0,26.0
B0K,NS,98.0,62.0
B0K,NS,93.0,142.0
B0K,NS,92.0,149.0
B9A,NS,94.0,32.0
B9A,NS,91.0,7.5
B9A,NS,90.0,7.5
B9A,NS,95.0,7.5
B9A,NS,104.0,83.0
B9A,NS,89.0,155.0
B0E,NS,90.0,7.5
B0E,NS,101.0,26.0
B0E,NS,103.0,37.0
B0K,NS,91.0,110.0
B0K,NS,90.0,7.5
B0K,NS,111.0,27.0
B0K,NS,94.0,38.0
B0J,NS,90.0,7.5
B0E,NS,131.0,7.5
B0E,NS,108.0,7.5
B0E,NS,98.0,7.5
B0E,NS,97.0,7.5
B0E,NS,92.0,16.0
B9A,NS,101.0,139.0
B0E,NS,99.0,7.5
B0E,NS,91.0,22.0
B0E,NS,91.0,17.0
B0E,NS,91.0,7.5
B0E,NS,101.0,17.0
B0E,NS,92.0,19.0
B0E,NS,88.0,21.0
B0K,NS,119.0,7.5
B0K,NS,93.0,7.5
B0K,NS,90.0,7.5
B0K,NS,91.0,35.0
B0E,NS,99.0,7.5
B0E,NS,103.0,7.5
B0E,NS,98.0,7.5
B0E,NS,91.0,7.5
B0E,NS,91.0,7.5
B0E,NS,120.0,16.0
B0E,NS,91.0,16.0
B0E,NS,92.0,22.0
B0E,NS,92.0,25.0
B0E,NS,53.0,25.0
B0E,NS,91.0,28.0
B0E,NS,93.0,33.0
B0E,NS,90.0,43.0
B0E,NS,94.0,1341.0
B1L,NS,91.0,195.0
B1M,NS,91.0,20.0
B0E,NS,102.0,2692.0
B0E,NS,98.0,25.0
B0E,NS,99.0,66.0
B0E,NS,90.0,90.0
B0E,NS,102.0,121.0
B0E,NS,117.0,203.0
B0E,NS,99.0,569.0
B0E,NS,91.0,875.0
B0E,NS,90.0,1695.0
B0C,NS,91.0,92.0
B0C,NS,107.0,267.0
*,NS,108.0,81.0
B0E,NS,90.0,1767.0
*,NS,90.0,7.5
B1A,NS,91.0,7.5
B1A,NS,97.0,121.0
B0E,NS,90.0,156.0
B0C,NS,97.0,28.0
B0C,NS,128.0,97.0
B0C,NS,137.0,7.5
B0E,NS,97.0,7.5
B0E,NS,91.0,7.5
B0E,NS,90.0,37.0
B0E,NS,90.0,7.5
*,NS,110.0,60.0
B0E,NS,91.0,70.0
B0E,NS,91.0,90.0
B0E,NS,91.0,7.5
B0E,NS,90.0,178.0
B0E,NS,92.0,288.0
B0E,NS,94.0,7.5
B0E,NS,106.0,18.0
B0E,NS,91.0,27.0
B0E,NS,107.0,32.0
B1M,NS,104.0,7.5
B0C,NS,91.0,19.0
B0C,NS,90.0,101.0
B0C,NS,91.0,146.0
B1H,NS,96.0,7.5
B1H,NS,91.0,68.0
*,NS,95.0,22.0
B0E,NS,91.0,7.5
B1L,NS,92.0,93.0
B1H,NS,95.0,106.0
B0C,NS,135.0,7.5
B0C,NS,92.0,142.0
B0E,NS,92.0,425.0
B1P,NS,92.0,7.5
B1P,NS,91.0,164.0
B1M,NS,90.0,77.0
B1N,NS,87.0,7.5
B1N,NS,95.0,7.5
B1P,NS,91.0,7.5
B1P,NS,92.0,7.5
B1P,NS,91.0,16.0
B1P,NS,99.0,23.0
B1P,NS,98.0,28.0
B1P,NS,91.0,34.0
B1P,NS,92.0,53.0
B1P,NS,90.0,88.0
B1P,NS,89.0,173.0
B1R,NS,121.0,32.0
B1R,NS,102.0,95.0
B1S,NS,100.0,7.5
B1S,NS,91.0,18.0
B1S,NS,92.0,25.0
B1S,NS,95.0,76.0
B1S,NS,92.0,101.0
B1S,NS,91.0,190.0
B1S,NS,94.0,277.0
B1S,NS,91.0,1077.0
*,NS,98.0,7.5
B1L,NS,98.0,101.0
B1V,NS,113.0,7.5
B1V,NS,95.0,290.0
B1N,NS,91.0,7.5
B0N,NS,91.0,125.0
B4E,NS,94.0,7.5
B4A,NS,95.0,43.0
B4A,NS,116.0,59.0
B4A,NS,91.0,124.0
B3T,NS,104.0,104.0
B2V,NS,166.0,41.0
B2W,NS,91.0,18.0
*,NS,56.0,56.0
B2V,NS,101.0,7.5
B2V,NS,92.0,21.0
B2V,NS,101.0,23.0
B2V,NS,108.0,35.0
B2W,NS,91.0,7.5
B2W,NS,93.0,7.5
B2W,NS,80.0,20.0
B2W,NS,91.0,21.0
B2W,NS,114.0,22.0
B2W,NS,91.0,23.0
B2W,NS,91.0,25.0
B2W,NS,94.0,30.0
B2W,NS,92.0,34.0
B2W,NS,90.0,75.0
B2W,NS,95.0,81.0
B2W,NS,104.0,95.0
B2W,NS,91.0,97.0
B2X,NS,91.0,7.5
B2X,NS,111.0,54.0
B2X,NS,90.0,88.0
B2X,NS,120.0,114.0
B2X,NS,302.0,212.0
B2X,NS,104.0,219.0
B3A,NS,91.0,7.5
B3A,NS,91.0,7.5
B3A,NS,91.0,84.0
B3A,NS,90.0,110.0
B3G,NS,94.0,27.0
B3G,NS,133.0,60.0
B3G,NS,111.0,77.0
B2T,NS,105.0,27.0
B2T,NS,97.0,349.0
B0P,NS,105.0,28.0
B2T,NS,111.0,7.5
B3V,NS,94.0,34.0
B3H,NS,91.0,35.0
B3H,NS,91.0,35.0
B3H,NS,90.0,128.0
B3H,NS,210.0,279.0
B3K,NS,90.0,19.0
B3K,NS,95.0,24.0
B3K,NS,119.0,264.0
B3L,NS,92.0,24.0
B3L,NS,127.0,28.0
B3L,NS,110.0,71.0
B3L,NS,94.0,82.0
B3M,NS,93.0,7.5
B3M,NS,94.0,7.5
B3M,NS,91.0,7.5
B3M,NS,107.0,28.0
B3M,NS,91.0,82.0
B3M,NS,102.0,115.0
B3M,NS,98.0,137.0
B3M,NS,93.0,181.0
B3M,NS,94.0,295.0
B3N,NS,92.0,22.0
B3N,NS,90.0,36.0
B3N,NS,95.0,111.0
B3N,NS,91.0,126.0
B3N,NS,91.0,153.0
B3N,NS,92.0,222.0
*,NS,91.0,451.0
B3Z,NS,91.0,587.0
B4B,NS,95.0,7.5
B4B,NS,91.0,41.0
B4B,NS,101.0,83.0
B4B,NS,91.0,111.0
B0P,NS,104.0,7.5
B0P,NS,91.0,20.0
B0J,NS,90.0,24.0
*,NS,91.0,42.0
B4C,NS,92.0,7.5
B4C,NS,126.0,16.0
B4E,NS,101.0,21.0
B4E,NS,93.0,26.0
B4E,NS,90.0,60.0
B2R,NS,91.0,74.0
B0N,NS,99.0,58.0
B0N,NS,93.0,7.5
B3Z,NS,90.0,110.0
B3Z,NS,91.0,566.0
B0N,NS,91.0,37.0
B0J,NS,91.0,7.5
B3T,NS,92.0,326.0
B3T,NS,91.0,407.0
B3T,NS,108.0,750.0
B0N,NS,92.0,7.5
B2R,NS,102.0,52.0
B0N,NS,101.0,30.0
B3V,NS,89.0,43.0
B0N,NS,185.0,38.0
B0N,NS,125.0,110.0
E4Y,NB,95.0,124.0
E4W,NB,91.0,498.0
E1G,NB,91.0,124.0
E4H,NB,90.0,95.0
E1G,NB,104.0,393.0
E4S,NB,95.0,7.5
E4P,NB,92.0,128.0
E4T,NB,91.0,294.0
E4S,NB,93.0,22.0
E4S,NB,92.0,102.0
E4S,NB,96.0,130.0
E4S,NB,91.0,779.0
E4S,NB,128.0,7.5
E4S,NB,91.0,147.0
*,NB,94.0,115.0
E4T,NB,91.0,86.0
E4R,NB,94.0,409.0
E4R,NB,91.0,1309.0
E4H,NB,116.0,63.0
E1A,NB,104.0,7.5
E1A,NB,118.0,7.5
E1A,NB,86.0,17.0
E1A,NB,93.0,32.0
E1A,NB,91.0,41.0
E1A,NB,90.0,65.0
E1A,NB,91.0,65.0
E1G,NB,93.0,7.5
E4H,NB,189.0,18.0
E4Z,NB,133.0,227.0
E4R,NB,92.0,7.5
E4R,NB,112.0,62.0
E4R,NB,91.0,113.0
E4R,NB,94.0,237.0
E4R,NB,126.0,248.0
E4R,NB,91.0,268.0
E4Z,NB,106.0,55.0
E4H,NB,110.0,25.0
E4H,NB,91.0,7.5
E4Z,NB,94.0,34.0
E1H,NB,90.0,385.0
E1J,NB,91.0,16.0
E1J,NB,92.0,17.0
E1J,NB,141.0,50.0
E1J,NB,94.0,430.0
*,NB,91.0,103.0
E1A,NB,91.0,7.5
E1A,NB,124.0,7.5
E1A,NB,146.0,7.5
E1A,NB,100.0,20.0
E1A,NB,74.0,49.0
E1A,NB,101.0,96.0
E1A,NB,101.0,130.0
E1C,NB,93.0,7.5
E1C,NB,90.0,7.5
E1C,NB,92.0,7.5
E1C,NB,91.0,16.0
E1C,NB,93.0,16.0
E1C,NB,92.0,34.0
E1C,NB,92.0,150.0
E1C,NB,100.0,227.0
E1E,NB,91.0,7.5
E1E,NB,100.0,27.0
E1G,NB,184.0,7.5
E1G,NB,111.0,19.0
E1G,NB,91.0,36.0
E1G,NB,92.0,36.0
E1G,NB,90.0,38.0
E1G,NB,91.0,92.0
E1G,NB,95.0,122.0
E1G,NB,91.0,159.0
E1G,NB,91.0,427.0
E1G,NB,92.0,1147.0
E4W,NB,120.0,877.0
E4Z,NB,92.0,31.0
*,NB,92.0,79.0
E4W,NB,92.0,361.0
E4W,NB,82.0,386.0
E4W,NB,115.0,114.0
E4W,NB,96.0,226.0
E4W,NB,121.0,327.0
E4W,NB,113.0,55.0
E1B,NB,91.0,7.5
E1B,NB,92.0,7.5
E1B,NB,92.0,7.5
E1B,NB,99.0,7.5
E1B,NB,92.0,7.5
E1B,NB,92.0,7.5
E1B,NB,105.0,7.5
E1B,NB,90.0,24.0
E1B,NB,106.0,24.0
E1B,NB,95.0,27.0
E1B,NB,64.0,44.0
E1B,NB,117.0,62.0
E1B,NB,91.0,65.0
E1B,NB,91.0,67.0
E1B,NB,103.0,93.0
E1B,NB,93.0,111.0
*,NB,92.0,23.0
*,NB,93.0,23.0
E4X,NB,163.0,51.0
E4T,NB,104.0,28.0
*,NB,98.0,265.0
E4P,NB,92.0,58.0
E4P,NB,103.0,114.0
E4S,NB,90.0,7.5
E4X,NB,98.0,118.0
E1H,NB,91.0,41.0
*,NB,96.0,31.0
*,NB,91.0,170.0
E5H,NB,96.0,241.0
E5H,NB,92.0,29.0
E5H,NB,90.0,56.0
E5B,NB,92.0,256.0
E4C,NB,92.0,106.0
E4C,NB,90.0,170.0
E4C,NB,96.0,174.0
E5S,NB,91.0,43.0
E5B,NB,91.0,79.0
E4C,NB,92.0,84.0
E5N,NB,94.0,101.0
E3L,NB,101.0,50.0
E3L,NB,91.0,168.0
E5K,NB,91.0,62.0
E5K,NB,81.0,93.0
E5K,NB,92.0,163.0
E5K,NB,91.0,185.0
E5G,NB,91.0,7.5
E5G,NB,94.0,7.5
E5G,NB,91.0,7.5
E5G,NB,100.0,7.5
E5N,NB,94.0,97.0
E5N,NB,90.0,120.0
E4C,NB,99.0,20.0
E5N,NB,91.0,38.0
E5N,NB,101.0,62.0
*,NB,92.0,7.5
E5A,NB,92.0,7.5
E5J,NB,93.0,87.0
E3L,NB,116.0,26.0
E5S,NB,92.0,7.5
E5A,NB,120.0,239.0
E5J,NB,96.0,205.0
E4C,NB,100.0,176.0
E5K,NB,96.0,267.0
E5K,NB,93.0,192.0
E4E,NB,99.0,142.0
E5T,NB,92.0,74.0
E5T,NB,99.0,231.0
E5N,NB,91.0,71.0
E4E,NB,92.0,123.0
E5J,NB,91.0,27.0
E2E,NB,92.0,29.0
E2E,NB,121.0,69.0
E2E,NB,93.0,70.0
E2E,NB,91.0,74.0
E2E,NB,91.0,164.0
E2G,NB,98.0,87.0
E2G,NB,107.0,136.0
E2G,NB,92.0,151.0
E2G,NB,96.0,163.0
E5A,NB,91.0,18.0
E2E,NB,91.0,7.5
E2E,NB,91.0,20.0
E2E,NB,93.0,23.0
E2E,NB,130.0,27.0
E2E,NB,101.0,27.0
E2E,NB,92.0,33.0
E2E,NB,93.0,69.0
E2E,NB,105.0,78.0
E2E,NB,99.0,201.0
E2H,NB,106.0,7.5
E2J,NB,97.0,7.5
E2M,NB,98.0,26.0
E2M,NB,113.0,150.0
E2H,NB,108.0,7.5
E2J,NB,91.0,7.5
E2J,NB,112.0,7.5
E2J,NB,94.0,7.5
E2J,NB,92.0,23.0
E2J,NB,92.0,101.0
E2J,NB,92.0,129.0
E2J,NB,91.0,363.0
E2J,NB,100.0,20.0
*,NB,90.0,7.5
E2L,NB,93.0,7.5
E2L,NB,91.0,82.0
E2M,NB,95.0,19.0
E2M,NB,91.0,25.0
E2M,NB,107.0,26.0
E2M,NB,107.0,74.0
E2M,NB,94.0,93.0
E2M,NB,92.0,103.0
E2M,NB,101.0,196.0
*,NB,100.0,629.0
E4E,NB,91.0,403.0
E5B,NB,121.0,18.0
E5B,NB,102.0,27.0
E3L,NB,93.0,7.5
E3L,NB,103.0,15.0
E3L,NB,99.0,25.0
E3L,NB,62.0,36.0
E3L,NB,95.0,42.0
E4E,NB,106.0,16.0
E4E,NB,151.0,124.0
E4E,NB,91.0,7.5
E4E,NB,90.0,221.0
E5T,NB,94.0,122.0
E4C,NB,93.0,67.0
E7L,NB,101.0,261.0
E7H,NB,87.0,143.0
*,NB,91.0,537.0
E4A,NB,90.0,31.0
E4A,NB,117.0,64.0
E7P,NB,93.0,36.0
E2V,NB,92.0,7.5
E7L,NB,93.0,213.0
E4B,NB,135.0,1162.0
E7K,NB,92.0,992.0
E3C,NB,90.0,34.0
E4A,NB,112.0,16.0
E4A,NB,91.0,686.0
E4A,NB,107.0,48.0
E3G,NB,95.0,7.5
E3G,NB,94.0,72.0
E3G,NB,94.0,75.0
*,NB,91.0,225.0
E3G,NB,105.0,175.0
E4B,NB,91.0,32.0
E7L,NB,87.0,293.0
E3A,NB,92.0,7.5
E3A,NB,91.0,7.5
E3A,NB,91.0,93.0
E3A,NB,91.0,281.0
E3B,NB,92.0,7.5
E3B,NB,97.0,7.5
E3B,NB,93.0,17.0
E3B,NB,92.0,17.0
E3B,NB,106.0,17.0
E3B,NB,91.0,21.0
E3B,NB,91.0,23.0
E3B,NB,93.0,24.0
E3B,NB,91.0,27.0
E3B,NB,94.0,37.0
E3B,NB,92.0,113.0
E3B,NB,90.0,123.0
E3C,NB,118.0,7.5
E5L,NB,59.0,25.0
*,NB,96.0,21.0
E2V,NB,92.0,18.0
E2V,NB,92.0,39.0
E6K,NB,105.0,49.0
E6K,NB,91.0,93.0
E6K,NB,93.0,96.0
E5L,NB,127.0,55.0
E5L,NB,105.0,84.0
E3E,NB,91.0,309.0
E4C,NB,92.0,19.0
E7J,NB,136.0,63.0
E7L,NB,91.0,62.0
E7L,NB,90.0,72.0
E6L,NB,92.0,78.0
E3B,NB,91.0,7.5
E3B,NB,91.0,18.0
E3B,NB,93.0,23.0
E3B,NB,124.0,49.0
E3B,NB,92.0,69.0
E3B,NB,93.0,72.0
E6L,NB,91.0,17.0
E4B,NB,91.0,7.5
E3A,NB,91.0,7.5
E3E,NB,67.0,7.5
*,NB,112.0,31.0
*,NB,105.0,83.0
E4B,NB,92.0,7.5
E4B,NB,96.0,16.0
E4B,NB,91.0,171.0
E4B,NB,99.0,1029.0
E7J,NB,93.0,116.0
E3A,NB,92.0,7.5
*,NB,89.0,34.0
E3C,NB,96.0,24.0
E3C,NB,91.0,28.0
E3C,NB,91.0,40.0
E7L,NB,90.0,271.0
E2V,NB,98.0,27.0
E2V,NB,91.0,7.5
E2V,NB,91.0,17.0
E2V,NB,100.0,21.0
E2V,NB,92.0,23.0
E2V,NB,92.0,24.0
E2V,NB,92.0,26.0
E2V,NB,110.0,31.0
E2V,NB,92.0,37.0
E2V,NB,105.0,69.0
E2V,NB,91.0,76.0
E7H,NB,96.0,867.0
E7J,NB,98.0,7.5
E7G,NB,152.0,17.0
E7G,NB,91.0,19.0
E7G,NB,95.0,143.0
E4A,NB,111.0,998.0
E3A,NB,95.0,177.0
E3B,NB,92.0,300.0
E7K,NB,103.0,19.0
E7H,NB,90.0,162.0
E5L,NB,118.0,15.0
*,NB,99.0,20.0
E3E,NB,91.0,667.0
E7K,NB,93.0,238.0
E4A,NB,91.0,27.0
E3B,NB,91.0,105.0
E2V,NB,104.0,7.5
E7P,NB,92.0,135.0
E5L,NB,91.0,97.0
E7M,NB,96.0,22.0
E7M,NB,92.0,58.0
E7M,NB,101.0,87.0
E7M,NB,103.0,167.0
E7M,NB,94.0,397.0
E7M,NB,107.0,649.0
E7A,NB,92.0,308.0
E7A,NB,100.0,30.0
E3Y,NB,90.0,35.0
E3Y,NB,91.0,326.0
E3Y,NB,90.0,330.0
E3Y,NB,130.0,29.0
E3Y,NB,119.0,251.0
E3V,NB,93.0,7.5
E3V,NB,91.0,7.5
E3V,NB,96.0,7.5
E3V,NB,91.0,7.5
E3V,NB,95.0,17.0
E3V,NB,93.0,24.0
E3V,NB,91.0,25.0
E3V,NB,90.0,27.0
E3V,NB,96.0,30.0
E3V,NB,92.0,30.0
E3V,NB,91.0,41.0
E3V,NB,98.0,65.0
E3V,NB,124.0,93.0
E3V,NB,90.0,139.0
E3V,NB,94.0,157.0
E3V,NB,90.0,161.0
E3V,NB,90.0,193.0
E3V,NB,92.0,374.0
E3Z,NB,92.0,204.0
E3Y,NB,90.0,143.0
E3Y,NB,95.0,236.0
E3Z,NB,91.0,357.0
E3Y,NB,91.0,173.0
E3Z,NB,92.0,28.0
E8B,NB,95.0,43.0
E8B,NB,91.0,130.0
E8B,NB,92.0,147.0
E8B,NB,91.0,168.0
E8B,NB,100.0,267.0
E8B,NB,114.0,95.0
E7A,NB,90.0,252.0
E7A,NB,100.0,392.0
E7G,NB,93.0,277.0
E7G,NB,93.0,127.0
E7G,NB,92.0,599.0
E7C,NB,89.0,22.0
E7C,NB,90.0,33.0
E7C,NB,95.0,64.0
E3Y,NB,91.0,115.0
E3Y,NB,99.0,201.0
E3Y,NB,91.0,418.0
E3Y,NB,101.0,1346.0
E7C,NB,93.0,17.0
E7C,NB,108.0,19.0
E7C,NB,91.0,27.0
E7C,NB,91.0,34.0
E7C,NB,120.0,94.0
E7C,NB,95.0,95.0
E7C,NB,91.0,238.0
E7C,NB,91.0,306.0
E7C,NB,92.0,366.0
E7C,NB,91.0,606.0
E7C,NB,90.0,985.0
E7E,NB,90.0,18.0
E7E,NB,106.0,26.0
E7E,NB,93.0,41.0
E7E,NB,94.0,162.0
E7E,NB,91.0,163.0
E7A,NB,91.0,27.0
E7A,NB,91.0,34.0
E7A,NB,101.0,90.0
E7B,NB,92.0,7.5
E7B,NB,90.0,48.0
E7B,NB,95.0,75.0
E7B,NB,91.0,300.0
E7B,NB,91.0,303.0
E7B,NB,95.0,16.0
E7E,NB,91.0,28.0
E7E,NB,102.0,70.0
E7E,NB,97.0,84.0
E7E,NB,100.0,107.0
E8A,NB,96.0,25.0
E8A,NB,91.0,75.0
E8A,NB,92.0,96.0
E8A,NB,92.0,159.0
E8A,NB,90.0,180.0
E8A,NB,92.0,216.0
E8A,NB,92.0,669.0
E3Y,NB,92.0,118.0
E3N,NB,113.0,7.5
E3N,NB,103.0,18.0
E3N,NB,95.0,27.0
E3N,NB,92.0,76.0
E3N,NB,91.0,250.0
E8E,NB,100.0,7.5
E8E,NB,95.0,24.0
E8E,NB,91.0,36.0
E8E,NB,92.0,47.0
E8E,NB,90.0,78.0
E8E,NB,93.0,114.0
E8E,NB,95.0,140.0
E8E,NB,92.0,282.0
E8G,NB,108.0,23.0
E8G,NB,96.0,45.0
E8G,NB,104.0,68.0
E8G,NB,90.0,110.0
E8G,NB,103.0,383.0
E8G,NB,94.0,555.0
E8E,NB,91.0,140.0
E8E,NB,85.0,36.0
E3N,NB,92.0,7.5
E3N,NB,91.0,7.5
E3N,NB,90.0,7.5
E3N,NB,92.0,7.5
E3N,NB,90.0,15.0
E3N,NB,103.0,16.0
E3N,NB,91.0,16.0
E3N,NB,90.0,19.0
E3N,NB,61.0,24.0
E3N,NB,91.0,28.0
E3N,NB,93.0,30.0
E3N,NB,98.0,46.0
E3N,NB,93.0,60.0
E3N,NB,133.0,66.0
E3N,NB,90.0,69.0
E3N,NB,91.0,116.0
E3N,NB,92.0,118.0
E3N,NB,91.0,157.0
E3N,NB,92.0,193.0
E3N,NB,91.0,202.0
E3N,NB,89.0,207.0
E3N,NB,95.0,290.0
E3N,NB,123.0,414.0
E8E,NB,99.0,20.0
E8E,NB,93.0,31.0
E8E,NB,90.0,69.0
E8E,NB,92.0,263.0
E8E,NB,92.0,428.0
E8E,NB,92.0,449.0
E8C,NB,132.0,292.0
E8C,NB,117.0,7.5
E8C,NB,101.0,7.5
E8C,NB,92.0,40.0
E8C,NB,92.0,52.0
E8C,NB,90.0,82.0
E8C,NB,134.0,106.0
E8C,NB,97.0,113.0
E8C,NB,91.0,119.0
E8C,NB,92.0,151.0
E8C,NB,92.0,154.0
E8C,NB,103.0,218.0
E8C,NB,92.0,225.0
E8C,NB,91.0,386.0
E3N,NB,107.0,37.0
E8E,NB,90.0,156.0
E8E,NB,91.0,165.0
E8E,NB,91.0,528.0
E8E,NB,91.0,1330.0
E8E,NB,93.0,7.5
E8E,NB,95.0,7.5
E8E,NB,91.0,16.0
E8E,NB,91.0,25.0
E8E,NB,92.0,30.0
E8E,NB,98.0,30.0
E8E,NB,90.0,32.0
E8E,NB,98.0,34.0
E8E,NB,98.0,37.0
E8E,NB,92.0,40.0
E3N,NB,92.0,120.0
E8G,NB,106.0,7.5
E8G,NB,92.0,33.0
E8G,NB,97.0,93.0
E8G,NB,110.0,149.0
E3N,NB,92.0,102.0
E3N,NB,91.0,187.0
E8G,NB,92.0,75.0
E8G,NB,186.0,520.0
E3N,NB,89.0,7.5
E3N,NB,92.0,177.0
E3N,NB,92.0,1035.0
E8E,NB,92.0,65.0
E8B,NB,90.0,1291.0
E8B,NB,91.0,194.0
E3N,NB,92.0,186.0
E3N,NB,386.0,84.0
E3N,NB,90.0,152.0
E3N,NB,94.0,503.0
E3N,NB,91.0,875.0
E3N,NB,91.0,1312.0
E3N,NB,92.0,302.0
E3N,NB,92.0,16.0
E3N,NB,92.0,25.0
E3N,NB,92.0,31.0
E3N,NB,93.0,102.0
E3N,NB,93.0,141.0
E3N,NB,92.0,151.0
E3N,NB,105.0,154.0
E3N,NB,91.0,427.0
E3N,NB,100.0,560.0
E8J,NB,96.0,188.0
E1W,NB,92.0,27.0
E8R,NB,93.0,5590.0
E2A,NB,92.0,7.5
E2A,NB,113.0,30.0
E2A,NB,97.0,49.0
E2A,NB,96.0,77.0
E2A,NB,91.0,78.0
E2A,NB,101.0,79.0
E2A,NB,96.0,84.0
E2A,NB,92.0,87.0
E2A,NB,93.0,91.0
E2A,NB,92.0,146.0
E2A,NB,94.0,209.0
E2A,NB,109.0,219.0
E2A,NB,94.0,357.0
E2A,NB,93.0,452.0
E2A,NB,90.0,510.0
E2A,NB,90.0,642.0
E2A,NB,133.0,1265.0
E2A,NB,92.0,1412.0
E2A,NB,92.0,1481.0
E2A,NB,96.0,1944.0
E8K,NB,93.0,17.0
E8K,NB,103.0,108.0
E8K,NB,61.0,138.0
E8K,NB,90.0,145.0
E8K,NB,123.0,219.0
E1W,NB,92.0,171.0
E8R,NB,100.0,7.5
E8R,NB,105.0,237.0
E8R,NB,90.0,7.5
E1X,NB,99.0,80.0
E1W,NB,91.0,17.0
E1W,NB,91.0,20.0
E1W,NB,92.0,24.0
E1W,NB,91.0,89.0
E1W,NB,89.0,104.0
E1W,NB,99.0,137.0
E1W,NB,112.0,947.0
E8S,NB,91.0,122.0
E8T,NB,92.0,135.0
E8K,NB,90.0,172.0
E1X,NB,91.0,130.0
E8N,NB,90.0,60.0
E8N,NB,128.0,516.0
E1X,NB,94.0,69.0
E1X,NB,91.0,478.0
E8P,NB,92.0,139.0
E8T,NB,92.0,1047.0
E8J,NB,95.0,151.0
E8J,NB,94.0,184.0
E1X,NB,90.0,7.5
E1X,NB,91.0,69.0
E8N,NB,93.0,16.0
E8N,NB,90.0,30.0
E8T,NB,91.0,1702.0
E8K,NB,144.0,139.0
E8K,NB,92.0,273.0
E8K,NB,96.0,705.0
E2A,NB,95.0,127.0
E8R,NB,92.0,361.0
E8R,NB,91.0,294.0
E8R,NB,102.0,964.0
E8J,NB,100.0,80.0
E8T,NB,95.0,431.0
E8T,NB,114.0,136.0
E8T,NB,91.0,446.0
E8J,NB,121.0,325.0
E8J,NB,96.0,354.0
E8T,NB,91.0,324.0
E1X,NB,115.0,114.0
E8T,NB,90.0,463.0
E8J,NB,127.0,7.5
E8J,NB,107.0,7.5
E8J,NB,111.0,46.0
E8J,NB,92.0,149.0
E8P,NB,92.0,32.0
E8P,NB,101.0,282.0
E1X,NB,92.0,118.0
E1X,NB,86.0,39.0
E8R,NB,105.0,2466.0
E8R,NB,101.0,691.0
E1X,NB,91.0,41.0
E1X,NB,91.0,56.0
E8T,NB,119.0,1012.0
E8K,NB,105.0,126.0
E1X,NB,94.0,497.0
*,NB,90.0,393.0
E8N,NB,91.0,384.0
E8N,NB,106.0,433.0
E8N,NB,91.0,697.0
E8N,NB,90.0,753.0
E8P,NB,99.0,182.0
E8P,NB,92.0,1172.0
E8S,NB,96.0,83.0
E8S,NB,90.0,100.0
E8S,NB,91.0,112.0
E8S,NB,91.0,134.0
E8S,NB,92.0,174.0
E1X,NB,91.0,60.0
E8K,NB,96.0,1096.0
E8N,NB,91.0,238.0
E1X,NB,94.0,98.0
E1X,NB,91.0,22.0
E1X,NB,85.0,28.0
E1X,NB,92.0,41.0
E1X,NB,92.0,138.0
E1X,NB,90.0,196.0
E1X,NB,94.0,217.0
E1X,NB,90.0,447.0
E1X,NB,92.0,751.0
E8J,NB,105.0,18.0
E8J,NB,90.0,325.0
E8N,NB,91.0,107.0
E9A,NB,98.0,15.0
E9A,NB,91.0,102.0
E9A,NB,100.0,110.0
E9A,NB,93.0,125.0
E9A,NB,100.0,297.0
E1N,NB,90.0,71.0
E9B,NB,91.0,22.0
E9G,NB,99.0,124.0
E9G,NB,92.0,203.0
E1V,NB,82.0,17.0
E1V,NB,91.0,181.0
E1N,NB,91.0,69.0
E1N,NB,92.0,7.5
E1N,NB,90.0,103.0
E1V,NB,90.0,63.0
E1N,NB,90.0,7.5
E1N,NB,123.0,22.0
E1N,NB,102.0,22.0
E1N,NB,91.0,36.0
E1N,NB,91.0,94.0
E1N,NB,95.0,137.0
E9B,NB,94.0,121.0
E9B,NB,101.0,21.0
E9B,NB,98.0,52.0
E9B,NB,91.0,77.0
E9B,NB,91.0,104.0
E9B,NB,168.0,152.0
E9B,NB,105.0,399.0
E9B,NB,92.0,647.0
E9B,NB,90.0,994.0
E9E,NB,93.0,35.0
E9H,NB,93.0,346.0
E9E,NB,110.0,17.0
E9E,NB,91.0,65.0
E9E,NB,97.0,31.0
E9E,NB,120.0,101.0
E9A,NB,130.0,7.5
E9A,NB,90.0,198.0
E9G,NB,91.0,139.0
E9G,NB,102.0,87.0
E9G,NB,100.0,147.0
E9G,NB,90.0,409.0
E9G,NB,135.0,713.0
E1N,NB,98.0,122.0
E9A,NB,90.0,7.5
E9H,NB,91.0,209.0
E9B,NB,92.0,7.5
E9B,NB,111.0,7.5
E9G,NB,61.0,40.0
E9G,NB,90.0,204.0
E9G,NB,91.0,39.0
E9G,NB,90.0,7.5
E9G,NB,91.0,15.0
E9G,NB,134.0,336.0
E9G,NB,91.0,576.0
E1V,NB,90.0,7.5
E1V,NB,91.0,37.0
E1V,NB,91.0,297.0
E9E,NB,97.0,35.0
E9E,NB,88.0,95.0
E9E,NB,97.0,7.5
E1N,NB,154.0,7.5
E1N,NB,90.0,7.5
E1N,NB,64.0,7.5
E1N,NB,92.0,18.0
E1N,NB,101.0,20.0
E1N,NB,91.0,24.0
E1N,NB,94.0,27.0
E1N,NB,90.0,32.0
E1N,NB,91.0,36.0
E1N,NB,103.0,48.0
E1N,NB,91.0,84.0
E1N,NB,97.0,102.0
E1N,NB,92.0,106.0
E1N,NB,90.0,110.0
E1N,NB,72.0,117.0
E1N,NB,91.0,119.0
E1N,NB,95.0,129.0
E1N,NB,95.0,162.0
E1N,NB,96.0,181.0
E1N,NB,92.0,188.0
E1N,NB,91.0,193.0
E1N,NB,91.0,196.0
E1N,NB,122.0,214.0
E1N,NB,91.0,239.0
E1N,NB,93.0,294.0
E1N,NB,91.0,303.0
E1N,NB,116.0,336.0
E1N,NB,95.0,387.0
E1N,NB,117.0,439.0
E1N,NB,91.0,443.0
E1N,NB,93.0,543.0
E1N,NB,91.0,557.0
E1N,NB,91.0,585.0
E1N,NB,90.0,679.0
E1N,NB,116.0,720.0
E1V,NB,94.0,7.5
E1V,NB,90.0,7.5
E1V,NB,90.0,7.5
E1V,NB,99.0,7.5
E1V,NB,90.0,7.5
E1V,NB,94.0,20.0
E1V,NB,97.0,25.0
E1V,NB,92.0,29.0
E1V,NB,94.0,33.0
E1V,NB,91.0,34.0
E1V,NB,94.0,35.0
E1V,NB,97.0,37.0
E1V,NB,58.0,37.0
E1V,NB,91.0,51.0
E1V,NB,103.0,55.0
E1V,NB,91.0,55.0
E1V,NB,98.0,57.0
E1V,NB,91.0,67.0
E1V,NB,113.0,79.0
E1V,NB,91.0,81.0
E1V,NB,91.0,95.0
E1V,NB,92.0,96.0
E1V,NB,107.0,116.0
E1V,NB,104.0,141.0
E1V,NB,96.0,151.0
E1V,NB,91.0,152.0
E1V,NB,67.0,154.0
E1V,NB,91.0,158.0
E1V,NB,109.0,188.0
E1V,NB,90.0,198.0
E1V,NB,91.0,200.0
E1V,NB,108.0,223.0
E1V,NB,48.0,246.0
E1V,NB,96.0,258.0
E1V,NB,91.0,264.0
E1V,NB,92.0,274.0
E1V,NB,88.0,297.0
E1V,NB,94.0,309.0
E1V,NB,125.0,355.0
E1V,NB,91.0,377.0
E1V,NB,111.0,457.0
E1V,NB,96.0,466.0
E1V,NB,92.0,478.0
E1V,NB,89.0,479.0
E1V,NB,94.0,576.0
E1V,NB,96.0,619.0
E1V,NB,89.0,963.0
E1V,NB,186.0,1458.0
E1N,NB,101.0,7.5
E1N,NB,100.0,7.5
E1N,NB,100.0,31.0
E1N,NB,91.0,99.0
E1N,NB,91.0,348.0
E9G,NB,99.0,7.5
E9G,NB,101.0,7.5
E9G,NB,98.0,22.0
E9G,NB,97.0,27.0
E9G,NB,91.0,58.0
E9G,NB,91.0,79.0
E9G,NB,90.0,81.0
E9G,NB,101.0,104.0
E9G,NB,91.0,138.0
E9G,NB,95.0,189.0
E9G,NB,91.0,245.0
E9G,NB,95.0,282.0
E9G,NB,90.0,283.0
E9G,NB,91.0,312.0
E9G,NB,91.0,16.0
E9G,NB,91.0,83.0
E1V,NB,94.0,128.0
E1V,NB,92.0,24.0
E1V,NB,91.0,93.0
E9E,NB,106.0,91.0
E9E,NB,93.0,7.5
E9E,NB,91.0,60.0
E4Y,NB,100.0,130.0
E4Y,NB,114.0,169.0
E4Y,NB,94.0,605.0
E9E,NB,91.0,89.0
E1N,NB,96.0,238.0
E1V,NB,103.0,30.0
E1V,NB,92.0,86.0
E1V,NB,95.0,231.0
E1V,NB,98.0,908.0
E9E,NB,94.0,22.0
E9E,NB,114.0,76.0
E9E,NB,96.0,243.0
E9H,NB,92.0,7.5
E9H,NB,96.0,22.0
E9H,NB,94.0,24.0
E9H,NB,108.0,70.0
E9H,NB,91.0,81.0
E9H,NB,96.0,94.0
E9H,NB,99.0,112.0
E9H,NB,108.0,231.0
E9E,NB,90.0,138.0
E9E,NB,145.0,381.0
E9B,NB,92.0,38.0
E9B,NB,91.0,255.0
E9G,NB,90.0,149.0
E9E,NB,97.0,28.0
E9E,NB,97.0,67.0
E9E,NB,90.0,114.0
E1V,NB,97.0,372.0
G5J,QC,95.0,25.0
G5J,QC,92.0,36.0
G5J,QC,92.0,94.0
G5J,QC,94.0,125.0
G5J,QC,91.0,142.0
G5J,QC,91.0,154.0
G5J,QC,98.0,160.0
G5J,QC,90.0,283.0
G5J,QC,90.0,632.0
G0L,QC,94.0,30.0
G0L,QC,91.0,302.0
G0J,QC,91.0,162.0
G0J,QC,100.0,20.0
G0J,QC,61.0,42.0
G0J,QC,106.0,43.0
G0J,QC,92.0,121.0
G0J,QC,98.0,237.0
G0J,QC,92.0,287.0
G0J,QC,119.0,309.0
G0J,QC,94.0,408.0
G5T,QC,91.0,129.0
G5T,QC,90.0,734.0
G5T,QC,122.0,774.0
G0R,QC,91.0,18.0
G0R,QC,90.0,23.0
G0R,QC,91.0,105.0
G0R,QC,92.0,7.5
G0J,QC,99.0,7.5
G0J,QC,105.0,84.0
G0L,QC,91.0,300.0
G0K,QC,91.0,81.0
G0K,QC,91.0,185.0
G0K,QC,91.0,238.0
G0K,QC,106.0,261.0
G0J,QC,91.0,162.0
G0J,QC,96.0,57.0
G0L,QC,109.0,7.5
G0L,QC,90.0,7.5
G0L,QC,87.0,25.0
G4W,QC,176.0,7.5
G4W,QC,95.0,7.5
G4W,QC,91.0,20.0
G4W,QC,124.0,25.0
G4W,QC,91.0,27.0
G4W,QC,93.0,41.0
G4W,QC,92.0,41.0
G4W,QC,94.0,57.0
G4W,QC,91.0,72.0
G4W,QC,96.0,90.0
G4W,QC,96.0,134.0
G4W,QC,97.0,199.0
G4W,QC,95.0,323.0
G4W,QC,51.0,369.0
G0L,QC,96.0,7.5
G5H,QC,92.0,15.0
G5H,QC,122.0,27.0
G5H,QC,91.0,32.0
G5H,QC,91.0,81.0
G5H,QC,93.0,114.0
G0L,QC,98.0,287.0
G0L,QC,94.0,7.5
G0L,QC,114.0,29.0
G0L,QC,90.0,26.0
G0J,QC,91.0,24.0
G0L,QC,99.0,7.5
G0L,QC,92.0,17.0
G0L,QC,91.0,19.0
G0L,QC,90.0,185.0
G0J,QC,163.0,123.0
G5L,QC,95.0,7.5
G5L,QC,93.0,18.0
G5L,QC,92.0,20.0
G5L,QC,91.0,20.0
G5L,QC,91.0,20.0
G5L,QC,93.0,21.0
G5L,QC,92.0,22.0
G5L,QC,92.0,25.0
G5L,QC,94.0,33.0
G5L,QC,92.0,34.0
G5L,QC,92.0,47.0
G5L,QC,102.0,79.0
G5L,QC,92.0,94.0
G5L,QC,126.0,139.0
G0L,QC,91.0,96.0
G0L,QC,99.0,80.0
G5R,QC,93.0,7.5
G5R,QC,96.0,29.0
G5R,QC,92.0,104.0
G5R,QC,111.0,7.5
G5R,QC,91.0,7.5
G5R,QC,109.0,7.5
G5R,QC,102.0,25.0
G5R,QC,92.0,26.0
G5R,QC,93.0,35.0
G5R,QC,92.0,101.0
G5R,QC,92.0,103.0
G5R,QC,178.0,117.0
G0L,QC,92.0,22.0
G0J,QC,92.0,7.5
G0J,QC,123.0,43.0
G0L,QC,90.0,67.0
G0L,QC,91.0,187.0
G0L,QC,109.0,27.0
G0L,QC,93.0,7.5
G0L,QC,117.0,22.0
G0L,QC,98.0,109.0
G0L,QC,91.0,41.0
G0L,QC,97.0,82.0
G0L,QC,94.0,299.0
G0J,QC,90.0,34.0
G0J,QC,132.0,44.0
G0J,QC,90.0,298.0
G0J,QC,114.0,75.0
G0L,QC,91.0,7.5
G0L,QC,90.0,111.0
G0J,QC,100.0,126.0
G0K,QC,91.0,103.0
G0K,QC,90.0,180.0
G0L,QC,92.0,7.5
G0L,QC,98.0,34.0
G0L,QC,90.0,54.0
G0L,QC,92.0,85.0
G0L,QC,90.0,7.5
G0L,QC,107.0,19.0
G0K,QC,97.0,445.0
G0K,QC,99.0,450.0
G0K,QC,103.0,7.5
G0L,QC,100.0,19.0
G0L,QC,91.0,42.0
G0L,QC,92.0,16.0
G0L,QC,96.0,181.0
G0L,QC,91.0,481.0
G0L,QC,92.0,23.0
G0L,QC,91.0,27.0
G0L,QC,93.0,133.0
G0J,QC,82.0,35.0
G0L,QC,91.0,40.0
G0L,QC,91.0,71.0
G0L,QC,91.0,238.0
G0L,QC,106.0,7.5
G0K,QC,90.0,154.0
G0L,QC,115.0,68.0
G0L,QC,97.0,214.0
G0L,QC,92.0,7.5
G0L,QC,123.0,17.0
G0J,QC,90.0,27.0
G0L,QC,94.0,24.0
G0L,QC,94.0,7.5
G0L,QC,93.0,7.5
G0L,QC,91.0,7.5
G0L,QC,90.0,7.5
G0L,QC,90.0,7.5
G0L,QC,98.0,92.0
G0L,QC,92.0,479.0
G0L,QC,92.0,20.0
G0L,QC,91.0,23.0
G0J,QC,121.0,7.5
G0J,QC,92.0,7.5
G0J,QC,93.0,20.0
G0J,QC,92.0,92.0
G0J,QC,101.0,7.5
G0J,QC,119.0,200.0
G0J,QC,92.0,20.0
G0L,QC,106.0,33.0
G0L,QC,91.0,7.5
G0L,QC,91.0,21.0
G0L,QC,121.0,22.0
G0L,QC,96.0,30.0
G0L,QC,91.0,32.0
G0L,QC,91.0,67.0
G0J,QC,98.0,42.0
G8M,QC,92.0,30.0
G8M,QC,90.0,39.0
G8B,QC,112.0,7.5
G8B,QC,99.0,7.5
G8B,QC,90.0,7.5
G8B,QC,91.0,18.0
G8B,QC,91.0,20.0
G8B,QC,91.0,37.0
G8B,QC,95.0,86.0
G8B,QC,91.0,91.0
G0W,QC,91.0,98.0
G7H,QC,98.0,77.0
*,QC,92.0,7.5
G7H,QC,135.0,18.0
G7H,QC,89.0,24.0
G7J,QC,91.0,17.0
G7J,QC,93.0,82.0
G7J,QC,92.0,106.0
G8L,QC,96.0,7.5
G8L,QC,104.0,7.5
G8L,QC,90.0,7.5
G8L,QC,71.0,16.0
G8L,QC,91.0,17.0
G8L,QC,92.0,19.0
G8L,QC,95.0,22.0
G8L,QC,108.0,30.0
G8L,QC,91.0,43.0
G8L,QC,106.0,97.0
*,QC,95.0,99.0
G0W,QC,93.0,23.0
G0W,QC,96.0,56.0
G0W,QC,91.0,7.5
G7S,QC,92.0,7.5
G7S,QC,92.0,21.0
G7X,QC,94.0,7.5
G7X,QC,92.0,7.5
G7X,QC,92.0,32.0
G7X,QC,93.0,97.0
G7X,QC,118.0,214.0
G7Z,QC,99.0,7.5
G7Z,QC,109.0,100.0
G7Z,QC,92.0,198.0
G7B,QC,106.0,7.5
G7B,QC,99.0,41.0
*,QC,141.0,7.5
G7X,QC,122.0,7.5
G7X,QC,91.0,33.0
G0W,QC,90.0,107.0
G0W,QC,84.0,18.0
G7N,QC,93.0,139.0
G7N,QC,91.0,151.0
G8G,QC,116.0,28.0
G8G,QC,92.0,134.0
G0W,QC,126.0,7.5
G8H,QC,97.0,7.5
G8H,QC,101.0,35.0
G8H,QC,91.0,69.0
G8H,QC,90.0,787.0
G0W,QC,91.0,15.0
G8K,QC,91.0,7.5
G8K,QC,92.0,7.5
G8K,QC,90.0,17.0
G8K,QC,147.0,18.0
G8K,QC,90.0,20.0
G8K,QC,99.0,24.0
G8K,QC,105.0,58.0
G8K,QC,126.0,62.0
G8K,QC,126.0,91.0
G0W,QC,87.0,19.0
G0W,QC,93.0,22.0
G0W,QC,91.0,16.0
G0W,QC,97.0,25.0
G0T,QC,92.0,34.0
G3Z,QC,90.0,7.5
G3Z,QC,102.0,7.5
G3Z,QC,111.0,7.5
G3Z,QC,91.0,7.5
G3Z,QC,111.0,7.5
G3Z,QC,111.0,7.5
G3Z,QC,91.0,17.0
G3Z,QC,98.0,20.0
G3Z,QC,91.0,21.0
G3Z,QC,92.0,24.0
G3Z,QC,95.0,29.0
G3Z,QC,100.0,69.0
G3Z,QC,91.0,95.0
G0A,QC,113.0,29.0
G0A,QC,92.0,111.0
G0A,QC,99.0,118.0
G0A,QC,116.0,338.0
G0A,QC,92.0,530.0
G0A,QC,92.0,24.0
G0A,QC,97.0,7.5
G0A,QC,103.0,7.5
G0A,QC,99.0,7.5
G0A,QC,92.0,7.5
G4A,QC,91.0,20.0
G4A,QC,92.0,23.0
G4A,QC,90.0,26.0
G4A,QC,99.0,38.0
G4A,QC,117.0,97.0
G0A,QC,91.0,33.0
G3N,QC,91.0,7.5
G3N,QC,92.0,7.5
G0A,QC,90.0,33.0
G0A,QC,93.0,44.0
G5A,QC,90.0,44.0
G5A,QC,91.0,17.0
G5A,QC,100.0,17.0
G5A,QC,93.0,20.0
G5A,QC,96.0,22.0
G5A,QC,100.0,28.0
G5A,QC,93.0,38.0
G5A,QC,91.0,40.0
G5A,QC,92.0,43.0
G5A,QC,127.0,46.0
G5A,QC,92.0,69.0
G5A,QC,91.0,91.0
G5A,QC,95.0,190.0
G2E,QC,91.0,19.0
G2E,QC,90.0,28.0
G0A,QC,117.0,7.5
G0A,QC,92.0,7.5
G0A,QC,97.0,28.0
G0A,QC,129.0,2013.0
G0A,QC,91.0,239.0
G0A,QC,91.0,74.0
G0A,QC,92.0,31.0
G0A,QC,90.0,17.0
G0A,QC,91.0,36.0
G0A,QC,137.0,42.0
G0T,QC,97.0,7.5
G0T,QC,92.0,7.5
G0T,QC,94.0,42.0
G0T,QC,86.0,42.0
G0T,QC,98.0,144.0
G0A,QC,91.0,7.5
G0A,QC,90.0,17.0
G0A,QC,90.0,7.5
G0A,QC,93.0,23.0
G3H,QC,101.0,7.5
G3H,QC,98.0,20.0
G3H,QC,97.0,28.0
G3H,QC,90.0,64.0
G0A,QC,92.0,7.5
*,QC,91.0,43.0
*,QC,99.0,166.0
*,QC,92.0,84.0
G1V,QC,102.0,7.5
G1V,QC,92.0,7.5
G1V,QC,91.0,82.0
*,QC,92.0,7.5
*,QC,96.0,62.0
*,QC,169.0,7.5
G2C,QC,91.0,39.0
G2C,QC,91.0,38.0
*,QC,91.0,7.5
*,QC,99.0,7.5
*,QC,100.0,677.0
*,QC,90.0,57.0
G3K,QC,95.0,37.0
G3K,QC,93.0,42.0
G0T,QC,112.0,430.0
G0A,QC,92.0,7.5
G0A,QC,113.0,39.0
G3A,QC,93.0,7.5
G3A,QC,91.0,19.0
G3A,QC,98.0,246.0
G3A,QC,92.0,293.0
G0A,QC,91.0,15.0
G0A,QC,92.0,18.0
G0A,QC,90.0,43.0
G0A,QC,89.0,324.0
G0A,QC,108.0,7.5
G0A,QC,100.0,7.5
G0A,QC,91.0,20.0
G0A,QC,96.0,7.5
G0A,QC,103.0,32.0
G0A,QC,90.0,148.0
G3N,QC,102.0,7.5
G3N,QC,92.0,22.0
G3N,QC,61.0,27.0
G3N,QC,94.0,93.0
G0A,QC,98.0,7.5
G0A,QC,110.0,34.0
G0A,QC,91.0,39.0
G0A,QC,120.0,56.0
G0A,QC,92.0,40.0
G0A,QC,105.0,39.0
G0A,QC,92.0,82.0
G0A,QC,94.0,147.0
G0A,QC,97.0,251.0
G0A,QC,91.0,22.0
G0A,QC,99.0,7.5
G0A,QC,91.0,7.5
G0A,QC,93.0,104.0
G0A,QC,89.0,864.0
G0T,QC,91.0,1331.0
G0T,QC,106.0,67.0
G0A,QC,91.0,31.0
G0A,QC,90.0,88.0
G0A,QC,120.0,86.0
G0A,QC,90.0,22.0
G0A,QC,92.0,25.0
G0A,QC,114.0,75.0
G0A,QC,92.0,125.0
G0A,QC,92.0,163.0
G0A,QC,90.0,325.0
G0A,QC,86.0,37.0
G0A,QC,91.0,76.0
G0A,QC,93.0,82.0
G0A,QC,90.0,100.0
G3L,QC,96.0,7.5
G3L,QC,92.0,34.0
G3L,QC,92.0,40.0
G3L,QC,92.0,57.0
G3L,QC,98.0,98.0
G3L,QC,91.0,146.0
G0T,QC,99.0,34.0
G0T,QC,112.0,207.0
G0T,QC,91.0,7.5
G0T,QC,91.0,41.0
G0A,QC,92.0,23.0
G0A,QC,91.0,7.5
G0A,QC,91.0,7.5
G0A,QC,91.0,7.5
G0A,QC,89.0,23.0
G0A,QC,90.0,40.0
G0A,QC,95.0,176.0
G3C,QC,99.0,56.0
G3C,QC,93.0,115.0
G3C,QC,91.0,118.0
J0G,QC,92.0,7.5
J0G,QC,125.0,17.0
G9H,QC,90.0,7.5
G9H,QC,90.0,7.5
G9H,QC,104.0,74.0
G9H,QC,93.0,79.0
G0P,QC,97.0,7.5
G0Z,QC,90.0,43.0
G0X,QC,92.0,7.5
G9X,QC,92.0,7.5
G9X,QC,68.0,18.0
G9X,QC,90.0,30.0
G0X,QC,90.0,7.5
J0H,QC,91.0,29.0
*,QC,91.0,27.0
G0P,QC,116.0,21.0
G0X,QC,93.0,7.5
G6L,QC,92.0,96.0
G6L,QC,99.0,16.0
G6L,QC,92.0,17.0
J0K,QC,92.0,60.0
G0X,QC,93.0,7.5
G0X,QC,92.0,7.5
G0X,QC,93.0,18.0
G0X,QC,92.0,28.0
J0C,QC,128.0,7.5
*,QC,97.0,24.0
G0X,QC,92.0,7.5
J0K,QC,90.0,75.0
G0Z,QC,91.0,7.5
G0X,QC,91.0,32.0
G0X,QC,96.0,23.0
G0X,QC,96.0,30.0
G0X,QC,99.0,7.5
G0X,QC,94.0,31.0
J0K,QC,92.0,7.5
J0K,QC,93.0,27.0
J0C,QC,91.0,7.5
*,QC,93.0,132.0
G0P,QC,95.0,27.0
G0X,QC,103.0,7.5
G0X,QC,91.0,7.5
G0X,QC,95.0,7.5
G0Z,QC,91.0,7.5
G0X,QC,91.0,22.0
G0X,QC,99.0,7.5
G0X,QC,98.0,7.5
G0X,QC,91.0,7.5
G0X,QC,92.0,18.0
*,QC,92.0,26.0
G8T,QC,101.0,7.5
G8T,QC,93.0,31.0
*,QC,91.0,7.5
G6P,QC,102.0,31.0
G6P,QC,91.0,86.0
*,QC,102.0,17.0
*,QC,92.0,94.0
G0S,QC,96.0,7.5
J1T,QC,111.0,7.5
J1T,QC,95.0,20.0
J1T,QC,113.0,28.0
J1T,QC,92.0,52.0
J0B,QC,121.0,7.5
J0B,QC,91.0,91.0
J0B,QC,92.0,17.0
J0B,QC,90.0,7.5
J0B,QC,91.0,346.0
J0A,QC,92.0,7.5
J0A,QC,91.0,7.5
J0B,QC,93.0,43.0
G6B,QC,120.0,7.5
G6B,QC,123.0,23.0
G6B,QC,91.0,185.0
G0M,QC,91.0,25.0
G0M,QC,91.0,171.0
J0B,QC,93.0,24.0
J1X,QC,91.0,7.5
J1X,QC,122.0,22.0
J1X,QC,92.0,45.0
J1X,QC,92.0,72.0
J1X,QC,92.0,91.0
J0E,QC,94.0,74.0
J0B,QC,111.0,200.0
G0Y,QC,91.0,44.0
J0B,QC,91.0,7.5
J0B,QC,91.0,32.0
J1X,QC,167.0,44.0
G0Y,QC,114.0,400.0
J0B,QC,95.0,17.0
J0B,QC,91.0,18.0
J0B,QC,90.0,25.0
J0B,QC,91.0,42.0
*,QC,91.0,314.0
*,QC,101.0,26.0
J1L,QC,101.0,44.0
J1L,QC,85.0,74.0
J1L,QC,108.0,138.0
J1N,QC,95.0,21.0
J1N,QC,91.0,26.0
J1N,QC,92.0,51.0
J1N,QC,90.0,63.0
J1N,QC,95.0,89.0
J0B,QC,105.0,412.0
J0B,QC,98.0,83.0
G0Y,QC,92.0,25.0
J0B,QC,91.0,16.0
J0B,QC,92.0,34.0
J0B,QC,93.0,154.0
J0B,QC,121.0,162.0
*,QC,59.0,41.0
G0Y,QC,92.0,185.0
J0A,QC,112.0,20.0
J0A,QC,105.0,25.0
*,QC,88.0,17.0
H1M,QC,94.0,15.0
H9W,QC,90.0,89.0
H9W,QC,90.0,219.0
H9A,QC,91.0,37.0
H9A,QC,92.0,152.0
*,QC,109.0,18.0
*,QC,91.0,31.0
H9S,QC,95.0,89.0
*,QC,92.0,69.0
H9J,QC,95.0,7.5
H9J,QC,92.0,66.0
*,QC,101.0,15.0
*,QC,92.0,7.5
H8P,QC,93.0,7.5
H8P,QC,93.0,7.5
H8P,QC,92.0,18.0
H8P,QC,91.0,24.0
H8P,QC,91.0,36.0
*,QC,91.0,160.0
H9C,QC,95.0,17.0
H9C,QC,90.0,238.0
H1C,QC,90.0,139.0
H1C,QC,102.0,204.0
*,QC,94.0,99.0
H1L,QC,89.0,7.5
H1L,QC,93.0,52.0
H1L,QC,122.0,61.0
H1L,QC,92.0,73.0
H1M,QC,91.0,30.0
*,QC,91.0,132.0
H1S,QC,91.0,76.0
H1T,QC,91.0,7.5
H1T,QC,92.0,64.0
H1W,QC,100.0,7.5
H1W,QC,128.0,139.0
H1Y,QC,96.0,7.5
H1Y,QC,94.0,7.5
*,QC,120.0,60.0
*,QC,92.0,114.0
*,QC,104.0,26.0
*,QC,110.0,7.5
*,QC,96.0,7.5
*,QC,93.0,90.0
*,QC,90.0,26.0
*,QC,92.0,33.0
*,QC,98.0,111.0
*,QC,106.0,85.0
H3S,QC,91.0,7.5
H3S,QC,176.0,7.5
*,QC,97.0,17.0
*,QC,93.0,7.5
*,QC,93.0,7.5
*,QC,91.0,7.5
H1G,QC,90.0,7.5
H1G,QC,93.0,352.0
*,QC,90.0,16.0
*,QC,70.0,7.5
H8Z,QC,91.0,7.5
H8Z,QC,103.0,35.0
H8Z,QC,90.0,120.0
H8Z,QC,95.0,278.0
H9J,QC,103.0,130.0
*,QC,91.0,7.5
*,QC,121.0,143.0
H9S,QC,91.0,31.0
H4L,QC,92.0,7.5
H4L,QC,91.0,22.0
H1S,QC,100.0,7.5
H3E,QC,96.0,7.5
H3E,QC,101.0,30.0
H4H,QC,91.0,7.5
H4H,QC,110.0,7.5
H4H,QC,90.0,7.5
J0W,QC,90.0,7.5
J0W,QC,92.0,31.0
J0W,QC,91.0,83.0
J0W,QC,93.0,132.0
J0X,QC,158.0,21.0
J0X,QC,91.0,99.0
J8V,QC,91.0,31.0
J8V,QC,91.0,155.0
J8V,QC,60.0,407.0
J0X,QC,99.0,7.5
J9B,QC,91.0,7.5
J9B,QC,91.0,18.0
J9B,QC,97.0,90.0
J9B,QC,93.0,711.0
J0X,QC,90.0,144.0
J9E,QC,91.0,622.0
J0V,QC,92.0,262.0
J0X,QC,96.0,35.0
J0X,QC,118.0,106.0
J8M,QC,92.0,7.5
J8M,QC,96.0,59.0
J8M,QC,92.0,114.0
J8P,QC,92.0,7.5
J8P,QC,98.0,32.0
J8R,QC,99.0,7.5
J8R,QC,91.0,22.0
J8R,QC,91.0,36.0
J8T,QC,94.0,7.5
J8T,QC,115.0,20.0
J8T,QC,114.0,35.0
J8T,QC,91.0,163.0
*,QC,93.0,61.0
*,QC,92.0,25.0
J9H,QC,148.0,17.0
J9H,QC,91.0,125.0
J9J,QC,91.0,30.0
J9J,QC,90.0,122.0
J0X,QC,115.0,7.5
J0W,QC,92.0,24.0
J0T,QC,95.0,26.0
J0X,QC,92.0,122.0
J0X,QC,93.0,143.0
J8L,QC,118.0,7.5
J8L,QC,106.0,59.0
J0X,QC,155.0,26.0
J9E,QC,102.0,917.0
J0V,QC,93.0,31.0
J0V,QC,117.0,69.0
J8L,QC,100.0,17.0
J0V,QC,98.0,221.0
J0V,QC,91.0,132.0
J0X,QC,89.0,34.0
J0V,QC,94.0,73.0
J0V,QC,96.0,26.0
J0V,QC,92.0,163.0
J0X,QC,118.0,141.0
J0X,QC,92.0,145.0
J0X,QC,100.0,7.5
J0X,QC,96.0,313.0
J8N,QC,91.0,52.0
J8N,QC,97.0,313.0
J0X,QC,91.0,16.0
J0X,QC,123.0,47.0
J9T,QC,91.0,7.5
J9T,QC,94.0,7.5
J9T,QC,91.0,7.5
J9T,QC,93.0,7.5
J9T,QC,93.0,7.5
J9T,QC,116.0,7.5
J9T,QC,91.0,7.5
J9T,QC,131.0,7.5
J9T,QC,97.0,19.0
J9T,QC,63.0,31.0
J9T,QC,102.0,35.0
J9T,QC,100.0,69.0
J0Y,QC,91.0,7.5
J0Z,QC,92.0,18.0
J0Z,QC,123.0,151.0
J0Z,QC,91.0,7.5
J0Z,QC,92.0,20.0
J0Z,QC,92.0,7.5
J0Z,QC,93.0,29.0
J0Z,QC,92.0,7.5
J0Z,QC,92.0,90.0
J0Z,QC,91.0,7.5
J0Z,QC,92.0,212.0
J0Z,QC,91.0,7.5
J9Z,QC,91.0,7.5
J9Z,QC,90.0,7.5
J9Z,QC,91.0,7.5
J9Z,QC,91.0,7.5
J9Z,QC,139.0,7.5
J9Z,QC,93.0,31.0
J9Z,QC,92.0,90.0
J9Z,QC,92.0,96.0
J0Y,QC,99.0,7.5
J0Z,QC,210.0,39.0
J0Z,QC,91.0,34.0
J0Z,QC,102.0,77.0
J0Z,QC,92.0,20.0
J9X,QC,98.0,7.5
J9X,QC,93.0,27.0
J0Z,QC,91.0,127.0
J0Z,QC,90.0,16.0
J0Z,QC,122.0,43.0
J0Z,QC,101.0,23.0
J0Y,QC,92.0,22.0
J0Y,QC,111.0,529.0
J9X,QC,192.0,17.0
J9X,QC,91.0,24.0
J9X,QC,97.0,31.0
J9X,QC,92.0,54.0
J9X,QC,92.0,76.0
J9X,QC,90.0,89.0
J9Y,QC,92.0,7.5
J9Y,QC,92.0,7.5
J9Y,QC,134.0,16.0
J0Y,QC,97.0,7.5
J0Y,QC,97.0,7.5
J0Y,QC,92.0,23.0
J0Y,QC,92.0,77.0
J0Y,QC,91.0,112.0
J0Y,QC,93.0,249.0
J0Z,QC,92.0,7.5
J0Y,QC,97.0,23.0
J9P,QC,103.0,7.5
J9P,QC,97.0,7.5
J9P,QC,101.0,7.5
J9P,QC,118.0,25.0
J9P,QC,91.0,67.0
J9P,QC,137.0,97.0
*,QC,92.0,7.5
G4Z,QC,94.0,7.5
G4Z,QC,105.0,7.5
G4Z,QC,108.0,7.5
G4Z,QC,91.0,7.5
G4Z,QC,91.0,24.0
G4Z,QC,104.0,30.0
G4Z,QC,91.0,31.0
G4Z,QC,94.0,62.0
G4Z,QC,92.0,107.0
G4Z,QC,117.0,164.0
G4Z,QC,91.0,167.0
G4Z,QC,91.0,204.0
G5C,QC,130.0,7.5
G5C,QC,91.0,7.5
G5C,QC,90.0,26.0
G5C,QC,59.0,40.0
G0G,QC,104.0,7.5
G0G,QC,124.0,126.0
G0G,QC,97.0,18.0
G0G,QC,119.0,101.0
G0G,QC,91.0,23.0
G0H,QC,90.0,7.5
G0H,QC,106.0,63.0
G0H,QC,92.0,359.0
G0G,QC,97.0,28.0
G0G,QC,113.0,55.0
G0T,QC,109.0,7.5
G0T,QC,96.0,7.5
G0T,QC,91.0,26.0
G0T,QC,91.0,33.0
G0T,QC,92.0,36.0
G0T,QC,92.0,40.0
G0T,QC,103.0,46.0
G0T,QC,98.0,86.0
G0T,QC,152.0,114.0
G0T,QC,132.0,137.0
G0T,QC,93.0,276.0
G0T,QC,109.0,7.5
G0G,QC,91.0,18.0
G0G,QC,92.0,21.0
G0G,QC,92.0,22.0
G0G,QC,93.0,39.0
G0G,QC,163.0,65.0
G0T,QC,99.0,7.5
G0T,QC,94.0,7.5
G0T,QC,93.0,17.0
G0T,QC,133.0,60.0
G0T,QC,90.0,91.0
G0G,QC,92.0,7.5
G0T,QC,98.0,7.5
G0T,QC,92.0,7.5
G0T,QC,92.0,25.0
G0T,QC,92.0,77.0
G0T,QC,148.0,152.0
G0G,QC,98.0,7.5
G0G,QC,91.0,7.5
G0G,QC,105.0,27.0
G0G,QC,96.0,30.0
G0G,QC,94.0,38.0
G0G,QC,99.0,57.0
G0G,QC,77.0,121.0
G0H,QC,90.0,7.5
G0H,QC,91.0,15.0
G0H,QC,91.0,24.0
G5B,QC,95.0,7.5
G5B,QC,92.0,7.5
G5B,QC,92.0,21.0
G5B,QC,121.0,25.0
G5B,QC,139.0,63.0
G5B,QC,98.0,107.0
G0H,QC,92.0,25.0
G0H,QC,99.0,7.5
G0H,QC,91.0,7.5
G0G,QC,95.0,29.0
G0T,QC,121.0,20.0
G0T,QC,91.0,106.0
G0G,QC,91.0,7.5
G4R,QC,98.0,7.5
G4R,QC,110.0,23.0
G4R,QC,88.0,24.0
G4R,QC,96.0,25.0
G4R,QC,92.0,32.0
G4R,QC,91.0,42.0
G4R,QC,90.0,51.0
G4R,QC,92.0,62.0
G4R,QC,97.0,67.0
G4R,QC,102.0,68.0
G4R,QC,91.0,73.0
G4R,QC,92.0,75.0
G4R,QC,92.0,77.0
G4R,QC,91.0,82.0
G4R,QC,97.0,99.0
G4R,QC,91.0,136.0
G4R,QC,93.0,142.0
G4R,QC,101.0,147.0
G4R,QC,91.0,154.0
G4R,QC,94.0,208.0
G4R,QC,92.0,234.0
G4S,QC,123.0,7.5
G4S,QC,91.0,7.5
G4S,QC,93.0,7.5
G4S,QC,91.0,7.5
G4S,QC,92.0,7.5
G4S,QC,109.0,18.0
G4S,QC,133.0,60.0
G0T,QC,91.0,128.0
G0G,QC,91.0,27.0
J0Z,QC,91.0,7.5
J0Z,QC,91.0,33.0
G0W,QC,104.0,106.0
G0W,QC,107.0,7.5
G0W,QC,113.0,18.0
G0W,QC,107.0,18.0
G0W,QC,91.0,22.0
G0W,QC,91.0,22.0
G0W,QC,59.0,22.0
G0W,QC,120.0,23.0
G0W,QC,140.0,27.0
G0W,QC,91.0,28.0
G0W,QC,90.0,29.0
G0W,QC,92.0,30.0
G0W,QC,92.0,30.0
G0W,QC,95.0,35.0
G0W,QC,91.0,35.0
G0W,QC,90.0,36.0
G0W,QC,90.0,36.0
G0W,QC,103.0,37.0
G0W,QC,97.0,40.0
G0W,QC,91.0,41.0
G0W,QC,94.0,44.0
G0W,QC,92.0,54.0
G0W,QC,94.0,62.0
G0W,QC,95.0,69.0
G0W,QC,91.0,77.0
G0W,QC,93.0,83.0
G0W,QC,101.0,86.0
G0W,QC,101.0,132.0
G0W,QC,92.0,133.0
G0W,QC,92.0,145.0
G0W,QC,91.0,152.0
G0W,QC,91.0,183.0
G0W,QC,83.0,191.0
G0W,QC,90.0,201.0
G0W,QC,90.0,293.0
G0W,QC,92.0,492.0
G8P,QC,125.0,7.5
G8P,QC,98.0,7.5
G8P,QC,110.0,7.5
G8P,QC,92.0,7.5
G8P,QC,102.0,7.5
G8P,QC,93.0,7.5
G8P,QC,91.0,7.5
G8P,QC,91.0,7.5
G8P,QC,92.0,7.5
G8P,QC,123.0,7.5
G8P,QC,97.0,7.5
G8P,QC,141.0,7.5
G8P,QC,91.0,7.5
G8P,QC,116.0,7.5
G8P,QC,93.0,7.5
G8P,QC,91.0,7.5
G8P,QC,93.0,7.5
G8P,QC,93.0,7.5
G8P,QC,100.0,7.5
G8P,QC,103.0,7.5
G8P,QC,86.0,7.5
G8P,QC,91.0,7.5
G8P,QC,91.0,7.5
G8P,QC,90.0,7.5
G8P,QC,123.0,7.5
G8P,QC,97.0,7.5
G8P,QC,96.0,7.5
G8P,QC,93.0,7.5
G8P,QC,91.0,7.5
G8P,QC,93.0,7.5
G8P,QC,105.0,7.5
G8P,QC,91.0,7.5
G8P,QC,93.0,7.5
G8P,QC,98.0,7.5
G8P,QC,91.0,7.5
G8P,QC,91.0,7.5
G8P,QC,97.0,7.5
G8P,QC,95.0,7.5
G8P,QC,71.0,7.5
G8P,QC,159.0,7.5
G8P,QC,92.0,7.5
G8P,QC,92.0,7.5
G8P,QC,96.0,7.5
G8P,QC,91.0,7.5
G8P,QC,90.0,7.5
G8P,QC,95.0,7.5
G8P,QC,60.0,15.0
G8P,QC,123.0,15.0
G8P,QC,91.0,15.0
G8P,QC,92.0,16.0
G8P,QC,91.0,16.0
G8P,QC,93.0,16.0
G8P,QC,96.0,16.0
G8P,QC,105.0,16.0
G8P,QC,91.0,16.0
G8P,QC,124.0,16.0
G8P,QC,92.0,17.0
G8P,QC,103.0,17.0
G8P,QC,91.0,18.0
G8P,QC,91.0,18.0
G8P,QC,108.0,18.0
G8P,QC,100.0,19.0
G8P,QC,94.0,19.0
G8P,QC,127.0,20.0
G8P,QC,109.0,20.0
G8P,QC,99.0,20.0
G8P,QC,112.0,20.0
G8P,QC,91.0,21.0
G8P,QC,106.0,21.0
G8P,QC,96.0,21.0
G8P,QC,136.0,21.0
G8P,QC,91.0,21.0
G8P,QC,88.0,22.0
G8P,QC,91.0,22.0
G8P,QC,91.0,22.0
G8P,QC,132.0,23.0
G8P,QC,91.0,24.0
G8P,QC,91.0,24.0
G8P,QC,104.0,25.0
G8P,QC,100.0,25.0
G8P,QC,92.0,25.0
G8P,QC,90.0,25.0
G8P,QC,92.0,26.0
G8P,QC,92.0,27.0
G8P,QC,91.0,27.0
G8P,QC,99.0,27.0
G8P,QC,91.0,28.0
G8P,QC,91.0,29.0
G8P,QC,96.0,30.0
G8P,QC,91.0,30.0
G8P,QC,90.0,32.0
G8P,QC,176.0,32.0
G8P,QC,93.0,32.0
G8P,QC,93.0,32.0
G8P,QC,92.0,33.0
G8P,QC,92.0,34.0
G8P,QC,92.0,36.0
G8P,QC,91.0,36.0
G8P,QC,97.0,38.0
G8P,QC,92.0,39.0
G8P,QC,102.0,40.0
G8P,QC,91.0,43.0
G8P,QC,118.0,47.0
G8P,QC,139.0,47.0
G8P,QC,117.0,48.0
G8P,QC,149.0,49.0
G8P,QC,141.0,49.0
G8P,QC,119.0,50.0
G8P,QC,117.0,55.0
G8P,QC,92.0,57.0
G8P,QC,107.0,57.0
G8P,QC,90.0,64.0
G8P,QC,94.0,64.0
G8P,QC,99.0,65.0
G8P,QC,98.0,66.0
G8P,QC,92.0,67.0
G8P,QC,91.0,71.0
G8P,QC,92.0,74.0
G8P,QC,92.0,74.0
G8P,QC,95.0,76.0
G8P,QC,90.0,78.0
G8P,QC,91.0,80.0
G8P,QC,92.0,82.0
G8P,QC,91.0,83.0
G8P,QC,100.0,83.0
G8P,QC,94.0,87.0
G8P,QC,97.0,89.0
G8P,QC,99.0,102.0
G8P,QC,98.0,110.0
G8P,QC,92.0,126.0
G8P,QC,91.0,173.0
G8P,QC,92.0,188.0
G8P,QC,99.0,223.0
G8P,QC,92.0,223.0
G8P,QC,92.0,224.0
G8P,QC,96.0,241.0
G8P,QC,89.0,247.0
G8P,QC,95.0,249.0
G8P,QC,108.0,270.0
G8P,QC,91.0,276.0
G8P,QC,91.0,410.0
G8P,QC,92.0,24.0
G0W,QC,68.0,7.5
G8P,QC,92.0,242.0
J0Y,QC,120.0,7.5
J0Y,QC,115.0,7.5
J0Y,QC,107.0,7.5
J0Y,QC,103.0,7.5
J0Y,QC,103.0,7.5
J0Y,QC,95.0,7.5
J0Y,QC,92.0,7.5
J0Y,QC,91.0,7.5
J0Y,QC,110.0,16.0
J0Y,QC,91.0,16.0
J0Y,QC,92.0,18.0
J0Y,QC,92.0,19.0
J0Y,QC,110.0,22.0
J0Y,QC,92.0,24.0
J0Y,QC,90.0,25.0
J0Y,QC,111.0,27.0
J0Y,QC,91.0,28.0
J0Y,QC,91.0,32.0
J0Y,QC,93.0,35.0
J0Y,QC,107.0,83.0
J0Y,QC,97.0,95.0
J0Y,QC,93.0,108.0
J0Y,QC,141.0,7.5
J0Y,QC,135.0,7.5
J0Y,QC,126.0,7.5
J0Y,QC,113.0,7.5
J0Y,QC,101.0,7.5
J0Y,QC,96.0,7.5
J0Y,QC,93.0,7.5
J0Y,QC,92.0,7.5
J0Y,QC,91.0,7.5
J0Y,QC,64.0,7.5
J0Y,QC,93.0,18.0
J0Y,QC,112.0,19.0
J0Y,QC,96.0,19.0
J0Y,QC,134.0,27.0
J0Y,QC,107.0,49.0
J0Y,QC,91.0,22.0
J0Z,QC,89.0,7.5
J0Z,QC,133.0,87.0
J0Z,QC,93.0,125.0
J0Z,QC,91.0,170.0
G4T,QC,91.0,7.5
G4T,QC,99.0,7.5
G4T,QC,91.0,71.0
G4T,QC,97.0,71.0
G0C,QC,115.0,16.0
G0C,QC,90.0,42.0
G0C,QC,93.0,172.0
G4T,QC,94.0,16.0
G4T,QC,106.0,24.0
G4T,QC,91.0,27.0
G4T,QC,103.0,29.0
G4T,QC,96.0,331.0
G0J,QC,133.0,7.5
G0J,QC,148.0,60.0
G0J,QC,93.0,297.0
G0J,QC,115.0,184.0
G0J,QC,91.0,7.5
G0J,QC,89.0,254.0
G0C,QC,90.0,7.5
G0C,QC,135.0,60.0
G0C,QC,119.0,64.0
G0C,QC,92.0,36.0
G0C,QC,97.0,78.0
G0C,QC,90.0,212.0
G0C,QC,91.0,264.0
G0C,QC,94.0,279.0
G0C,QC,104.0,36.0
G0C,QC,90.0,24.0
G0C,QC,89.0,25.0
G0C,QC,122.0,26.0
G0E,QC,91.0,37.0
G0C,QC,93.0,110.0
G4T,QC,90.0,7.5
G4T,QC,91.0,7.5
G4T,QC,92.0,22.0
G4T,QC,93.0,24.0
G4T,QC,102.0,24.0
G4T,QC,111.0,31.0
G4T,QC,90.0,35.0
G4T,QC,99.0,20.0
G0C,QC,91.0,245.0
G0C,QC,92.0,322.0
G4X,QC,92.0,7.5
G4X,QC,116.0,16.0
G4X,QC,91.0,18.0
G4X,QC,91.0,19.0
G4X,QC,110.0,29.0
G4X,QC,90.0,36.0
G4X,QC,97.0,40.0
G4X,QC,92.0,71.0
G4X,QC,92.0,76.0
G4X,QC,92.0,85.0
G4X,QC,93.0,99.0
G4X,QC,90.0,99.0
G4X,QC,89.0,101.0
G4X,QC,92.0,107.0
G4X,QC,94.0,130.0
G4X,QC,91.0,133.0
G4X,QC,91.0,136.0
G4X,QC,90.0,145.0
G4X,QC,90.0,163.0
G4X,QC,93.0,165.0
G4X,QC,114.0,180.0
G4X,QC,92.0,187.0
G4X,QC,127.0,209.0
G4X,QC,107.0,219.0
G4X,QC,93.0,223.0
G4X,QC,91.0,224.0
G4X,QC,99.0,374.0
G4X,QC,91.0,457.0
G4X,QC,92.0,498.0
G4X,QC,92.0,570.0
G4X,QC,110.0,2923.0
G4T,QC,92.0,21.0
G0C,QC,107.0,218.0
G0C,QC,105.0,727.0
G0C,QC,109.0,97.0
G0E,QC,92.0,7.5
G0E,QC,112.0,62.0
G0E,QC,112.0,136.0
G0E,QC,90.0,271.0
G4T,QC,91.0,18.0
G4T,QC,94.0,127.0
G4T,QC,92.0,7.5
G4T,QC,96.0,7.5
G4T,QC,92.0,7.5
G4T,QC,95.0,37.0
G4T,QC,112.0,20.0
G4T,QC,92.0,27.0
G0C,QC,122.0,22.0
G4T,QC,91.0,7.5
G4T,QC,81.0,7.5
G0J,QC,92.0,79.0
G4T,QC,91.0,7.5
G4T,QC,99.0,7.5
G4T,QC,92.0,16.0
G4T,QC,91.0,18.0
G4T,QC,96.0,36.0
G4T,QC,103.0,113.0
G4T,QC,94.0,142.0
G0C,QC,91.0,227.0
G0C,QC,92.0,261.0
G0C,QC,109.0,290.0
G0E,QC,91.0,222.0
G0J,QC,90.0,74.0
G0J,QC,91.0,661.0
G0E,QC,94.0,7.5
G0E,QC,91.0,133.0
G0E,QC,92.0,154.0
G0E,QC,91.0,216.0
G0E,QC,95.0,257.0
G0E,QC,90.0,15.0
G0C,QC,91.0,16.0
G0C,QC,110.0,66.0
G0C,QC,90.0,7.5
G0C,QC,91.0,17.0
G0C,QC,91.0,78.0
G0C,QC,92.0,130.0
G0C,QC,97.0,148.0
G0C,QC,92.0,186.0
G0C,QC,147.0,217.0
G0C,QC,90.0,429.0
G0C,QC,91.0,7.5
G0C,QC,95.0,20.0
G0C,QC,92.0,22.0
G0C,QC,93.0,63.0
G0C,QC,91.0,91.0
G0C,QC,92.0,328.0
G0C,QC,92.0,911.0
G0C,QC,91.0,817.0
G0C,QC,92.0,871.0
G0C,QC,92.0,7.5
G0C,QC,93.0,148.0
G0C,QC,92.0,410.0
G0C,QC,126.0,468.0
G0C,QC,91.0,377.0
G0C,QC,92.0,7.5
G0C,QC,92.0,108.0
G0C,QC,97.0,282.0
G0C,QC,91.0,118.0
G0C,QC,93.0,187.0
G0C,QC,94.0,104.0
G0C,QC,92.0,112.0
G0C,QC,92.0,195.0
G0C,QC,113.0,22.0
G4V,QC,92.0,7.5
G4V,QC,91.0,7.5
G4V,QC,121.0,28.0
G4V,QC,91.0,37.0
G4V,QC,91.0,74.0
G4V,QC,92.0,80.0
G4V,QC,91.0,82.0
G4V,QC,92.0,83.0
G4V,QC,105.0,92.0
G4V,QC,98.0,113.0
G4V,QC,91.0,116.0
G4V,QC,130.0,120.0
G4V,QC,91.0,131.0
G4V,QC,92.0,163.0
G4V,QC,93.0,192.0
G4V,QC,91.0,260.0
G4V,QC,116.0,357.0
G4V,QC,92.0,447.0
G4V,QC,93.0,505.0
G0C,QC,90.0,123.0
G0C,QC,91.0,105.0
G0C,QC,96.0,236.0
G0C,QC,90.0,80.0
G0C,QC,91.0,412.0
G0C,QC,115.0,463.0
G0C,QC,92.0,7.5
G0C,QC,91.0,7.5
G0C,QC,91.0,7.5
G0C,QC,91.0,21.0
G0N,QC,92.0,7.5
G0N,QC,92.0,31.0
G0N,QC,91.0,34.0
G0N,QC,91.0,95.0
G0R,QC,92.0,131.0
G5X,QC,92.0,37.0
G5X,QC,92.0,42.0
G5X,QC,90.0,461.0
G0R,QC,93.0,292.0
G0R,QC,90.0,7.5
G0R,QC,90.0,38.0
G0R,QC,91.0,79.0
G0R,QC,94.0,92.0
G0R,QC,93.0,95.0
*,QC,92.0,24.0
G0N,QC,101.0,73.0
G0N,QC,97.0,7.5
G0S,QC,91.0,7.5
G0S,QC,96.0,20.0
G0S,QC,130.0,79.0
G0R,QC,91.0,260.0
G0R,QC,92.0,30.0
G0R,QC,91.0,7.5
G0R,QC,94.0,67.0
G0R,QC,110.0,91.0
G0R,QC,91.0,72.0
G0S,QC,61.0,17.0
G0S,QC,89.0,22.0
G0S,QC,113.0,20.0
G6V,QC,92.0,7.5
G6V,QC,94.0,56.0
G6W,QC,92.0,19.0
G6W,QC,96.0,37.0
G6W,QC,91.0,47.0
G0R,QC,91.0,32.0
G0R,QC,97.0,41.0
G0R,QC,91.0,249.0
G0R,QC,93.0,7.5
G5V,QC,104.0,7.5
G5V,QC,91.0,7.5
G5V,QC,92.0,17.0
G5V,QC,90.0,20.0
G5V,QC,95.0,35.0
G5V,QC,96.0,79.0
G5V,QC,91.0,117.0
G0M,QC,124.0,43.0
G0M,QC,91.0,179.0
G0R,QC,90.0,24.0
G0R,QC,134.0,7.5
G0R,QC,95.0,18.0
G0R,QC,96.0,7.5
G0R,QC,93.0,21.0
G0R,QC,93.0,113.0
G0S,QC,98.0,66.0
G0S,QC,137.0,185.0
G0S,QC,91.0,7.5
G0S,QC,97.0,7.5
G0S,QC,91.0,34.0
G0S,QC,92.0,137.0
G0R,QC,91.0,53.0
G0R,QC,92.0,114.0
G0R,QC,96.0,259.0
G0M,QC,112.0,7.5
G0S,QC,96.0,7.5
G0S,QC,91.0,31.0
G0R,QC,90.0,38.0
G0M,QC,91.0,66.0
G0R,QC,184.0,168.0
G0S,QC,90.0,18.0
G0R,QC,90.0,20.0
G0M,QC,92.0,7.5
G0M,QC,91.0,53.0
G0R,QC,106.0,7.5
G0S,QC,126.0,7.5
G0S,QC,94.0,20.0
G0S,QC,91.0,35.0
G6E,QC,93.0,7.5
G6E,QC,113.0,7.5
G6E,QC,92.0,7.5
G6E,QC,98.0,24.0
G6E,QC,94.0,34.0
G6E,QC,91.0,43.0
G6E,QC,116.0,85.0
G6E,QC,100.0,88.0
G6E,QC,91.0,136.0
G6E,QC,91.0,245.0
G6E,QC,90.0,542.0
G6E,QC,122.0,59.0
G0R,QC,92.0,28.0
G0R,QC,123.0,234.0
G0R,QC,90.0,7.5
G0R,QC,92.0,39.0
*,QC,113.0,7.5
G0R,QC,109.0,126.0
G0M,QC,149.0,19.0
G0M,QC,101.0,102.0
G5Y,QC,93.0,7.5
G5Y,QC,96.0,19.0
G5Y,QC,97.0,22.0
G5Y,QC,96.0,49.0
G5Y,QC,119.0,56.0
G5Y,QC,101.0,97.0
G5Y,QC,96.0,158.0
G5Y,QC,91.0,230.0
G5Y,QC,91.0,455.0
*,QC,118.0,979.0
*,QC,140.0,409.0
G0S,QC,91.0,7.5
G0M,QC,92.0,165.0
G6Z,QC,109.0,7.5
G6Z,QC,91.0,16.0
G6Z,QC,142.0,27.0
G6Z,QC,92.0,260.0
G0R,QC,92.0,7.5
G0R,QC,91.0,548.0
G0S,QC,95.0,7.5
G0S,QC,92.0,82.0
G0N,QC,97.0,28.0
G0N,QC,96.0,321.0
G0N,QC,91.0,116.0
G0S,QC,90.0,7.5
G0S,QC,93.0,79.0
G0S,QC,90.0,472.0
G0R,QC,92.0,7.5
G0R,QC,91.0,123.0
G0R,QC,92.0,268.0
G0R,QC,91.0,277.0
G0R,QC,108.0,16.0
G0R,QC,92.0,52.0
G0S,QC,92.0,45.0
G7A,QC,91.0,7.5
G7A,QC,98.0,7.5
G0S,QC,97.0,315.0
G0R,QC,91.0,39.0
G0S,QC,91.0,31.0
G0S,QC,92.0,35.0
G0R,QC,98.0,59.0
G0M,QC,106.0,273.0
G0M,QC,95.0,7.5
G0M,QC,92.0,31.0
G0M,QC,91.0,16.0
G0M,QC,92.0,19.0
G0M,QC,90.0,20.0
G0M,QC,100.0,149.0
G0R,QC,95.0,41.0
G0R,QC,91.0,30.0
G0S,QC,95.0,81.0
G0N,QC,96.0,91.0
G0N,QC,121.0,85.0
G0R,QC,108.0,31.0
G0R,QC,112.0,52.0
G0R,QC,97.0,73.0
G0M,QC,91.0,16.0
G0M,QC,94.0,121.0
G0M,QC,95.0,7.5
G0M,QC,92.0,56.0
G0M,QC,91.0,155.0
G0M,QC,94.0,313.0
G0M,QC,92.0,412.0
G0S,QC,92.0,7.5
G0S,QC,91.0,18.0
G0S,QC,91.0,223.0
G6G,QC,92.0,7.5
G6G,QC,92.0,7.5
G6G,QC,106.0,7.5
G6G,QC,98.0,7.5
G6G,QC,91.0,7.5
G6G,QC,94.0,18.0
G6G,QC,91.0,21.0
G6G,QC,91.0,22.0
G6G,QC,94.0,82.0
G0N,QC,91.0,38.0
G0N,QC,91.0,44.0
G0S,QC,93.0,7.5
G0S,QC,110.0,26.0
H7K,QC,93.0,18.0
H7W,QC,91.0,558.0
H7W,QC,95.0,29.0
H7P,QC,94.0,18.0
H7P,QC,90.0,185.0
H7P,QC,90.0,7.5
H7A,QC,150.0,7.5
H7A,QC,93.0,153.0
H7A,QC,139.0,201.0
H7A,QC,91.0,227.0
H7A,QC,95.0,263.0
H7A,QC,96.0,281.0
*,QC,92.0,7.5
*,QC,131.0,21.0
H7E,QC,104.0,7.5
H7E,QC,92.0,19.0
H7E,QC,101.0,27.0
H7E,QC,91.0,33.0
H7E,QC,93.0,91.0
H7E,QC,92.0,120.0
H7E,QC,125.0,202.0
H7G,QC,93.0,18.0
H7G,QC,91.0,18.0
H7G,QC,102.0,33.0
H7G,QC,94.0,40.0
H7G,QC,93.0,46.0
H7G,QC,105.0,61.0
H7G,QC,91.0,72.0
H7H,QC,94.0,7.5
H7H,QC,92.0,17.0
H7H,QC,61.0,26.0
H7H,QC,95.0,27.0
H7H,QC,90.0,31.0
H7H,QC,90.0,58.0
H7H,QC,96.0,62.0
H7H,QC,92.0,84.0
H7H,QC,98.0,118.0
H7H,QC,95.0,131.0
*,QC,91.0,7.5
H7K,QC,90.0,33.0
H7K,QC,102.0,35.0
H7K,QC,91.0,38.0
H7K,QC,100.0,71.0
H7K,QC,91.0,85.0
H7K,QC,95.0,85.0
H7K,QC,103.0,90.0
H7L,QC,92.0,7.5
H7L,QC,96.0,7.5
H7L,QC,91.0,18.0
H7L,QC,97.0,40.0
H7L,QC,91.0,54.0
H7L,QC,98.0,98.0
H7L,QC,92.0,104.0
H7L,QC,97.0,114.0
H7L,QC,93.0,133.0
H7L,QC,91.0,135.0
H7L,QC,130.0,135.0
H7L,QC,89.0,194.0
H7M,QC,93.0,28.0
H7M,QC,96.0,33.0
H7M,QC,90.0,238.0
H7M,QC,91.0,1607.0
H7N,QC,118.0,7.5
H7N,QC,103.0,7.5
H7N,QC,92.0,15.0
H7N,QC,92.0,16.0
H7N,QC,94.0,33.0
H7N,QC,92.0,41.0
H7N,QC,144.0,93.0
H7P,QC,93.0,7.5
H7P,QC,91.0,7.5
H7P,QC,91.0,7.5
H7P,QC,101.0,7.5
H7P,QC,92.0,7.5
H7P,QC,139.0,7.5
H7P,QC,91.0,7.5
H7P,QC,91.0,16.0
H7P,QC,94.0,49.0
H7P,QC,95.0,125.0
H7P,QC,92.0,135.0
H7P,QC,91.0,199.0
H7P,QC,91.0,297.0
H7R,QC,86.0,7.5
H7R,QC,127.0,18.0
H7R,QC,96.0,35.0
H7R,QC,91.0,76.0
H7R,QC,100.0,217.0
*,QC,97.0,36.0
H7T,QC,97.0,7.5
H7T,QC,92.0,7.5
H7T,QC,96.0,16.0
H7T,QC,91.0,65.0
H7T,QC,102.0,88.0
H7T,QC,90.0,241.0
*,QC,91.0,122.0
H7W,QC,90.0,7.5
H7W,QC,91.0,7.5
H7W,QC,94.0,23.0
H7X,QC,92.0,7.5
H7X,QC,95.0,18.0
H7X,QC,91.0,19.0
H7X,QC,91.0,36.0
H7R,QC,92.0,27.0
H7R,QC,91.0,111.0
H7X,QC,91.0,301.0
*,QC,90.0,218.0
H7A,QC,92.0,36.0
J0K,QC,89.0,7.5
J0K,QC,91.0,24.0
J0K,QC,90.0,28.0
J0K,QC,92.0,25.0
J0K,QC,91.0,223.0
J0T,QC,90.0,7.5
J0T,QC,91.0,17.0
J6E,QC,92.0,135.0
J7M,QC,92.0,40.0
J0K,QC,107.0,16.0
J5W,QC,91.0,7.5
J5T,QC,93.0,20.0
J5T,QC,90.0,28.0
J5T,QC,97.0,34.0
J5T,QC,93.0,36.0
J5T,QC,91.0,43.0
J5T,QC,91.0,103.0
J5Z,QC,121.0,53.0
J5Z,QC,91.0,127.0
*,QC,92.0,141.0
J0K,QC,92.0,7.5
J0K,QC,91.0,30.0
J0K,QC,92.0,59.0
J7K,QC,94.0,19.0
J7K,QC,90.0,44.0
J7K,QC,87.0,126.0
*,QC,92.0,22.0
J6E,QC,92.0,20.0
J6E,QC,96.0,20.0
J0K,QC,91.0,100.0
J5Y,QC,101.0,19.0
J5Y,QC,92.0,85.0
J5Y,QC,100.0,216.0
*,QC,93.0,7.5
J0K,QC,92.0,7.5
J0K,QC,92.0,7.5
J0K,QC,92.0,7.5
J0K,QC,92.0,7.5
J0K,QC,92.0,7.5
J0K,QC,91.0,26.0
J6E,QC,97.0,27.0
J6E,QC,91.0,29.0
J6E,QC,92.0,33.0
J0K,QC,112.0,7.5
J0K,QC,90.0,28.0
J0K,QC,74.0,29.0
J0T,QC,92.0,7.5
J0K,QC,100.0,96.0
J0K,QC,91.0,16.0
J0K,QC,103.0,7.5
J0K,QC,94.0,7.5
J0K,QC,91.0,21.0
J0K,QC,91.0,60.0
J0K,QC,102.0,16.0
J0K,QC,90.0,20.0
J0K,QC,92.0,34.0
J0K,QC,91.0,7.5
J0K,QC,138.0,21.0
J0K,QC,92.0,17.0
J0K,QC,92.0,84.0
J5M,QC,99.0,7.5
J5M,QC,90.0,7.5
J5M,QC,92.0,24.0
J5M,QC,91.0,31.0
J5M,QC,91.0,384.0
J0K,QC,92.0,7.5
J0K,QC,91.0,7.5
J0K,QC,94.0,38.0
J5W,QC,90.0,68.0
J0K,QC,95.0,35.0
*,QC,100.0,104.0
J6W,QC,91.0,21.0
J6W,QC,93.0,57.0
*,QC,96.0,75.0
J7M,QC,92.0,7.5
J7M,QC,92.0,20.0
J7M,QC,94.0,22.0
J0T,QC,125.0,90.0
*,QC,97.0,43.0
J7C,QC,97.0,7.5
J7C,QC,91.0,7.5
J7C,QC,95.0,7.5
J7C,QC,94.0,34.0
J7C,QC,91.0,42.0
J7C,QC,92.0,103.0
J0T,QC,152.0,7.5
J8G,QC,91.0,15.0
J8G,QC,101.0,88.0
J8G,QC,91.0,365.0
J0W,QC,98.0,24.0
J0W,QC,105.0,58.0
J0V,QC,92.0,73.0
J0T,QC,102.0,16.0
J8H,QC,90.0,59.0
J8H,QC,97.0,219.0
J0T,QC,91.0,312.0
J0R,QC,107.0,7.5
*,QC,97.0,120.0
J7N,QC,92.0,7.5
J7N,QC,91.0,34.0
J7N,QC,96.0,40.0
J7N,QC,87.0,44.0
J7N,QC,96.0,54.0
J7N,QC,92.0,121.0
J7N,QC,92.0,133.0
J7N,QC,97.0,159.0
J7N,QC,100.0,271.0
J7N,QC,100.0,757.0
J9L,QC,105.0,27.0
J9L,QC,92.0,121.0
J0R,QC,99.0,68.0
J0R,QC,93.0,31.0
J0W,QC,91.0,534.0
J0X,QC,90.0,84.0
J0N,QC,119.0,73.0
J0R,QC,100.0,20.0
J0N,QC,93.0,7.5
J0R,QC,92.0,40.0
J0T,QC,92.0,76.0
J0T,QC,96.0,32.0
*,QC,100.0,271.0
J8C,QC,99.0,36.0
J0V,QC,119.0,23.0
J5K,QC,91.0,102.0
J5K,QC,95.0,7.5
J5K,QC,91.0,7.5
J8B,QC,94.0,7.5
J8B,QC,105.0,7.5
J8B,QC,190.0,7.5
J8C,QC,95.0,73.0
J0T,QC,93.0,7.5
J0N,QC,94.0,79.0
J0N,QC,90.0,81.0
*,QC,91.0,7.5
J7P,QC,98.0,31.0
J7P,QC,91.0,123.0
J7P,QC,113.0,131.0
J7R,QC,95.0,33.0
J7R,QC,90.0,144.0
J7R,QC,94.0,427.0
*,QC,92.0,7.5
J5L,QC,94.0,55.0
J5L,QC,102.0,78.0
*,QC,95.0,31.0
*,QC,91.0,35.0
J0N,QC,92.0,44.0
J0N,QC,104.0,176.0
J0V,QC,97.0,7.5
J0V,QC,99.0,37.0
J0V,QC,96.0,39.0
J0R,QC,93.0,38.0
J0R,QC,91.0,82.0
J0R,QC,96.0,115.0
J0T,QC,96.0,20.0
J0T,QC,91.0,32.0
J0H,QC,95.0,7.5
J0H,QC,93.0,7.5
J0H,QC,92.0,20.0
J0J,QC,93.0,7.5
J3G,QC,91.0,170.0
J3G,QC,91.0,208.0
J0E,QC,93.0,124.0
J4B,QC,112.0,53.0
J4B,QC,92.0,109.0
J2K,QC,90.0,273.0
J3L,QC,102.0,109.0
J3L,QC,95.0,26.0
J3L,QC,91.0,111.0
J3L,QC,92.0,131.0
J6J,QC,91.0,26.0
J6J,QC,91.0,94.0
J6K,QC,101.0,60.0
J6K,QC,92.0,161.0
J0L,QC,116.0,33.0
J2K,QC,98.0,24.0
J2K,QC,93.0,64.0
J2K,QC,91.0,311.0
J0S,QC,110.0,191.0
*,QC,92.0,22.0
J2G,QC,121.0,7.5
J2G,QC,93.0,25.0
J2J,QC,88.0,7.5
J2J,QC,91.0,37.0
J2J,QC,92.0,52.0
J2J,QC,91.0,89.0
J2J,QC,92.0,364.0
J0L,QC,94.0,39.0
J0L,QC,92.0,85.0
J0L,QC,91.0,160.0
J0S,QC,96.0,26.0
J0P,QC,92.0,24.0
J0S,QC,91.0,152.0
J7V,QC,98.0,7.5
J0E,QC,92.0,25.0
*,QC,91.0,7.5
*,QC,92.0,141.0
J3M,QC,107.0,64.0
J3M,QC,138.0,79.0
J3G,QC,93.0,29.0
J0S,QC,93.0,71.0
*,QC,94.0,28.0
J3H,QC,93.0,22.0
J3H,QC,124.0,153.0
J3H,QC,92.0,219.0
J0J,QC,91.0,7.5
J0J,QC,100.0,31.0
J0J,QC,92.0,80.0
J7V,QC,92.0,314.0
J3H,QC,92.0,107.0
J3H,QC,125.0,117.0
J7V,QC,91.0,171.0
J0H,QC,91.0,7.5
J0E,QC,92.0,20.0
J0E,QC,102.0,28.0
J0J,QC,92.0,7.5
J0S,QC,92.0,20.0
*,QC,92.0,243.0
*,QC,92.0,30.0
J0L,QC,104.0,7.5
J0L,QC,206.0,118.0
J0L,QC,93.0,160.0
J0S,QC,118.0,63.0
J5A,QC,98.0,80.0
J5A,QC,113.0,94.0
J0L,QC,99.0,17.0
J0L,QC,92.0,68.0
J3P,QC,92.0,20.0
J3P,QC,93.0,67.0
J3E,QC,94.0,141.0
J3E,QC,97.0,147.0
*,QC,93.0,110.0
*,QC,120.0,210.0
*,QC,90.0,7.5
*,QC,91.0,85.0
J0J,QC,136.0,18.0
J2W,QC,91.0,37.0
J2W,QC,92.0,53.0
*,QC,99.0,7.5
*,QC,91.0,82.0
J0E,QC,91.0,35.0
J7T,QC,92.0,36.0
J7T,QC,91.0,228.0
J0G,QC,91.0,7.5
J0S,QC,89.0,64.0
J0L,QC,91.0,35.0
J0H,QC,93.0,38.0
J0J,QC,91.0,50.0
J0L,QC,136.0,7.5
J0L,QC,91.0,7.5
J0P,QC,90.0,19.0
J0P,QC,107.0,60.0
J0P,QC,101.0,150.0
*,QC,97.0,90.0
*,QC,92.0,157.0
J0L,QC,141.0,82.0
J3P,QC,93.0,16.0
J3P,QC,91.0,24.0
J3P,QC,98.0,33.0
J3R,QC,101.0,7.5
J3R,QC,123.0,53.0
J0E,QC,92.0,131.0
J0P,QC,98.0,60.0
J0H,QC,100.0,7.5
J7V,QC,99.0,74.0
J7V,QC,90.0,123.0
J0M,QC,118.0,7.5
J0M,QC,97.0,7.5
J0M,QC,92.0,7.5
J0M,QC,92.0,66.0
J0M,QC,127.0,7.5
J0M,QC,92.0,61.0
J0M,QC,110.0,7.5
J0M,QC,133.0,221.0
J0M,QC,123.0,90.0
J0M,QC,107.0,55.0
G0W,QC,94.0,65.0
P0R,ON,93.0,7.5
P0R,ON,94.0,22.0
P0R,ON,91.0,32.0
P0R,ON,94.0,36.0
P0R,ON,93.0,58.0
P0R,ON,91.0,168.0
P0R,ON,92.0,35.0
P0S,ON,91.0,7.5
P0S,ON,90.0,7.5
P5A,ON,92.0,7.5
P5A,ON,93.0,17.0
P5A,ON,92.0,19.0
P5A,ON,90.0,23.0
P5A,ON,91.0,36.0
P5A,ON,91.0,58.0
P5A,ON,92.0,86.0
P5A,ON,91.0,118.0
P5A,ON,97.0,122.0
P5A,ON,101.0,142.0
P5A,ON,97.0,237.0
P5A,ON,90.0,1023.0
P0S,ON,97.0,7.5
P0S,ON,91.0,40.0
P0S,ON,94.0,197.0
P0S,ON,91.0,440.0
P0R,ON,98.0,247.0
P0R,ON,91.0,33.0
P0R,ON,90.0,119.0
P0R,ON,91.0,238.0
P0R,ON,97.0,21.0
P0R,ON,91.0,27.0
P0R,ON,94.0,32.0
P6A,ON,90.0,85.0
P6A,ON,96.0,7.5
P6A,ON,91.0,7.5
P6A,ON,96.0,7.5
P6A,ON,91.0,7.5
P6A,ON,91.0,7.5
P6A,ON,94.0,15.0
P6A,ON,95.0,103.0
P6A,ON,91.0,7.5
P6A,ON,91.0,7.5
P6A,ON,91.0,7.5
P6A,ON,91.0,7.5
P6A,ON,91.0,7.5
P6A,ON,90.0,17.0
P6A,ON,91.0,18.0
P6A,ON,85.0,24.0
P6A,ON,91.0,26.0
P6A,ON,94.0,28.0
P6A,ON,92.0,37.0
P6A,ON,99.0,40.0
P6A,ON,91.0,45.0
P6A,ON,110.0,75.0
P6A,ON,91.0,77.0
P6A,ON,90.0,104.0
P6A,ON,93.0,105.0
P6B,ON,91.0,25.0
P6B,ON,92.0,63.0
P6B,ON,98.0,89.0
P6B,ON,91.0,7.5
P6B,ON,91.0,7.5
P6B,ON,90.0,7.5
P6B,ON,92.0,16.0
P6B,ON,100.0,18.0
P6B,ON,96.0,19.0
P6B,ON,92.0,22.0
P6B,ON,96.0,23.0
P6B,ON,91.0,28.0
P6B,ON,92.0,33.0
P6B,ON,90.0,53.0
P6B,ON,92.0,194.0
P6B,ON,97.0,256.0
P6C,ON,96.0,7.5
P6C,ON,92.0,7.5
P6C,ON,102.0,7.5
P6C,ON,96.0,16.0
P6C,ON,102.0,7.5
P6C,ON,100.0,7.5
P6C,ON,88.0,7.5
P6C,ON,91.0,7.5
P6C,ON,103.0,17.0
P6C,ON,85.0,18.0
P6C,ON,91.0,24.0
P6C,ON,92.0,28.0
P6C,ON,91.0,43.0
P0R,ON,97.0,7.5
P0R,ON,96.0,26.0
P0R,ON,91.0,26.0
P0S,ON,91.0,7.5
P0S,ON,91.0,230.0
P0S,ON,121.0,365.0
P0M,ON,98.0,99.0
N3P,ON,94.0,7.5
N3P,ON,117.0,7.5
N3P,ON,108.0,7.5
N3P,ON,92.0,24.0
N3P,ON,90.0,24.0
N3P,ON,89.0,37.0
N3P,ON,93.0,63.0
N3R,ON,95.0,7.5
N3R,ON,95.0,7.5
N3R,ON,90.0,16.0
N3R,ON,106.0,17.0
N3R,ON,90.0,18.0
N3R,ON,95.0,18.0
N3R,ON,92.0,19.0
N3R,ON,91.0,22.0
N3R,ON,89.0,23.0
N3R,ON,90.0,24.0
N3R,ON,96.0,26.0
N3R,ON,91.0,27.0
N3R,ON,90.0,31.0
N3R,ON,94.0,36.0
N3R,ON,94.0,40.0
N3R,ON,91.0,41.0
N3R,ON,90.0,51.0
N3R,ON,131.0,52.0
N3R,ON,201.0,61.0
N3R,ON,95.0,69.0
N3R,ON,89.0,76.0
N3R,ON,92.0,87.0
N3R,ON,104.0,92.0
N3R,ON,92.0,114.0
N3R,ON,92.0,137.0
N3R,ON,91.0,190.0
N3S,ON,92.0,7.5
N3S,ON,90.0,7.5
N3S,ON,91.0,7.5
N3S,ON,62.0,7.5
N3S,ON,90.0,7.5
N3S,ON,93.0,15.0
N3S,ON,106.0,23.0
N3S,ON,92.0,24.0
N3S,ON,96.0,28.0
N3S,ON,90.0,28.0
N3S,ON,92.0,36.0
N3S,ON,146.0,55.0
N3S,ON,102.0,61.0
N3S,ON,115.0,63.0
N3S,ON,86.0,66.0
N3S,ON,90.0,141.0
N3T,ON,92.0,7.5
N3T,ON,121.0,7.5
N3T,ON,111.0,7.5
N3T,ON,103.0,24.0
N3T,ON,107.0,26.0
N3T,ON,95.0,27.0
N3T,ON,91.0,27.0
N3T,ON,91.0,46.0
N3T,ON,91.0,54.0
N3T,ON,90.0,66.0
N3T,ON,92.0,107.0
N3T,ON,117.0,120.0
N3T,ON,103.0,125.0
N3T,ON,117.0,132.0
N3T,ON,90.0,142.0
N3T,ON,91.0,188.0
N3T,ON,91.0,301.0
*,ON,92.0,208.0
N0E,ON,91.0,34.0
N0E,ON,90.0,131.0
N0E,ON,90.0,152.0
N0E,ON,126.0,239.0
N0E,ON,106.0,345.0
N0E,ON,104.0,121.0
N0E,ON,107.0,517.0
N3L,ON,95.0,26.0
N3L,ON,94.0,26.0
N3L,ON,92.0,53.0
N3L,ON,106.0,80.0
N3L,ON,121.0,84.0
N3L,ON,91.0,85.0
N3L,ON,109.0,112.0
N3L,ON,97.0,138.0
N3L,ON,91.0,144.0
N3L,ON,101.0,154.0
N3L,ON,92.0,178.0
N3L,ON,109.0,181.0
N3L,ON,91.0,345.0
N0E,ON,103.0,163.0
N0E,ON,92.0,39.0
N0E,ON,92.0,637.0
N0E,ON,91.0,19.0
N0E,ON,90.0,99.0
N0E,ON,101.0,108.0
N0E,ON,115.0,296.0
N0E,ON,91.0,340.0
N0E,ON,90.0,436.0
L1S,ON,91.0,21.0
L1S,ON,91.0,23.0
L1S,ON,96.0,63.0
L1S,ON,94.0,141.0
L1T,ON,114.0,7.5
L1T,ON,93.0,7.5
L1T,ON,90.0,31.0
L1T,ON,91.0,36.0
L1T,ON,91.0,38.0
L1T,ON,100.0,74.0
L1Z,ON,101.0,7.5
L1Z,ON,98.0,7.5
L1Z,ON,127.0,22.0
L1Z,ON,98.0,31.0
L1C,ON,121.0,7.5
L1C,ON,91.0,7.5
L1C,ON,95.0,29.0
L1C,ON,108.0,29.0
L1C,ON,92.0,35.0
L1C,ON,123.0,74.0
L1C,ON,98.0,108.0
L1C,ON,96.0,162.0
*,ON,91.0,36.0
L1E,ON,92.0,7.5
L1E,ON,109.0,21.0
L1E,ON,100.0,28.0
L1E,ON,100.0,32.0
L1E,ON,92.0,43.0
L0C,ON,100.0,71.0
*,ON,92.0,24.0
L0B,ON,94.0,34.0
L1B,ON,93.0,20.0
L1B,ON,154.0,59.0
L0A,ON,95.0,7.5
L1G,ON,110.0,18.0
L1G,ON,96.0,22.0
L1G,ON,112.0,22.0
L1G,ON,96.0,22.0
L1H,ON,105.0,7.5
L1H,ON,100.0,23.0
L1H,ON,90.0,39.0
L1H,ON,91.0,74.0
L1J,ON,136.0,7.5
L1J,ON,91.0,15.0
L1J,ON,96.0,30.0
L1J,ON,93.0,73.0
L1J,ON,90.0,86.0
L1J,ON,91.0,98.0
L1J,ON,91.0,99.0
L1K,ON,95.0,7.5
L1K,ON,92.0,7.5
L1K,ON,91.0,16.0
L1K,ON,94.0,36.0
L1K,ON,91.0,99.0
L1V,ON,91.0,7.5
L1V,ON,91.0,7.5
L1V,ON,61.0,7.5
L1V,ON,99.0,7.5
L1V,ON,89.0,17.0
L1V,ON,100.0,22.0
L1V,ON,93.0,25.0
L1V,ON,118.0,65.0
L1W,ON,101.0,19.0
L1W,ON,91.0,44.0
L1X,ON,91.0,7.5
L1X,ON,91.0,18.0
L9L,ON,112.0,47.0
L9L,ON,92.0,96.0
L0C,ON,137.0,51.0
L9P,ON,96.0,7.5
L9P,ON,79.0,7.5
L9P,ON,102.0,29.0
L9P,ON,98.0,17.0
*,ON,134.0,7.5
L1N,ON,94.0,7.5
L1N,ON,92.0,7.5
L1N,ON,97.0,19.0
L1N,ON,92.0,19.0
L1N,ON,92.0,20.0
L1N,ON,91.0,20.0
L1N,ON,93.0,22.0
L1N,ON,91.0,23.0
L1N,ON,96.0,25.0
L1N,ON,114.0,30.0
L1N,ON,100.0,32.0
L1N,ON,91.0,33.0
L1N,ON,91.0,38.0
L1N,ON,90.0,45.0
L1N,ON,91.0,65.0
L1N,ON,91.0,177.0
L1P,ON,91.0,7.5
L1P,ON,139.0,35.0
L1R,ON,119.0,7.5
L1R,ON,93.0,7.5
L1R,ON,90.0,22.0
N5H,ON,93.0,7.5
N5H,ON,94.0,7.5
N5H,ON,92.0,7.5
N5H,ON,92.0,28.0
N5H,ON,61.0,34.0
N5H,ON,94.0,34.0
N5H,ON,94.0,35.0
N5H,ON,97.0,60.0
N5H,ON,128.0,68.0
N5H,ON,91.0,74.0
N5H,ON,90.0,77.0
N5H,ON,117.0,121.0
N5H,ON,111.0,132.0
N0L,ON,133.0,142.0
N0L,ON,93.0,220.0
N0L,ON,127.0,7.5
N0L,ON,90.0,22.0
N0L,ON,92.0,88.0
N0J,ON,91.0,104.0
N0J,ON,90.0,84.0
N5L,ON,92.0,19.0
N5L,ON,96.0,80.0
N0L,ON,91.0,17.0
N0L,ON,113.0,19.0
N0L,ON,91.0,21.0
N0L,ON,91.0,1246.0
N0L,ON,93.0,110.0
N5P,ON,90.0,7.5
N5P,ON,91.0,7.5
N5P,ON,112.0,16.0
N5P,ON,91.0,16.0
N5P,ON,91.0,17.0
N5P,ON,93.0,17.0
N5P,ON,125.0,20.0
N5P,ON,93.0,20.0
N5P,ON,101.0,21.0
N5P,ON,104.0,21.0
N5P,ON,90.0,27.0
N5P,ON,90.0,32.0
N5P,ON,94.0,32.0
N5P,ON,97.0,33.0
N5P,ON,91.0,37.0
N5P,ON,89.0,39.0
N5P,ON,92.0,40.0
N5P,ON,91.0,60.0
N5P,ON,91.0,69.0
N5P,ON,100.0,71.0
N5P,ON,90.0,81.0
N5P,ON,114.0,89.0
N5P,ON,92.0,90.0
N5P,ON,94.0,99.0
N5P,ON,102.0,116.0
N5P,ON,102.0,127.0
N5P,ON,94.0,136.0
N5P,ON,98.0,172.0
N5P,ON,91.0,232.0
N5P,ON,105.0,483.0
N5R,ON,100.0,7.5
N5R,ON,115.0,7.5
N5R,ON,92.0,7.5
N5R,ON,94.0,15.0
N5R,ON,93.0,15.0
N5R,ON,91.0,15.0
N5R,ON,105.0,17.0
N5R,ON,93.0,18.0
N5R,ON,93.0,21.0
N5R,ON,91.0,25.0
N5R,ON,127.0,27.0
N5R,ON,94.0,36.0
N5R,ON,90.0,37.0
N5R,ON,96.0,39.0
N5R,ON,92.0,67.0
N5R,ON,141.0,78.0
N5R,ON,91.0,82.0
N5R,ON,91.0,86.0
N5R,ON,91.0,88.0
N5R,ON,92.0,98.0
N5R,ON,109.0,151.0
N5R,ON,90.0,185.0
N5R,ON,90.0,202.0
N5R,ON,90.0,279.0
N5R,ON,91.0,363.0
N0J,ON,111.0,22.0
N0L,ON,90.0,108.0
N0L,ON,93.0,29.0
N0L,ON,91.0,163.0
N0L,ON,90.0,198.0
N0J,ON,92.0,7.5
N0J,ON,90.0,130.0
N0L,ON,91.0,7.5
N0L,ON,111.0,20.0
N0L,ON,91.0,85.0
N0L,ON,97.0,115.0
N0H,ON,95.0,51.0
N0G,ON,94.0,37.0
N0G,ON,97.0,159.0
N0G,ON,99.0,17.0
N0G,ON,91.0,64.0
N0G,ON,114.0,75.0
N0C,ON,92.0,20.0
N0G,ON,92.0,17.0
N0G,ON,90.0,25.0
N0G,ON,92.0,38.0
N0G,ON,106.0,180.0
N0C,ON,106.0,126.0
N4N,ON,99.0,7.5
N4N,ON,91.0,24.0
N0H,ON,92.0,7.5
N0H,ON,91.0,43.0
N0H,ON,93.0,7.5
N0G,ON,91.0,20.0
N0G,ON,90.0,28.0
N0H,ON,92.0,1111.0
N2Z,ON,92.0,7.5
N2Z,ON,90.0,27.0
N2Z,ON,100.0,28.0
N2Z,ON,91.0,63.0
N2Z,ON,91.0,67.0
N2Z,ON,106.0,90.0
N2Z,ON,107.0,111.0
N2Z,ON,91.0,132.0
N2Z,ON,91.0,238.0
N2Z,ON,113.0,306.0
N0H,ON,99.0,7.5
N0H,ON,91.0,7.5
N0G,ON,93.0,42.0
N0G,ON,91.0,194.0
N0G,ON,91.0,247.0
N0H,ON,91.0,7.5
N0C,ON,96.0,22.0
N0C,ON,92.0,49.0
N0C,ON,96.0,91.0
N0C,ON,94.0,136.0
N0C,ON,91.0,450.0
N4L,ON,98.0,7.5
N4L,ON,91.0,7.5
N4L,ON,92.0,7.5
N4L,ON,91.0,52.0
N4L,ON,94.0,70.0
N4L,ON,91.0,93.0
N0G,ON,92.0,304.0
N0G,ON,99.0,48.0
N4K,ON,105.0,7.5
N4K,ON,91.0,19.0
N4K,ON,99.0,24.0
N4K,ON,91.0,28.0
N4K,ON,32.0,58.0
N4K,ON,91.0,76.0
N4K,ON,100.0,81.0
N4K,ON,93.0,88.0
N4K,ON,92.0,122.0
N4K,ON,96.0,153.0
N4K,ON,91.0,416.0
N4K,ON,90.0,434.0
N4K,ON,105.0,487.0
N0G,ON,92.0,61.0
N0G,ON,92.0,124.0
N0H,ON,118.0,7.5
N0H,ON,95.0,20.0
N0H,ON,91.0,23.0
N0H,ON,116.0,164.0
N0C,ON,90.0,33.0
N0G,ON,91.0,69.0
N0H,ON,134.0,7.5
N0H,ON,91.0,57.0
N0H,ON,94.0,7.5
N0H,ON,91.0,7.5
N0H,ON,90.0,7.5
N0H,ON,90.0,7.5
N0H,ON,92.0,18.0
N0H,ON,91.0,23.0
N0G,ON,91.0,7.5
N0G,ON,90.0,25.0
N0H,ON,90.0,98.0
N0G,ON,90.0,61.0
N0G,ON,91.0,7.5
N0G,ON,67.0,17.0
N0G,ON,91.0,26.0
N0G,ON,91.0,31.0
N0G,ON,91.0,32.0
N0G,ON,90.0,51.0
N0G,ON,91.0,90.0
N0G,ON,92.0,201.0
N0G,ON,97.0,386.0
N0H,ON,91.0,7.5
N0H,ON,96.0,7.5
N0H,ON,91.0,7.5
N0H,ON,95.0,19.0
N0H,ON,100.0,30.0
N0H,ON,106.0,82.0
N0H,ON,100.0,112.0
N3W,ON,91.0,106.0
N3W,ON,96.0,24.0
N3W,ON,94.0,32.0
N3W,ON,115.0,34.0
N3W,ON,90.0,35.0
N3W,ON,97.0,47.0
N3W,ON,97.0,56.0
N3W,ON,94.0,68.0
N3W,ON,91.0,69.0
N3W,ON,92.0,108.0
N3W,ON,90.0,144.0
N0A,ON,113.0,7.5
N0A,ON,103.0,25.0
N0A,ON,91.0,29.0
N0A,ON,95.0,53.0
N0A,ON,90.0,86.0
N0A,ON,71.0,94.0
N0A,ON,94.0,175.0
N0J,ON,91.0,23.0
N4B,ON,101.0,7.5
N4B,ON,108.0,20.0
N4B,ON,91.0,28.0
N4B,ON,96.0,92.0
N4B,ON,122.0,208.0
N1A,ON,91.0,7.5
N1A,ON,92.0,7.5
N1A,ON,96.0,21.0
N1A,ON,94.0,25.0
N1A,ON,90.0,27.0
N1A,ON,90.0,32.0
N1A,ON,98.0,34.0
N1A,ON,92.0,65.0
N0A,ON,97.0,7.5
N0A,ON,93.0,20.0
N0A,ON,111.0,29.0
N0A,ON,93.0,122.0
N0A,ON,93.0,7.5
N0A,ON,90.0,7.5
N0A,ON,100.0,20.0
N0A,ON,93.0,53.0
N0E,ON,96.0,17.0
N0E,ON,90.0,38.0
N0E,ON,91.0,40.0
N0E,ON,113.0,89.0
N0A,ON,92.0,7.5
N0A,ON,91.0,7.5
N0A,ON,96.0,7.5
N0A,ON,91.0,31.0
N0A,ON,91.0,34.0
N0A,ON,113.0,35.0
N0A,ON,91.0,92.0
N0A,ON,92.0,102.0
N0E,ON,132.0,7.5
N0E,ON,91.0,7.5
N0E,ON,95.0,16.0
N0E,ON,91.0,21.0
N0E,ON,91.0,32.0
N0A,ON,91.0,16.0
N0A,ON,103.0,22.0
N0A,ON,92.0,22.0
N0A,ON,92.0,145.0
N3Y,ON,91.0,71.0
N0A,ON,90.0,47.0
N3Y,ON,90.0,7.5
N3Y,ON,122.0,7.5
N3Y,ON,91.0,7.5
N3Y,ON,103.0,7.5
N3Y,ON,142.0,7.5
N3Y,ON,103.0,7.5
N3Y,ON,99.0,7.5
N3Y,ON,91.0,7.5
N3Y,ON,91.0,16.0
N3Y,ON,96.0,19.0
N3Y,ON,133.0,21.0
N3Y,ON,94.0,21.0
N3Y,ON,91.0,27.0
N3Y,ON,102.0,31.0
N3Y,ON,98.0,33.0
N3Y,ON,91.0,35.0
N3Y,ON,94.0,43.0
N3Y,ON,96.0,50.0
N3Y,ON,90.0,54.0
N3Y,ON,105.0,57.0
N3Y,ON,100.0,61.0
N3Y,ON,92.0,73.0
N3Y,ON,98.0,79.0
N3Y,ON,92.0,109.0
N3Y,ON,167.0,291.0
N3Y,ON,96.0,323.0
N0A,ON,91.0,7.5
N0E,ON,92.0,7.5
N0E,ON,96.0,53.0
N0E,ON,92.0,64.0
N0A,ON,90.0,7.5
N0A,ON,90.0,15.0
N0A,ON,93.0,60.0
N0E,ON,119.0,59.0
N0E,ON,91.0,7.5
N0E,ON,96.0,179.0
N0E,ON,90.0,80.0
N0E,ON,106.0,21.0
N0E,ON,91.0,28.0
N0E,ON,95.0,32.0
N0E,ON,105.0,35.0
N0E,ON,91.0,39.0
N0E,ON,91.0,39.0
N0E,ON,90.0,40.0
N0E,ON,92.0,43.0
N0E,ON,143.0,45.0
N0E,ON,100.0,61.0
N0E,ON,123.0,66.0
N0E,ON,108.0,71.0
N0E,ON,93.0,71.0
N0E,ON,91.0,100.0
N0E,ON,91.0,109.0
N0E,ON,91.0,164.0
K0K,ON,92.0,29.0
K0K,ON,90.0,30.0
L0A,ON,92.0,79.0
K0L,ON,99.0,145.0
K0M,ON,92.0,7.5
K0M,ON,124.0,69.0
K0K,ON,92.0,19.0
K0K,ON,153.0,24.0
K0K,ON,93.0,28.0
K0K,ON,93.0,39.0
K0K,ON,91.0,44.0
K0K,ON,95.0,68.0
K0K,ON,101.0,94.0
K0M,ON,91.0,163.0
L0A,ON,92.0,7.5
L0A,ON,96.0,24.0
L0A,ON,91.0,111.0
L0A,ON,91.0,123.0
K0L,ON,91.0,71.0
K0L,ON,139.0,16.0
K0L,ON,92.0,33.0
K0L,ON,125.0,118.0
K0M,ON,92.0,7.5
K9A,ON,96.0,7.5
K9A,ON,100.0,7.5
K9A,ON,123.0,7.5
K9A,ON,92.0,7.5
K9A,ON,115.0,22.0
K9A,ON,91.0,64.0
K9A,ON,74.0,65.0
K9A,ON,92.0,72.0
K0K,ON,91.0,40.0
K0K,ON,118.0,69.0
K0K,ON,92.0,228.0
P0A,ON,105.0,7.5
K0M,ON,105.0,58.0
K0M,ON,92.0,65.0
K0M,ON,92.0,79.0
K0M,ON,121.0,271.0
K0M,ON,98.0,2741.0
K0K,ON,96.0,104.0
K0M,ON,104.0,7.5
K0M,ON,103.0,7.5
K0M,ON,102.0,7.5
K0M,ON,93.0,16.0
K0M,ON,96.0,26.0
K0M,ON,106.0,30.0
K0M,ON,93.0,119.0
K0M,ON,89.0,180.0
K0L,ON,92.0,7.5
K0K,ON,152.0,17.0
K0L,ON,99.0,17.0
K0L,ON,103.0,26.0
K0L,ON,91.0,79.0
L0B,ON,100.0,60.0
K9V,ON,92.0,7.5
K9V,ON,121.0,19.0
K9V,ON,92.0,24.0
K9V,ON,91.0,28.0
K9V,ON,91.0,32.0
K9V,ON,98.0,33.0
K9V,ON,92.0,35.0
K9V,ON,100.0,46.0
K9V,ON,96.0,69.0
K9V,ON,124.0,82.0
K9V,ON,91.0,83.0
K9V,ON,93.0,123.0
K9V,ON,106.0,169.0
K0M,ON,129.0,7.5
K0M,ON,91.0,7.5
K0M,ON,92.0,32.0
K0M,ON,91.0,105.0
K0M,ON,91.0,7.5
K0M,ON,91.0,15.0
K0M,ON,91.0,33.0
K0M,ON,92.0,38.0
K0M,ON,130.0,58.0
K0M,ON,121.0,61.0
K0M,ON,91.0,66.0
K0M,ON,128.0,77.0
K0M,ON,118.0,92.0
K0M,ON,106.0,138.0
K0M,ON,90.0,402.0
K0M,ON,92.0,25.0
K0M,ON,102.0,482.0
K0M,ON,62.0,47.0
K0L,ON,95.0,93.0
L1A,ON,96.0,7.5
L1A,ON,91.0,24.0
L1A,ON,91.0,27.0
L1A,ON,91.0,30.0
L1A,ON,92.0,38.0
L1A,ON,129.0,77.0
L1A,ON,90.0,131.0
L1A,ON,89.0,198.0
K0L,ON,91.0,384.0
K0M,ON,91.0,21.0
K0M,ON,91.0,96.0
L7J,ON,95.0,7.5
L7J,ON,91.0,19.0
L7J,ON,96.0,67.0
L7J,ON,92.0,67.0
L7J,ON,93.0,144.0
L7L,ON,89.0,7.5
L7L,ON,92.0,34.0
L7L,ON,158.0,72.0
L7L,ON,91.0,78.0
L7L,ON,92.0,142.0
L7L,ON,90.0,179.0
L7M,ON,92.0,7.5
L7M,ON,90.0,7.5
L7M,ON,90.0,7.5
L7M,ON,102.0,27.0
L7M,ON,91.0,27.0
L7M,ON,90.0,36.0
L7M,ON,103.0,37.0
L7N,ON,90.0,19.0
L7N,ON,103.0,22.0
L7N,ON,91.0,36.0
L7P,ON,93.0,7.5
L7P,ON,109.0,7.5
L7P,ON,98.0,7.5
L7P,ON,99.0,23.0
L7P,ON,96.0,24.0
L7P,ON,90.0,93.0
*,ON,88.0,67.0
L7S,ON,91.0,7.5
L7S,ON,162.0,22.0
L7T,ON,91.0,25.0
L7T,ON,91.0,145.0
L0P,ON,121.0,81.0
L7G,ON,96.0,280.0
L7G,ON,120.0,16.0
L7G,ON,65.0,18.0
L7G,ON,116.0,19.0
L7G,ON,92.0,22.0
L7G,ON,92.0,23.0
L7G,ON,91.0,24.0
L7G,ON,97.0,53.0
L7G,ON,102.0,55.0
L7G,ON,91.0,67.0
L7G,ON,91.0,255.0
L7G,ON,92.0,36.0
L7P,ON,90.0,203.0
L9T,ON,91.0,7.5
L9T,ON,93.0,19.0
L9T,ON,91.0,21.0
L9T,ON,90.0,26.0
L9T,ON,96.0,27.0
L9T,ON,94.0,34.0
L9T,ON,146.0,56.0
L9T,ON,92.0,76.0
L0P,ON,92.0,23.0
L6H,ON,93.0,7.5
L6H,ON,140.0,7.5
L6H,ON,93.0,7.5
L6H,ON,104.0,7.5
L6H,ON,96.0,16.0
L6H,ON,92.0,17.0
L6H,ON,92.0,20.0
L6H,ON,104.0,22.0
L6H,ON,108.0,27.0
L6H,ON,91.0,33.0
L6H,ON,91.0,35.0
L6H,ON,107.0,48.0
L6H,ON,91.0,64.0
L6H,ON,91.0,76.0
L6H,ON,106.0,112.0
L6H,ON,91.0,120.0
L6H,ON,91.0,193.0
L6J,ON,95.0,7.5
L6J,ON,91.0,18.0
L6J,ON,91.0,18.0
L6J,ON,94.0,23.0
L6J,ON,372.0,28.0
L6J,ON,91.0,30.0
L6J,ON,92.0,67.0
L6J,ON,100.0,77.0
L6J,ON,92.0,207.0
L6K,ON,119.0,32.0
L6K,ON,101.0,70.0
L6L,ON,106.0,17.0
L6L,ON,92.0,17.0
L6L,ON,151.0,36.0
L6L,ON,90.0,164.0
L6M,ON,91.0,7.5
L6M,ON,91.0,7.5
L6M,ON,92.0,7.5
L6M,ON,118.0,7.5
L6M,ON,92.0,19.0
L6M,ON,90.0,25.0
L6M,ON,93.0,29.0
L6M,ON,91.0,31.0
L6M,ON,91.0,41.0
L6M,ON,91.0,82.0
L9G,ON,90.0,69.0
L9G,ON,91.0,75.0
L9G,ON,65.0,136.0
L9G,ON,92.0,248.0
L9G,ON,91.0,352.0
L9G,ON,91.0,515.0
L9K,ON,99.0,27.0
L9K,ON,111.0,28.0
L0R,ON,91.0,7.5
L0R,ON,90.0,127.0
L0R,ON,92.0,69.0
L0R,ON,99.0,107.0
L0R,ON,131.0,127.0
L0R,ON,91.0,182.0
L0R,ON,102.0,87.0
L9H,ON,115.0,7.5
L9H,ON,93.0,19.0
L9H,ON,89.0,23.0
L9H,ON,136.0,26.0
L9H,ON,90.0,29.0
L9H,ON,90.0,40.0
L9H,ON,115.0,67.0
L9H,ON,91.0,67.0
L9H,ON,91.0,81.0
L9H,ON,90.0,128.0
L0R,ON,91.0,89.0
L0R,ON,91.0,109.0
L8E,ON,91.0,70.0
L8H,ON,91.0,7.5
L8H,ON,92.0,22.0
L8H,ON,110.0,29.0
L8H,ON,91.0,29.0
L8H,ON,120.0,76.0
L8K,ON,95.0,7.5
L8K,ON,90.0,20.0
L8K,ON,123.0,22.0
L8K,ON,91.0,36.0
L8K,ON,91.0,67.0
L8K,ON,95.0,101.0
L8K,ON,59.0,134.0
L8L,ON,117.0,7.5
L8L,ON,140.0,50.0
L8L,ON,131.0,53.0
*,ON,98.0,103.0
L8P,ON,92.0,7.5
L8P,ON,105.0,17.0
L8P,ON,93.0,86.0
L8P,ON,126.0,101.0
L8P,ON,91.0,110.0
L8R,ON,94.0,7.5
L8R,ON,91.0,71.0
*,ON,91.0,37.0
L8T,ON,93.0,19.0
L8T,ON,90.0,36.0
L8T,ON,101.0,128.0
L8T,ON,90.0,205.0
L8V,ON,93.0,15.0
L8V,ON,91.0,22.0
L8V,ON,99.0,49.0
L8V,ON,91.0,118.0
L8V,ON,91.0,128.0
L8W,ON,93.0,64.0
L8W,ON,99.0,90.0
L9A,ON,96.0,17.0
L9A,ON,112.0,26.0
L9A,ON,113.0,27.0
L9A,ON,93.0,43.0
L9B,ON,91.0,21.0
L9B,ON,91.0,33.0
L9B,ON,125.0,47.0
L9B,ON,93.0,80.0
L9C,ON,96.0,19.0
L9C,ON,97.0,33.0
L9C,ON,92.0,100.0
L0R,ON,91.0,132.0
L0R,ON,91.0,60.0
L0R,ON,92.0,97.0
L0R,ON,90.0,36.0
L0R,ON,92.0,80.0
L0R,ON,90.0,86.0
L0R,ON,90.0,160.0
N0B,ON,91.0,23.0
L8E,ON,91.0,7.5
L8E,ON,117.0,16.0
L8E,ON,92.0,20.0
L8E,ON,111.0,81.0
L8G,ON,92.0,7.5
L8G,ON,97.0,20.0
L8J,ON,86.0,7.5
L8J,ON,92.0,16.0
L8J,ON,90.0,23.0
L8J,ON,92.0,29.0
L8J,ON,92.0,104.0
L8J,ON,92.0,154.0
L8J,ON,100.0,157.0
L0R,ON,92.0,40.0
L0R,ON,96.0,59.0
L0R,ON,91.0,102.0
L0R,ON,91.0,128.0
L0R,ON,122.0,266.0
K0L,ON,94.0,23.0
K0L,ON,52.0,26.0
K0L,ON,177.0,58.0
K0L,ON,91.0,65.0
K0L,ON,91.0,88.0
K0L,ON,92.0,89.0
K0L,ON,92.0,173.0
K0L,ON,91.0,240.0
K0J,ON,94.0,7.5
K0J,ON,90.0,7.5
K0J,ON,93.0,438.0
K8N,ON,100.0,7.5
K8N,ON,111.0,7.5
K8N,ON,117.0,58.0
K8N,ON,115.0,68.0
K8N,ON,98.0,107.0
K8P,ON,95.0,7.5
K8P,ON,125.0,19.0
K8P,ON,91.0,19.0
K8P,ON,91.0,21.0
K8P,ON,91.0,53.0
K8P,ON,91.0,87.0
K8P,ON,92.0,100.0
K8P,ON,130.0,102.0
K8P,ON,90.0,127.0
*,ON,111.0,97.0
K0K,ON,92.0,24.0
K0K,ON,168.0,33.0
K0K,ON,93.0,110.0
K0K,ON,117.0,16.0
K0K,ON,93.0,158.0
K0K,ON,91.0,45.0
K0K,ON,103.0,69.0
K0K,ON,92.0,207.0
K0K,ON,99.0,283.0
K0K,ON,90.0,285.0
K0K,ON,95.0,96.0
K0K,ON,91.0,66.0
K0K,ON,92.0,26.0
K0K,ON,93.0,27.0
K0K,ON,91.0,39.0
K0K,ON,105.0,59.0
K0K,ON,91.0,62.0
K0K,ON,96.0,454.0
K0L,ON,116.0,32.0
K0K,ON,91.0,31.0
K0K,ON,91.0,127.0
K0K,ON,90.0,17.0
K0K,ON,90.0,30.0
K0K,ON,122.0,33.0
K0K,ON,101.0,256.0
K0K,ON,112.0,22.0
K0K,ON,93.0,37.0
K0K,ON,91.0,7.5
K0K,ON,90.0,15.0
K0K,ON,94.0,35.0
K0K,ON,91.0,641.0
K0K,ON,90.0,814.0
K0K,ON,92.0,186.0
K0K,ON,112.0,7.5
K0K,ON,97.0,16.0
K0K,ON,134.0,17.0
K0K,ON,91.0,17.0
K0K,ON,92.0,24.0
K0K,ON,105.0,26.0
K0K,ON,92.0,31.0
K0K,ON,91.0,34.0
K0K,ON,92.0,36.0
K0K,ON,91.0,39.0
K0K,ON,112.0,65.0
K0K,ON,91.0,70.0
K0K,ON,90.0,86.0
K0K,ON,91.0,100.0
K0K,ON,92.0,108.0
K0K,ON,114.0,115.0
K0K,ON,94.0,229.0
K0K,ON,93.0,258.0
K0K,ON,90.0,506.0
K0K,ON,91.0,19.0
K0K,ON,91.0,104.0
K0K,ON,93.0,52.0
K0K,ON,100.0,89.0
K0K,ON,94.0,26.0
K0K,ON,91.0,74.0
K0K,ON,91.0,112.0
K0K,ON,92.0,52.0
K8V,ON,98.0,35.0
K8V,ON,98.0,71.0
K8V,ON,92.0,7.5
K8V,ON,92.0,19.0
K8V,ON,100.0,19.0
K8V,ON,91.0,19.0
K8V,ON,92.0,24.0
K8V,ON,89.0,40.0
K8V,ON,111.0,119.0
K0K,ON,94.0,27.0
K0K,ON,97.0,74.0
K0K,ON,93.0,137.0
K0K,ON,125.0,78.0
N0M,ON,95.0,32.0
N0M,ON,91.0,38.0
N0M,ON,96.0,24.0
N0M,ON,292.0,42.0
N0M,ON,91.0,42.0
N0M,ON,92.0,72.0
N0M,ON,99.0,171.0
N0G,ON,98.0,30.0
N0G,ON,92.0,90.0
N0G,ON,91.0,33.0
N0G,ON,93.0,170.0
N0M,ON,96.0,37.0
N0M,ON,100.0,38.0
N0G,ON,91.0,38.0
N0G,ON,98.0,62.0
N0G,ON,113.0,67.0
N0G,ON,92.0,96.0
N0G,ON,92.0,105.0
N0M,ON,98.0,24.0
N0M,ON,91.0,29.0
N0M,ON,92.0,39.0
N0M,ON,92.0,59.0
N0M,ON,92.0,94.0
N0M,ON,105.0,107.0
N0M,ON,95.0,144.0
N0M,ON,96.0,381.0
N0M,ON,92.0,26.0
N0M,ON,97.0,76.0
N0M,ON,91.0,294.0
N0M,ON,90.0,7.5
N0M,ON,92.0,19.0
N0M,ON,94.0,75.0
N0M,ON,100.0,85.0
N0M,ON,98.0,108.0
N0M,ON,92.0,28.0
N0M,ON,90.0,30.0
N0M,ON,95.0,90.0
N0M,ON,90.0,101.0
N0M,ON,90.0,148.0
N0G,ON,91.0,38.0
N0G,ON,92.0,41.0
N0M,ON,91.0,19.0
N0M,ON,91.0,7.5
N0M,ON,127.0,7.5
N0M,ON,91.0,18.0
N0M,ON,103.0,22.0
N0M,ON,91.0,30.0
N0M,ON,91.0,136.0
N0M,ON,103.0,139.0
N0G,ON,115.0,64.0
N0G,ON,92.0,321.0
N7A,ON,92.0,146.0
N7A,ON,101.0,7.5
N7A,ON,111.0,7.5
N7A,ON,120.0,7.5
N7A,ON,91.0,7.5
N7A,ON,91.0,24.0
N7A,ON,94.0,28.0
N7A,ON,87.0,30.0
N7A,ON,106.0,31.0
N7A,ON,119.0,32.0
N7A,ON,90.0,74.0
N7A,ON,91.0,87.0
N7A,ON,95.0,110.0
N7A,ON,90.0,112.0
N7A,ON,97.0,123.0
N7A,ON,90.0,130.0
N7A,ON,97.0,147.0
N7A,ON,62.0,345.0
N0G,ON,115.0,100.0
N0G,ON,111.0,152.0
N0M,ON,91.0,158.0
N0K,ON,93.0,7.5
N4W,ON,92.0,65.0
N0M,ON,91.0,34.0
N0M,ON,91.0,28.0
N0G,ON,91.0,42.0
N0K,ON,93.0,7.5
N0K,ON,90.0,7.5
N0K,ON,94.0,27.0
N0K,ON,93.0,32.0
N0K,ON,93.0,213.0
N0K,ON,98.0,29.0
N0G,ON,96.0,20.0
N0G,ON,89.0,7.5
N0G,ON,92.0,21.0
N0G,ON,92.0,32.0
N0G,ON,101.0,44.0
N0G,ON,112.0,58.0
N0G,ON,90.0,73.0
N0G,ON,100.0,74.0
N0G,ON,92.0,148.0
N0G,ON,98.0,166.0
N0G,ON,96.0,276.0
N0G,ON,91.0,399.0
N0G,ON,99.0,433.0
N0G,ON,91.0,661.0
N0G,ON,122.0,99.0
N0G,ON,98.0,130.0
N0G,ON,115.0,287.0
N0M,ON,91.0,7.5
N0M,ON,96.0,78.0
N0M,ON,105.0,145.0
N0M,ON,95.0,159.0
N0M,ON,91.0,201.0
N0M,ON,40.0,352.0
N0P,ON,91.0,141.0
N0P,ON,91.0,876.0
N0P,ON,99.0,20.0
N0P,ON,104.0,51.0
N0P,ON,121.0,134.0
N0P,ON,95.0,177.0
N0P,ON,92.0,179.0
N0P,ON,95.0,181.0
N0P,ON,92.0,200.0
N0P,ON,115.0,276.0
N0P,ON,91.0,489.0
N0P,ON,91.0,741.0
N0P,ON,92.0,791.0
N0P,ON,91.0,891.0
N0P,ON,92.0,15.0
N0P,ON,93.0,26.0
N0P,ON,112.0,58.0
N0P,ON,98.0,182.0
N0P,ON,92.0,393.0
N0P,ON,91.0,444.0
N7M,ON,95.0,18.0
N0P,ON,92.0,120.0
N7L,ON,104.0,7.5
N7L,ON,97.0,7.5
N7L,ON,90.0,20.0
N7L,ON,91.0,23.0
N7L,ON,116.0,26.0
N7L,ON,119.0,27.0
N7L,ON,91.0,28.0
N7L,ON,98.0,34.0
N7L,ON,91.0,39.0
N7L,ON,96.0,39.0
N7L,ON,93.0,43.0
N7L,ON,91.0,43.0
N7L,ON,96.0,44.0
N7L,ON,91.0,44.0
N7L,ON,97.0,46.0
N7L,ON,91.0,47.0
N7L,ON,92.0,58.0
N7L,ON,140.0,59.0
N7L,ON,92.0,62.0
N7L,ON,91.0,64.0
N7L,ON,96.0,67.0
N7L,ON,153.0,69.0
N7L,ON,95.0,73.0
N7L,ON,90.0,76.0
N7L,ON,107.0,81.0
N7L,ON,90.0,83.0
N7L,ON,102.0,85.0
N7L,ON,90.0,86.0
N7L,ON,109.0,88.0
N7L,ON,151.0,98.0
N7L,ON,91.0,101.0
N7L,ON,91.0,106.0
N7L,ON,89.0,110.0
N7L,ON,90.0,110.0
N7L,ON,93.0,118.0
N7L,ON,104.0,122.0
N7L,ON,97.0,125.0
N7L,ON,92.0,135.0
N7L,ON,92.0,141.0
N7L,ON,107.0,153.0
N7L,ON,113.0,185.0
N7L,ON,91.0,197.0
N7L,ON,91.0,234.0
N7L,ON,61.0,503.0
N7M,ON,116.0,7.5
N7M,ON,93.0,15.0
N7M,ON,91.0,16.0
N7M,ON,135.0,16.0
N7M,ON,114.0,19.0
N7M,ON,90.0,20.0
N7M,ON,91.0,22.0
N7M,ON,92.0,24.0
N7M,ON,93.0,26.0
N7M,ON,105.0,26.0
N7M,ON,99.0,26.0
N7M,ON,91.0,27.0
N7M,ON,113.0,27.0
N7M,ON,90.0,32.0
N7M,ON,91.0,36.0
N7M,ON,62.0,42.0
N7M,ON,116.0,48.0
N7M,ON,92.0,57.0
N7M,ON,90.0,62.0
N7M,ON,103.0,62.0
N7M,ON,96.0,67.0
N7M,ON,96.0,80.0
N7M,ON,95.0,81.0
N7M,ON,95.0,81.0
N7M,ON,134.0,88.0
N7M,ON,92.0,89.0
N7M,ON,92.0,89.0
N7M,ON,91.0,92.0
N7M,ON,122.0,95.0
N7M,ON,85.0,101.0
N7M,ON,90.0,101.0
N7M,ON,102.0,102.0
N7M,ON,118.0,121.0
N7M,ON,91.0,134.0
N7M,ON,91.0,148.0
N7M,ON,90.0,209.0
N7M,ON,114.0,211.0
N7M,ON,106.0,217.0
N7M,ON,92.0,225.0
N7M,ON,92.0,234.0
N7M,ON,100.0,256.0
N7M,ON,110.0,268.0
N7M,ON,98.0,277.0
N7M,ON,106.0,308.0
N7M,ON,125.0,563.0
N7M,ON,78.0,634.0
N0P,ON,91.0,123.0
N0P,ON,122.0,7.5
N0P,ON,91.0,92.0
N0P,ON,93.0,7.5
N0P,ON,92.0,43.0
N0P,ON,90.0,69.0
N0P,ON,90.0,83.0
N0P,ON,93.0,259.0
N0P,ON,91.0,379.0
N0L,ON,93.0,231.0
N0P,ON,92.0,148.0
N0P,ON,91.0,69.0
N0P,ON,91.0,43.0
N0P,ON,93.0,44.0
N0P,ON,91.0,81.0
N0P,ON,92.0,76.0
N0P,ON,92.0,78.0
N0P,ON,90.0,90.0
N0P,ON,97.0,7.5
N0P,ON,99.0,17.0
N0P,ON,91.0,34.0
N0P,ON,92.0,64.0
N0P,ON,91.0,81.0
N0P,ON,168.0,159.0
N0P,ON,91.0,196.0
N0P,ON,91.0,7.5
N0P,ON,114.0,15.0
N0P,ON,93.0,331.0
N0P,ON,91.0,134.0
N0P,ON,90.0,36.0
N0P,ON,113.0,150.0
N0P,ON,106.0,164.0
N0P,ON,83.0,66.0
N0P,ON,92.0,77.0
N0P,ON,91.0,79.0
N0P,ON,117.0,121.0
N0P,ON,91.0,235.0
N0P,ON,116.0,380.0
N0P,ON,91.0,786.0
N0P,ON,91.0,63.0
N0P,ON,92.0,18.0
N0P,ON,108.0,31.0
N0P,ON,90.0,34.0
N0P,ON,98.0,63.0
N0P,ON,91.0,64.0
N0P,ON,98.0,7.5
N0P,ON,101.0,22.0
N0P,ON,90.0,33.0
N0P,ON,83.0,36.0
N0P,ON,89.0,45.0
N0P,ON,90.0,70.0
N0P,ON,124.0,93.0
N0P,ON,118.0,122.0
N0P,ON,102.0,249.0
N0P,ON,91.0,7.5
N0P,ON,125.0,222.0
N8A,ON,110.0,20.0
N8A,ON,91.0,27.0
N8A,ON,86.0,33.0
N8A,ON,91.0,34.0
N8A,ON,112.0,35.0
N8A,ON,91.0,38.0
N8A,ON,92.0,63.0
N8A,ON,106.0,71.0
N8A,ON,91.0,72.0
N8A,ON,175.0,78.0
N8A,ON,94.0,84.0
N8A,ON,124.0,85.0
N8A,ON,93.0,85.0
N8A,ON,89.0,110.0
N8A,ON,91.0,131.0
N8A,ON,92.0,136.0
N8A,ON,91.0,157.0
N8A,ON,147.0,166.0
N8A,ON,91.0,180.0
N8A,ON,93.0,200.0
N8A,ON,97.0,227.0
N8A,ON,92.0,263.0
N8A,ON,106.0,324.0
N8A,ON,97.0,497.0
N0P,ON,90.0,26.0
N0P,ON,97.0,28.0
N0P,ON,91.0,32.0
N0P,ON,92.0,36.0
N0P,ON,94.0,54.0
N0P,ON,96.0,110.0
N0P,ON,106.0,119.0
N0P,ON,91.0,163.0
N0P,ON,92.0,233.0
*,ON,120.0,110.0
K0H,ON,90.0,129.0
K0H,ON,91.0,161.0
K0H,ON,91.0,42.0
K0H,ON,107.0,69.0
K0H,ON,91.0,180.0
K0H,ON,30.0,334.0
K0H,ON,89.0,650.0
K0H,ON,91.0,7.5
K0H,ON,91.0,17.0
K0H,ON,92.0,43.0
K0H,ON,104.0,81.0
K0H,ON,101.0,110.0
K0H,ON,93.0,108.0
K0H,ON,91.0,66.0
K0H,ON,102.0,102.0
K0K,ON,91.0,24.0
K0H,ON,95.0,59.0
K0H,ON,90.0,7.5
K0H,ON,95.0,7.5
K0H,ON,93.0,105.0
K0H,ON,98.0,135.0
K7K,ON,91.0,24.0
K7K,ON,90.0,33.0
K7K,ON,92.0,152.0
K7K,ON,99.0,171.0
K7K,ON,96.0,398.0
K7L,ON,91.0,7.5
K7L,ON,109.0,7.5
K7L,ON,92.0,27.0
K7L,ON,91.0,28.0
K7L,ON,91.0,35.0
K7L,ON,94.0,48.0
K7L,ON,101.0,61.0
K7L,ON,91.0,68.0
K7L,ON,90.0,69.0
K7L,ON,91.0,109.0
K7L,ON,91.0,262.0
K7M,ON,105.0,26.0
K7M,ON,90.0,39.0
K7M,ON,160.0,46.0
K7M,ON,97.0,47.0
K7M,ON,94.0,55.0
K7M,ON,93.0,60.0
K7M,ON,102.0,83.0
K7M,ON,91.0,84.0
K7M,ON,61.0,86.0
K7M,ON,76.0,93.0
K7M,ON,91.0,103.0
K7M,ON,111.0,106.0
K7M,ON,107.0,131.0
K7M,ON,91.0,150.0
K7M,ON,119.0,164.0
K7M,ON,96.0,177.0
K7M,ON,100.0,234.0
K7M,ON,91.0,297.0
K7P,ON,138.0,19.0
K7P,ON,91.0,25.0
K7P,ON,99.0,81.0
K7P,ON,91.0,82.0
K7P,ON,76.0,96.0
K7P,ON,90.0,111.0
K7P,ON,92.0,205.0
K7R,ON,91.0,7.5
K7R,ON,91.0,15.0
K7R,ON,106.0,18.0
K7R,ON,98.0,20.0
K7R,ON,105.0,22.0
K7R,ON,93.0,22.0
K7R,ON,93.0,25.0
K7R,ON,92.0,29.0
K7R,ON,93.0,38.0
K7R,ON,93.0,59.0
K7R,ON,99.0,66.0
K7R,ON,109.0,67.0
K7R,ON,91.0,88.0
K7R,ON,90.0,104.0
K7R,ON,95.0,138.0
K7R,ON,95.0,179.0
K7R,ON,107.0,193.0
K7R,ON,100.0,201.0
K7R,ON,99.0,253.0
K7R,ON,95.0,398.0
K0K,ON,133.0,88.0
K0H,ON,90.0,40.0
K0H,ON,91.0,132.0
K0H,ON,91.0,7.5
K0H,ON,97.0,19.0
K0H,ON,108.0,48.0
K0H,ON,91.0,94.0
K0H,ON,94.0,96.0
K0H,ON,90.0,42.0
K0K,ON,91.0,33.0
K0K,ON,92.0,144.0
K0H,ON,90.0,102.0
K0K,ON,65.0,56.0
K0K,ON,92.0,78.0
K0K,ON,102.0,95.0
K0K,ON,97.0,326.0
N0N,ON,106.0,65.0
N0N,ON,143.0,77.0
N0N,ON,97.0,165.0
N0N,ON,113.0,363.0
N0N,ON,91.0,21.0
N0N,ON,91.0,307.0
N0N,ON,91.0,32.0
N0N,ON,91.0,37.0
N0N,ON,93.0,7.5
N0N,ON,114.0,17.0
N0N,ON,92.0,18.0
N0N,ON,91.0,24.0
N0N,ON,91.0,29.0
N0N,ON,85.0,37.0
N0N,ON,91.0,54.0
N0N,ON,114.0,71.0
N0N,ON,89.0,72.0
N0N,ON,90.0,77.0
N0N,ON,90.0,80.0
N0N,ON,103.0,88.0
N0N,ON,94.0,96.0
N0N,ON,103.0,98.0
N0N,ON,92.0,100.0
N0N,ON,129.0,114.0
N0N,ON,93.0,116.0
N0N,ON,99.0,119.0
N0N,ON,92.0,132.0
N0N,ON,123.0,63.0
N0N,ON,86.0,87.0
N0N,ON,97.0,182.0
N0N,ON,91.0,7.5
N0N,ON,84.0,7.5
N0N,ON,91.0,23.0
N0N,ON,125.0,27.0
N0N,ON,92.0,31.0
N0N,ON,99.0,36.0
N0N,ON,105.0,61.0
N0N,ON,93.0,100.0
N0N,ON,90.0,179.0
N0N,ON,91.0,147.0
N0N,ON,104.0,33.0
N0N,ON,92.0,21.0
N0M,ON,90.0,7.5
N0M,ON,91.0,141.0
N0M,ON,103.0,7.5
N0M,ON,91.0,31.0
N0M,ON,90.0,37.0
N0M,ON,99.0,70.0
N0M,ON,91.0,91.0
N0M,ON,91.0,108.0
N0M,ON,91.0,218.0
N0N,ON,90.0,25.0
N0N,ON,91.0,28.0
N0N,ON,91.0,27.0
N0N,ON,91.0,54.0
N0M,ON,118.0,7.5
N0N,ON,100.0,7.5
N0N,ON,90.0,104.0
N0N,ON,94.0,7.5
N0N,ON,120.0,25.0
N0N,ON,91.0,40.0
N0N,ON,97.0,94.0
N0N,ON,98.0,100.0
N0N,ON,91.0,131.0
N0N,ON,92.0,159.0
N0N,ON,92.0,194.0
N7T,ON,94.0,7.5
N7V,ON,90.0,89.0
N0M,ON,92.0,16.0
N0M,ON,92.0,28.0
N0M,ON,91.0,84.0
N0P,ON,91.0,18.0
N0P,ON,91.0,24.0
N0P,ON,114.0,201.0
N0P,ON,91.0,401.0
N7S,ON,91.0,78.0
N7S,ON,80.0,7.5
N7S,ON,90.0,7.5
N7S,ON,96.0,18.0
N7S,ON,92.0,21.0
N7S,ON,91.0,23.0
N7S,ON,92.0,23.0
N7S,ON,101.0,23.0
N7S,ON,111.0,23.0
N7S,ON,85.0,25.0
N7S,ON,90.0,27.0
N7S,ON,97.0,28.0
N7S,ON,92.0,30.0
N7S,ON,91.0,33.0
N7S,ON,91.0,39.0
N7S,ON,91.0,41.0
N7S,ON,108.0,45.0
N7S,ON,90.0,54.0
N7S,ON,91.0,54.0
N7S,ON,92.0,55.0
N7S,ON,90.0,55.0
N7S,ON,97.0,56.0
N7S,ON,96.0,60.0
N7S,ON,96.0,65.0
N7S,ON,92.0,73.0
N7S,ON,105.0,77.0
N7S,ON,105.0,77.0
N7S,ON,91.0,79.0
N7S,ON,93.0,79.0
N7S,ON,91.0,85.0
N7S,ON,91.0,92.0
N7S,ON,86.0,92.0
N7S,ON,91.0,95.0
N7S,ON,135.0,96.0
N7S,ON,91.0,105.0
N7S,ON,91.0,112.0
N7S,ON,104.0,121.0
N7S,ON,91.0,139.0
N7S,ON,90.0,139.0
N7S,ON,95.0,147.0
N7S,ON,104.0,178.0
N7S,ON,123.0,192.0
N7S,ON,109.0,226.0
N7S,ON,120.0,289.0
N7S,ON,91.0,300.0
N7T,ON,101.0,7.5
N7T,ON,99.0,7.5
N7T,ON,91.0,7.5
N7T,ON,90.0,7.5
N7T,ON,91.0,16.0
N7T,ON,62.0,17.0
N7T,ON,83.0,18.0
N7T,ON,90.0,28.0
N7T,ON,91.0,35.0
N7T,ON,91.0,36.0
N7T,ON,156.0,40.0
N7T,ON,134.0,43.0
N7T,ON,91.0,59.0
N7T,ON,90.0,76.0
N7T,ON,91.0,78.0
N7T,ON,89.0,90.0
N7T,ON,92.0,103.0
N7T,ON,109.0,251.0
N7V,ON,91.0,17.0
N7V,ON,92.0,26.0
N7V,ON,94.0,28.0
N7V,ON,104.0,30.0
N7V,ON,103.0,44.0
N7V,ON,91.0,57.0
N7V,ON,91.0,65.0
N7V,ON,98.0,71.0
N7V,ON,94.0,72.0
N7V,ON,91.0,73.0
N7V,ON,97.0,101.0
N7V,ON,99.0,117.0
N7X,ON,95.0,41.0
N7X,ON,91.0,62.0
N7X,ON,91.0,76.0
N7X,ON,91.0,88.0
N7X,ON,104.0,169.0
N7X,ON,90.0,374.0
N7X,ON,85.0,377.0
N7X,ON,103.0,698.0
N0P,ON,126.0,7.5
N0P,ON,93.0,7.5
N0P,ON,90.0,29.0
N0P,ON,105.0,39.0
N0P,ON,113.0,140.0
N0M,ON,94.0,16.0
N0M,ON,91.0,64.0
N0N,ON,90.0,244.0
N0M,ON,98.0,7.5
N0M,ON,97.0,26.0
N0M,ON,94.0,30.0
N0M,ON,91.0,33.0
N0M,ON,90.0,64.0
N0M,ON,91.0,93.0
N0M,ON,91.0,132.0
N0M,ON,96.0,257.0
N0N,ON,92.0,130.0
N0N,ON,69.0,142.0
N0N,ON,92.0,152.0
N0N,ON,91.0,478.0
K0A,ON,107.0,17.0
K0A,ON,111.0,32.0
K0A,ON,91.0,57.0
K0A,ON,99.0,93.0
K0A,ON,90.0,128.0
K0A,ON,92.0,186.0
K0A,ON,132.0,214.0
K0A,ON,91.0,217.0
K0E,ON,91.0,218.0
K0E,ON,133.0,515.0
K6V,ON,84.0,7.5
K6V,ON,162.0,7.5
K6V,ON,91.0,21.0
K6V,ON,133.0,28.0
K6V,ON,113.0,46.0
K6V,ON,90.0,81.0
K6V,ON,100.0,86.0
K6V,ON,94.0,89.0
K6V,ON,104.0,146.0
K0E,ON,92.0,7.5
K0E,ON,93.0,123.0
K7C,ON,75.0,7.5
K7C,ON,91.0,59.0
K7C,ON,94.0,83.0
K7C,ON,97.0,140.0
K7C,ON,111.0,146.0
K7C,ON,101.0,167.0
K7C,ON,92.0,241.0
K7C,ON,95.0,390.0
K7C,ON,91.0,762.0
K0G,ON,94.0,7.5
K0G,ON,92.0,34.0
K0G,ON,105.0,148.0
K6V,ON,93.0,22.0
K6V,ON,92.0,113.0
K0E,ON,92.0,104.0
K7G,ON,91.0,7.5
K7G,ON,92.0,18.0
K7G,ON,104.0,28.0
K7G,ON,123.0,43.0
K0G,ON,91.0,185.0
K0G,ON,93.0,7.5
K0G,ON,91.0,19.0
K0G,ON,90.0,59.0
K0G,ON,92.0,119.0
K0G,ON,99.0,139.0
K0G,ON,98.0,265.0
K0G,ON,92.0,18.0
K0G,ON,91.0,20.0
K0E,ON,101.0,18.0
K0E,ON,102.0,29.0
K0E,ON,96.0,128.0
K0E,ON,101.0,133.0
K0E,ON,109.0,207.0
K0E,ON,83.0,251.0
K0E,ON,91.0,313.0
*,ON,96.0,278.0
K0E,ON,98.0,84.0
K0G,ON,102.0,37.0
K0G,ON,91.0,302.0
K0G,ON,103.0,90.0
K0H,ON,90.0,22.0
K0G,ON,100.0,73.0
K0G,ON,92.0,266.0
K0G,ON,90.0,16.0
K0G,ON,96.0,20.0
K0G,ON,91.0,27.0
K0G,ON,64.0,185.0
K0A,ON,91.0,27.0
K7H,ON,92.0,7.5
K7H,ON,96.0,7.5
K7H,ON,94.0,7.5
K7H,ON,92.0,7.5
K7H,ON,91.0,66.0
K7H,ON,92.0,70.0
K7H,ON,94.0,74.0
K7H,ON,89.0,104.0
K7H,ON,91.0,113.0
K7H,ON,91.0,220.0
K0G,ON,97.0,17.0
K0G,ON,91.0,432.0
K0E,ON,96.0,81.0
K0E,ON,93.0,85.0
K0E,ON,101.0,95.0
K0E,ON,91.0,97.0
K0E,ON,76.0,84.0
K0H,ON,115.0,47.0
K0H,ON,93.0,77.0
K0H,ON,121.0,78.0
K0H,ON,90.0,224.0
K0H,ON,94.0,279.0
K7A,ON,91.0,64.0
K7A,ON,111.0,51.0
K7A,ON,102.0,71.0
K7A,ON,92.0,74.0
K7A,ON,91.0,86.0
K7A,ON,92.0,102.0
K7A,ON,92.0,145.0
K7A,ON,92.0,171.0
K7A,ON,123.0,185.0
K7A,ON,106.0,481.0
K0E,ON,91.0,7.5
K0E,ON,93.0,71.0
K0E,ON,91.0,189.0
K0E,ON,94.0,317.0
K0G,ON,91.0,7.5
K0G,ON,91.0,118.0
K0G,ON,90.0,681.0
N0L,ON,106.0,77.0
N0L,ON,102.0,71.0
N0L,ON,95.0,88.0
N0L,ON,117.0,104.0
N0M,ON,94.0,43.0
N0M,ON,91.0,127.0
N0M,ON,92.0,7.5
N0L,ON,94.0,102.0
N5V,ON,95.0,7.5
N5V,ON,68.0,7.5
N5V,ON,96.0,23.0
N5V,ON,91.0,23.0
N5V,ON,91.0,103.0
N5W,ON,92.0,7.5
N5W,ON,91.0,18.0
N5W,ON,93.0,31.0
N5W,ON,100.0,36.0
N5W,ON,93.0,68.0
N5W,ON,151.0,78.0
N5X,ON,120.0,16.0
N5X,ON,94.0,23.0
N5X,ON,91.0,27.0
N5X,ON,98.0,30.0
N5X,ON,300.0,59.0
N5X,ON,96.0,88.0
N5X,ON,108.0,94.0
N5X,ON,92.0,111.0
N5X,ON,101.0,294.0
N5Y,ON,92.0,7.5
N5Y,ON,92.0,7.5
N5Y,ON,91.0,22.0
N5Y,ON,100.0,28.0
N5Y,ON,96.0,40.0
N5Y,ON,128.0,49.0
N5Y,ON,158.0,76.0
N5Y,ON,139.0,86.0
N5Y,ON,93.0,110.0
N5Z,ON,116.0,7.5
N5Z,ON,102.0,40.0
N5Z,ON,127.0,75.0
N5Z,ON,92.0,88.0
*,ON,92.0,16.0
N6C,ON,92.0,16.0
N6C,ON,91.0,17.0
N6C,ON,95.0,23.0
N6C,ON,95.0,25.0
N6C,ON,108.0,27.0
N6C,ON,96.0,35.0
N6C,ON,149.0,38.0
N6C,ON,92.0,62.0
N6E,ON,120.0,7.5
N6E,ON,91.0,15.0
N6E,ON,105.0,23.0
N6E,ON,89.0,36.0
N6E,ON,108.0,60.0
N6E,ON,97.0,86.0
N6E,ON,92.0,194.0
N6G,ON,112.0,7.5
N6G,ON,98.0,7.5
N6G,ON,93.0,23.0
N6G,ON,99.0,69.0
N6G,ON,90.0,70.0
N6G,ON,92.0,168.0
N6H,ON,91.0,7.5
N6H,ON,84.0,19.0
N6H,ON,91.0,22.0
N6H,ON,90.0,22.0
N6H,ON,91.0,29.0
N6H,ON,91.0,38.0
N6H,ON,94.0,61.0
N6H,ON,113.0,64.0
N6H,ON,103.0,196.0
N6H,ON,91.0,215.0
N6J,ON,91.0,7.5
N6J,ON,82.0,7.5
N6J,ON,91.0,17.0
N6J,ON,119.0,32.0
N6K,ON,101.0,7.5
N6K,ON,92.0,17.0
N6K,ON,91.0,19.0
N6K,ON,92.0,27.0
N6K,ON,91.0,36.0
N6K,ON,91.0,38.0
N6K,ON,91.0,62.0
N6K,ON,105.0,71.0
N6K,ON,90.0,72.0
N6K,ON,109.0,73.0
N6K,ON,100.0,78.0
N6K,ON,103.0,111.0
N6K,ON,95.0,149.0
*,ON,92.0,69.0
*,ON,92.0,94.0
N0M,ON,91.0,26.0
N0M,ON,111.0,67.0
N0L,ON,162.0,75.0
N0L,ON,104.0,16.0
N0L,ON,91.0,35.0
N0L,ON,116.0,95.0
N0M,ON,91.0,7.5
N0M,ON,110.0,16.0
N0M,ON,125.0,76.0
N0M,ON,101.0,110.0
N7G,ON,96.0,69.0
N7G,ON,89.0,25.0
N7G,ON,108.0,34.0
N7G,ON,99.0,39.0
N7G,ON,61.0,42.0
N7G,ON,92.0,51.0
N7G,ON,91.0,74.0
N0M,ON,91.0,54.0
L0R,ON,97.0,38.0
L0R,ON,63.0,93.0
L0R,ON,91.0,7.5
L0R,ON,91.0,73.0
L0R,ON,112.0,108.0
L0S,ON,89.0,25.0
L0S,ON,92.0,31.0
*,ON,101.0,30.0
L3M,ON,91.0,76.0
L3M,ON,91.0,44.0
L3M,ON,92.0,96.0
L0R,ON,90.0,34.0
L0R,ON,91.0,103.0
N0A,ON,90.0,7.5
N0A,ON,92.0,66.0
L2G,ON,96.0,184.0
L2E,ON,110.0,7.5
L2E,ON,90.0,15.0
L2E,ON,92.0,93.0
L2G,ON,91.0,7.5
L2G,ON,91.0,16.0
L2G,ON,91.0,16.0
L2G,ON,93.0,19.0
L2G,ON,118.0,64.0
L2G,ON,92.0,75.0
L2G,ON,113.0,106.0
L2H,ON,191.0,7.5
L2H,ON,91.0,40.0
L2H,ON,90.0,68.0
L2H,ON,91.0,185.0
L2J,ON,91.0,21.0
L2J,ON,91.0,101.0
L3K,ON,91.0,7.5
L3K,ON,93.0,941.0
L3K,ON,91.0,2307.0
L0S,ON,108.0,7.5
L0S,ON,91.0,16.0
L0S,ON,101.0,27.0
L0S,ON,94.0,7.5
L0S,ON,91.0,41.0
L0R,ON,91.0,22.0
L0R,ON,102.0,34.0
L0R,ON,82.0,41.0
L0R,ON,92.0,54.0
L0R,ON,104.0,102.0
L2M,ON,99.0,7.5
L2M,ON,95.0,17.0
L2M,ON,92.0,21.0
L2M,ON,93.0,25.0
L2M,ON,103.0,27.0
L2M,ON,113.0,29.0
L2M,ON,91.0,7.5
L2M,ON,91.0,17.0
L2N,ON,101.0,7.5
L2N,ON,114.0,30.0
L2N,ON,91.0,90.0
L2N,ON,111.0,97.0
L2N,ON,91.0,27.0
L2P,ON,136.0,7.5
L2P,ON,91.0,24.0
L2R,ON,91.0,7.5
L2R,ON,90.0,7.5
L2R,ON,155.0,16.0
L2R,ON,90.0,16.0
L2R,ON,92.0,16.0
L2R,ON,92.0,7.5
L2S,ON,90.0,21.0
L2S,ON,93.0,28.0
L2S,ON,96.0,90.0
L2S,ON,91.0,7.5
L2S,ON,99.0,21.0
L2S,ON,102.0,33.0
L2S,ON,90.0,47.0
*,ON,103.0,20.0
L0S,ON,91.0,37.0
L0S,ON,91.0,67.0
L2V,ON,92.0,7.5
L2V,ON,62.0,26.0
L0R,ON,61.0,171.0
L0S,ON,93.0,31.0
L3B,ON,103.0,7.5
L3B,ON,93.0,7.5
L3B,ON,98.0,7.5
L3B,ON,93.0,7.5
L3B,ON,89.0,24.0
L3C,ON,116.0,7.5
L3C,ON,90.0,7.5
L3C,ON,91.0,7.5
L3C,ON,101.0,7.5
L3C,ON,117.0,7.5
L3C,ON,91.0,20.0
L3C,ON,131.0,25.0
L3C,ON,94.0,31.0
L3C,ON,90.0,35.0
L3C,ON,91.0,77.0
L3C,ON,93.0,107.0
L0R,ON,105.0,7.5
L0R,ON,96.0,34.0
L0R,ON,91.0,37.0
L0R,ON,90.0,149.0
P0H,ON,91.0,7.5
P0H,ON,90.0,70.0
P0H,ON,96.0,32.0
P0G,ON,94.0,7.5
P0G,ON,99.0,17.0
P0A,ON,91.0,7.5
P0H,ON,90.0,7.5
P0H,ON,89.0,7.5
P0H,ON,93.0,16.0
P0H,ON,97.0,18.0
P0H,ON,91.0,41.0
P0H,ON,46.0,58.0
P0H,ON,91.0,63.0
P0H,ON,92.0,65.0
P0H,ON,94.0,168.0
P0H,ON,95.0,264.0
P0H,ON,94.0,7.5
P0H,ON,95.0,26.0
P0H,ON,92.0,37.0
P0A,ON,97.0,26.0
P0A,ON,89.0,32.0
P0A,ON,90.0,7.5
P0A,ON,83.0,26.0
P0H,ON,92.0,32.0
P0A,ON,105.0,54.0
P0A,ON,91.0,7.5
P0A,ON,91.0,22.0
P0H,ON,92.0,7.5
P0H,ON,90.0,7.5
P0A,ON,92.0,28.0
P0G,ON,125.0,7.5
P0G,ON,91.0,36.0
P0H,ON,91.0,7.5
P0H,ON,100.0,20.0
P0G,ON,92.0,7.5
P1A,ON,91.0,7.5
P1A,ON,92.0,7.5
P1A,ON,91.0,7.5
P1A,ON,58.0,7.5
P1A,ON,93.0,7.5
P1A,ON,110.0,7.5
P1A,ON,91.0,7.5
P1A,ON,91.0,7.5
P1A,ON,91.0,7.5
P1A,ON,91.0,17.0
P1A,ON,91.0,20.0
P1A,ON,109.0,23.0
P1A,ON,116.0,30.0
P1A,ON,112.0,79.0
P1B,ON,97.0,7.5
P1B,ON,116.0,7.5
P1B,ON,91.0,7.5
P1B,ON,92.0,7.5
P1B,ON,92.0,7.5
P1B,ON,96.0,7.5
P1B,ON,92.0,7.5
P1B,ON,116.0,7.5
P1B,ON,100.0,7.5
P1B,ON,92.0,16.0
P1B,ON,92.0,17.0
P1B,ON,98.0,21.0
P1B,ON,92.0,22.0
P1B,ON,90.0,24.0
P1B,ON,111.0,25.0
*,ON,91.0,71.0
P0A,ON,110.0,7.5
P0A,ON,90.0,17.0
P0A,ON,92.0,38.0
P0A,ON,106.0,259.0
P2A,ON,92.0,7.5
P2A,ON,91.0,7.5
P2A,ON,100.0,7.5
P2A,ON,99.0,7.5
P2A,ON,100.0,7.5
P2A,ON,99.0,7.5
P2A,ON,90.0,7.5
P2A,ON,98.0,17.0
P2A,ON,93.0,17.0
P2A,ON,76.0,29.0
P2A,ON,92.0,33.0
P2A,ON,90.0,100.0
P0H,ON,101.0,21.0
P0H,ON,113.0,27.0
P0H,ON,92.0,32.0
P0H,ON,87.0,61.0
P0H,ON,93.0,111.0
P0C,ON,105.0,7.5
P0A,ON,92.0,20.0
P0A,ON,94.0,26.0
P0A,ON,95.0,28.0
P0A,ON,93.0,35.0
P0A,ON,91.0,7.5
P2B,ON,91.0,7.5
P2B,ON,93.0,7.5
P2B,ON,90.0,18.0
P2B,ON,92.0,25.0
P0A,ON,98.0,7.5
P0A,ON,104.0,22.0
P0H,ON,91.0,17.0
P0H,ON,92.0,38.0
P0H,ON,91.0,38.0
P0H,ON,91.0,129.0
P0H,ON,92.0,175.0
P0T,ON,94.0,7.5
P0T,ON,93.0,7.5
P0T,ON,92.0,7.5
P0T,ON,91.0,7.5
P0T,ON,91.0,7.5
P0T,ON,91.0,16.0
P0T,ON,94.0,19.0
P0T,ON,95.0,29.0
P0T,ON,90.0,49.0
P0T,ON,91.0,61.0
P0T,ON,96.0,77.0
P0T,ON,91.0,106.0
P0T,ON,93.0,110.0
P0T,ON,91.0,141.0
P0T,ON,129.0,190.0
P0T,ON,92.0,211.0
P0T,ON,105.0,254.0
P0V,ON,91.0,131.0
P0W,ON,91.0,206.0
P0W,ON,95.0,7.5
P0W,ON,92.0,7.5
P0W,ON,91.0,37.0
P0W,ON,91.0,55.0
P0W,ON,97.0,105.0
P0W,ON,92.0,134.0
P0W,ON,97.0,140.0
P0W,ON,122.0,196.0
P0V,ON,91.0,76.0
P8N,ON,99.0,7.5
P8N,ON,91.0,19.0
P8N,ON,91.0,19.0
P8N,ON,93.0,72.0
P8N,ON,46.0,79.0
P8N,ON,95.0,99.0
P8N,ON,101.0,105.0
P8N,ON,90.0,114.0
P8N,ON,97.0,121.0
P8N,ON,90.0,156.0
P8N,ON,90.0,164.0
P8N,ON,99.0,165.0
P8N,ON,93.0,213.0
P8N,ON,92.0,216.0
P8N,ON,95.0,249.0
P8N,ON,95.0,285.0
P8N,ON,92.0,308.0
P8N,ON,90.0,344.0
P8N,ON,92.0,377.0
P8N,ON,98.0,378.0
P8N,ON,128.0,428.0
P8N,ON,91.0,451.0
P8N,ON,94.0,637.0
P8N,ON,91.0,649.0
P8N,ON,94.0,706.0
P0V,ON,92.0,331.0
P0V,ON,95.0,7.5
P0V,ON,91.0,39.0
P0V,ON,91.0,63.0
P0W,ON,98.0,7.5
P0W,ON,125.0,17.0
P0W,ON,91.0,22.0
P0W,ON,92.0,30.0
P0W,ON,91.0,39.0
P0W,ON,91.0,44.0
P0W,ON,91.0,82.0
P0W,ON,92.0,91.0
P0W,ON,91.0,91.0
P0W,ON,92.0,109.0
P0W,ON,91.0,112.0
P0W,ON,90.0,134.0
P0W,ON,91.0,143.0
P9A,ON,97.0,7.5
P9A,ON,92.0,7.5
P9A,ON,102.0,7.5
P9A,ON,91.0,7.5
P9A,ON,100.0,7.5
P9A,ON,90.0,7.5
P9A,ON,91.0,7.5
P9A,ON,93.0,7.5
P9A,ON,92.0,7.5
P9A,ON,102.0,18.0
P9A,ON,92.0,19.0
P9A,ON,142.0,19.0
P9A,ON,90.0,21.0
P9A,ON,92.0,22.0
P9A,ON,91.0,23.0
P9A,ON,90.0,23.0
P9A,ON,90.0,31.0
P9A,ON,100.0,32.0
P9A,ON,101.0,32.0
P9A,ON,91.0,34.0
P9A,ON,92.0,37.0
P9A,ON,97.0,37.0
P9A,ON,92.0,42.0
P9A,ON,90.0,42.0
P9A,ON,100.0,46.0
P9A,ON,94.0,48.0
P9A,ON,102.0,60.0
P9A,ON,99.0,63.0
P9A,ON,92.0,64.0
P9A,ON,93.0,81.0
P9A,ON,111.0,83.0
P9A,ON,91.0,87.0
P9A,ON,121.0,91.0
P9A,ON,90.0,114.0
P9A,ON,99.0,118.0
P9A,ON,95.0,129.0
P9A,ON,90.0,131.0
P9A,ON,93.0,136.0
P9A,ON,92.0,145.0
P9A,ON,123.0,155.0
P9A,ON,95.0,157.0
P0T,ON,381.0,93.0
P0T,ON,102.0,280.0
P0T,ON,102.0,569.0
P0T,ON,90.0,713.0
P0X,ON,91.0,16.0
P0X,ON,92.0,21.0
P0X,ON,92.0,23.0
P0X,ON,94.0,30.0
P0X,ON,91.0,42.0
P0X,ON,98.0,49.0
P0X,ON,91.0,59.0
P0X,ON,101.0,60.0
P0X,ON,90.0,79.0
P0X,ON,96.0,95.0
P0X,ON,97.0,144.0
P0X,ON,92.0,155.0
P0X,ON,90.0,175.0
P0X,ON,107.0,199.0
P9N,ON,92.0,7.5
P9N,ON,91.0,7.5
P9N,ON,90.0,7.5
P9N,ON,92.0,7.5
P9N,ON,92.0,7.5
P9N,ON,91.0,16.0
P9N,ON,91.0,17.0
P9N,ON,92.0,17.0
P9N,ON,91.0,19.0
P9N,ON,102.0,21.0
P9N,ON,91.0,23.0
P9N,ON,92.0,26.0
P9N,ON,97.0,27.0
P9N,ON,91.0,30.0
P9N,ON,90.0,30.0
P9N,ON,93.0,30.0
P9N,ON,84.0,32.0
P9N,ON,82.0,37.0
P9N,ON,93.0,41.0
P9N,ON,91.0,45.0
P9N,ON,112.0,47.0
P9N,ON,91.0,59.0
P9N,ON,97.0,60.0
P9N,ON,96.0,67.0
P9N,ON,91.0,80.0
P9N,ON,92.0,80.0
P9N,ON,93.0,82.0
P9N,ON,92.0,94.0
P9N,ON,61.0,98.0
P9N,ON,99.0,99.0
P9N,ON,96.0,103.0
P9N,ON,91.0,114.0
P9N,ON,102.0,134.0
P9N,ON,126.0,147.0
P9N,ON,93.0,171.0
P9N,ON,98.0,180.0
P9N,ON,105.0,260.0
P9N,ON,90.0,283.0
P9N,ON,99.0,297.0
P9N,ON,104.0,447.0
P9N,ON,92.0,165.0
P0X,ON,95.0,22.0
P0W,ON,93.0,138.0
P0W,ON,93.0,167.0
P0X,ON,91.0,39.0
P0X,ON,94.0,57.0
P0V,ON,102.0,321.0
P0V,ON,92.0,21.0
P0W,ON,91.0,16.0
P0W,ON,103.0,23.0
P0W,ON,98.0,36.0
P0W,ON,96.0,191.0
P0W,ON,112.0,500.0
P0V,ON,92.0,43.0
P0V,ON,106.0,128.0
P0V,ON,103.0,142.0
P0X,ON,93.0,42.0
P0X,ON,92.0,98.0
P8T,ON,91.0,20.0
P8T,ON,89.0,20.0
P8T,ON,93.0,20.0
P8T,ON,91.0,29.0
P8T,ON,96.0,30.0
P8T,ON,95.0,55.0
P8T,ON,93.0,68.0
P8T,ON,94.0,86.0
P8T,ON,103.0,232.0
P8T,ON,97.0,236.0
P0X,ON,92.0,71.0
P0W,ON,92.0,73.0
P0W,ON,93.0,78.0
P0W,ON,98.0,233.0
P0W,ON,90.0,7.5
P0W,ON,91.0,27.0
P0W,ON,85.0,36.0
P0W,ON,93.0,44.0
P0W,ON,92.0,52.0
P0V,ON,100.0,21.0
P0V,ON,90.0,38.0
P0V,ON,95.0,71.0
P0V,ON,113.0,195.0
K0A,ON,90.0,7.5
K0A,ON,113.0,97.0
K0A,ON,91.0,262.0
K1B,ON,93.0,16.0
K1J,ON,90.0,36.0
*,ON,92.0,7.5
*,ON,93.0,128.0
K2K,ON,93.0,36.0
K2K,ON,91.0,128.0
*,ON,99.0,7.5
K2M,ON,95.0,19.0
K2M,ON,92.0,23.0
K2M,ON,94.0,33.0
K2M,ON,91.0,77.0
K2E,ON,92.0,31.0
K2E,ON,123.0,106.0
K2E,ON,91.0,117.0
K2G,ON,92.0,7.5
K2G,ON,91.0,18.0
K2G,ON,91.0,19.0
K2G,ON,98.0,31.0
K2G,ON,90.0,39.0
K2G,ON,101.0,55.0
K2G,ON,91.0,70.0
K2G,ON,93.0,289.0
*,ON,91.0,58.0
K2J,ON,87.0,18.0
K2J,ON,91.0,32.0
K2J,ON,94.0,61.0
K2J,ON,100.0,94.0
K2J,ON,105.0,188.0
K4A,ON,106.0,19.0
K4A,ON,90.0,168.0
K1B,ON,97.0,85.0
K1B,ON,95.0,104.0
K1G,ON,92.0,16.0
K1G,ON,94.0,22.0
K1G,ON,115.0,66.0
K1G,ON,92.0,105.0
K1J,ON,95.0,460.0
*,ON,91.0,24.0
K1N,ON,238.0,7.5
K1N,ON,101.0,7.5
K1N,ON,90.0,17.0
K1N,ON,95.0,36.0
K1N,ON,125.0,47.0
*,ON,91.0,66.0
K1S,ON,90.0,7.5
K1S,ON,98.0,7.5
K1S,ON,91.0,21.0
K1V,ON,90.0,18.0
K1V,ON,100.0,32.0
K1V,ON,103.0,83.0
K1V,ON,92.0,320.0
*,ON,97.0,18.0
*,ON,95.0,18.0
K2B,ON,91.0,27.0
K2B,ON,108.0,56.0
*,ON,91.0,44.0
K2S,ON,92.0,18.0
K2S,ON,109.0,26.0
K2S,ON,91.0,61.0
K2S,ON,93.0,71.0
K0A,ON,92.0,34.0
N0J,ON,89.0,7.5
N0J,ON,102.0,66.0
N0J,ON,90.0,74.0
N0J,ON,118.0,102.0
N0J,ON,91.0,27.0
N0J,ON,92.0,40.0
N0J,ON,94.0,85.0
N0J,ON,99.0,137.0
N0L,ON,91.0,95.0
N0J,ON,91.0,35.0
N0J,ON,92.0,38.0
N0J,ON,94.0,30.0
N0J,ON,90.0,187.0
N0J,ON,91.0,21.0
N0J,ON,99.0,27.0
N0J,ON,100.0,73.0
N0J,ON,90.0,78.0
N0J,ON,97.0,81.0
N0J,ON,90.0,117.0
N5C,ON,90.0,181.0
N5C,ON,112.0,7.5
N5C,ON,91.0,7.5
N5C,ON,94.0,20.0
N5C,ON,91.0,20.0
N5C,ON,101.0,24.0
N5C,ON,90.0,29.0
N5C,ON,90.0,60.0
N5C,ON,91.0,73.0
N5C,ON,151.0,86.0
N5C,ON,131.0,237.0
N5C,ON,91.0,303.0
N0M,ON,114.0,62.0
N0M,ON,91.0,299.0
N0J,ON,94.0,361.0
N0J,ON,93.0,17.0
N0J,ON,91.0,17.0
N0J,ON,91.0,22.0
N0J,ON,91.0,38.0
N0J,ON,97.0,32.0
N0J,ON,92.0,33.0
N0J,ON,101.0,104.0
N5C,ON,97.0,153.0
N0J,ON,91.0,22.0
N0J,ON,106.0,56.0
N0J,ON,122.0,123.0
N0J,ON,91.0,133.0
N0J,ON,97.0,140.0
N0J,ON,97.0,168.0
N0J,ON,120.0,7.5
N0J,ON,91.0,24.0
N0J,ON,91.0,29.0
N0J,ON,106.0,364.0
N0J,ON,103.0,31.0
N0B,ON,98.0,7.5
N0B,ON,92.0,91.0
N0B,ON,98.0,156.0
N0B,ON,91.0,161.0
N0M,ON,92.0,250.0
N4G,ON,91.0,30.0
N4G,ON,102.0,7.5
N4G,ON,101.0,7.5
N4G,ON,91.0,7.5
N4G,ON,94.0,17.0
N4G,ON,97.0,33.0
N4G,ON,101.0,53.0
N4G,ON,90.0,66.0
N4G,ON,90.0,68.0
N4G,ON,108.0,78.0
N4G,ON,92.0,82.0
N4G,ON,90.0,172.0
N4G,ON,91.0,180.0
N4S,ON,105.0,7.5
N4S,ON,98.0,7.5
N4S,ON,91.0,18.0
N4S,ON,92.0,25.0
N4S,ON,91.0,27.0
N4S,ON,110.0,31.0
N4S,ON,93.0,35.0
N4S,ON,93.0,36.0
N4S,ON,91.0,38.0
N4S,ON,92.0,40.0
N4S,ON,94.0,56.0
N4S,ON,90.0,58.0
N4S,ON,134.0,65.0
N4S,ON,116.0,69.0
N4S,ON,91.0,80.0
N4S,ON,92.0,94.0
N4S,ON,91.0,102.0
N4S,ON,91.0,119.0
N4S,ON,92.0,131.0
N4S,ON,91.0,147.0
N4S,ON,91.0,153.0
N4S,ON,90.0,176.0
N4S,ON,109.0,193.0
N4S,ON,102.0,230.0
N4S,ON,92.0,245.0
N4S,ON,91.0,358.0
N4S,ON,91.0,493.0
N4S,ON,88.0,749.0
N4T,ON,103.0,69.0
N4T,ON,105.0,77.0
N4T,ON,94.0,98.0
N4T,ON,91.0,146.0
N4T,ON,90.0,213.0
L7K,ON,91.0,19.0
L7E,ON,92.0,7.5
L7E,ON,91.0,28.0
L7E,ON,102.0,57.0
L6Z,ON,96.0,75.0
L7A,ON,93.0,22.0
L6P,ON,91.0,7.5
L6P,ON,93.0,18.0
L6P,ON,91.0,27.0
L6P,ON,98.0,31.0
L6R,ON,93.0,7.5
L6R,ON,90.0,18.0
L6R,ON,155.0,23.0
L6S,ON,175.0,7.5
L6S,ON,96.0,7.5
L6S,ON,105.0,15.0
*,ON,90.0,7.5
L6V,ON,92.0,24.0
L6V,ON,99.0,77.0
L6W,ON,91.0,67.0
L6W,ON,91.0,102.0
L6X,ON,95.0,7.5
L6X,ON,89.0,7.5
L6X,ON,95.0,107.0
L6Y,ON,95.0,22.0
L6Y,ON,116.0,28.0
L6Y,ON,92.0,67.0
L6Y,ON,93.0,186.0
L6Z,ON,95.0,20.0
L7A,ON,91.0,15.0
L7A,ON,90.0,76.0
L7A,ON,91.0,84.0
L7K,ON,91.0,43.0
L4T,ON,92.0,7.5
L4T,ON,101.0,7.5
L4W,ON,64.0,7.5
L4W,ON,91.0,7.5
L4W,ON,92.0,17.0
*,ON,91.0,30.0
L4Y,ON,90.0,27.0
L4Y,ON,90.0,57.0
*,ON,91.0,7.5
L5A,ON,130.0,7.5
L5A,ON,130.0,151.0
L5B,ON,91.0,37.0
L5B,ON,91.0,61.0
*,ON,92.0,7.5
*,ON,92.0,23.0
L5G,ON,110.0,15.0
L5G,ON,114.0,22.0
*,ON,91.0,42.0
L5J,ON,91.0,7.5
L5J,ON,91.0,29.0
L5J,ON,91.0,29.0
L5J,ON,89.0,54.0
L5J,ON,96.0,64.0
L5K,ON,91.0,23.0
L5K,ON,95.0,113.0
L5L,ON,102.0,16.0
L5L,ON,92.0,20.0
L5L,ON,114.0,26.0
L5L,ON,69.0,39.0
L5L,ON,93.0,68.0
L5M,ON,101.0,7.5
L5M,ON,92.0,20.0
L5M,ON,118.0,20.0
L5M,ON,113.0,22.0
L5M,ON,105.0,23.0
L5M,ON,90.0,24.0
L5M,ON,94.0,31.0
L5M,ON,299.0,40.0
L5N,ON,100.0,7.5
L5N,ON,98.0,7.5
L5N,ON,104.0,18.0
L5N,ON,60.0,22.0
L5N,ON,93.0,22.0
L5N,ON,96.0,24.0
L5N,ON,95.0,26.0
L5N,ON,120.0,27.0
L5N,ON,155.0,66.0
L5N,ON,91.0,67.0
L5V,ON,96.0,7.5
L5V,ON,105.0,7.5
L5V,ON,91.0,25.0
L5V,ON,91.0,27.0
L5W,ON,99.0,7.5
L5W,ON,90.0,17.0
L0N,ON,91.0,24.0
L0N,ON,91.0,165.0
L7E,ON,31.0,22.0
N0G,ON,95.0,67.0
N0G,ON,103.0,143.0
N0K,ON,91.0,26.0
N0K,ON,91.0,59.0
N0K,ON,97.0,69.0
N4W,ON,91.0,227.0
N4W,ON,207.0,7.5
N4W,ON,91.0,16.0
N4W,ON,148.0,35.0
N4W,ON,101.0,62.0
N4W,ON,119.0,68.0
N4W,ON,94.0,103.0
N4W,ON,110.0,122.0
N4W,ON,94.0,176.0
N4W,ON,91.0,625.0
N0K,ON,96.0,31.0
N0K,ON,91.0,73.0
N0K,ON,91.0,107.0
N0K,ON,93.0,216.0
N0K,ON,113.0,21.0
N0K,ON,98.0,31.0
N0K,ON,91.0,53.0
N0K,ON,99.0,139.0
N0K,ON,91.0,144.0
N0K,ON,100.0,201.0
N0K,ON,93.0,507.0
N0K,ON,114.0,19.0
N0K,ON,98.0,97.0
N0K,ON,91.0,122.0
N0K,ON,91.0,145.0
N0K,ON,101.0,23.0
N0K,ON,95.0,32.0
N0K,ON,92.0,212.0
N0K,ON,92.0,36.0
N0K,ON,102.0,99.0
N0B,ON,92.0,29.0
N0B,ON,92.0,32.0
N0B,ON,94.0,172.0
N4X,ON,132.0,7.5
N4X,ON,91.0,23.0
N4X,ON,91.0,30.0
N4X,ON,91.0,40.0
N4X,ON,91.0,61.0
N4X,ON,61.0,66.0
N4X,ON,91.0,70.0
N4X,ON,92.0,90.0
N4X,ON,92.0,94.0
N4X,ON,94.0,136.0
N4X,ON,120.0,158.0
N4X,ON,92.0,179.0
N4X,ON,99.0,190.0
N4X,ON,98.0,199.0
N4X,ON,96.0,213.0
N4X,ON,91.0,224.0
N4X,ON,101.0,246.0
N4X,ON,94.0,246.0
N0K,ON,84.0,75.0
N0K,ON,189.0,123.0
N0K,ON,91.0,265.0
N0K,ON,93.0,553.0
N5A,ON,98.0,70.0
N4Z,ON,99.0,7.5
N4Z,ON,89.0,7.5
N4Z,ON,90.0,20.0
N4Z,ON,95.0,63.0
N5A,ON,90.0,7.5
N5A,ON,100.0,7.5
N5A,ON,95.0,7.5
N5A,ON,92.0,7.5
N5A,ON,106.0,7.5
N5A,ON,125.0,7.5
N5A,ON,93.0,7.5
N5A,ON,93.0,7.5
N5A,ON,132.0,7.5
N5A,ON,108.0,7.5
N5A,ON,92.0,16.0
N5A,ON,92.0,16.0
N5A,ON,91.0,17.0
N5A,ON,107.0,19.0
N5A,ON,92.0,19.0
N5A,ON,97.0,21.0
N5A,ON,98.0,21.0
N5A,ON,95.0,21.0
N5A,ON,97.0,21.0
N5A,ON,93.0,22.0
N5A,ON,93.0,22.0
N5A,ON,91.0,23.0
N5A,ON,91.0,27.0
N5A,ON,86.0,28.0
N5A,ON,110.0,34.0
N5A,ON,91.0,37.0
N5A,ON,92.0,40.0
N5A,ON,91.0,43.0
N5A,ON,90.0,46.0
N5A,ON,102.0,61.0
N5A,ON,92.0,62.0
N5A,ON,91.0,74.0
N5A,ON,91.0,88.0
N5A,ON,92.0,92.0
N5A,ON,94.0,101.0
N5A,ON,151.0,107.0
N5A,ON,90.0,109.0
N5A,ON,94.0,130.0
N5A,ON,92.0,137.0
N5A,ON,92.0,169.0
N5A,ON,91.0,179.0
N5A,ON,95.0,188.0
N5A,ON,100.0,208.0
K0L,ON,181.0,49.0
K0L,ON,97.0,85.0
K0L,ON,100.0,26.0
K0L,ON,90.0,17.0
K0L,ON,101.0,25.0
K0L,ON,92.0,49.0
K0L,ON,92.0,79.0
K0L,ON,102.0,103.0
K0L,ON,90.0,48.0
K0L,ON,101.0,371.0
L0A,ON,91.0,68.0
L0A,ON,91.0,125.0
K0L,ON,92.0,7.5
K0L,ON,91.0,24.0
K0L,ON,94.0,59.0
K0L,ON,109.0,114.0
K0L,ON,99.0,189.0
K0L,ON,96.0,516.0
K0L,ON,95.0,7.5
K0L,ON,95.0,31.0
K0L,ON,91.0,39.0
K0L,ON,92.0,189.0
K0M,ON,91.0,1317.0
K0L,ON,91.0,7.5
K0L,ON,66.0,7.5
K0L,ON,116.0,18.0
K0L,ON,91.0,32.0
K0L,ON,95.0,34.0
K0L,ON,91.0,66.0
K0L,ON,103.0,84.0
K0L,ON,132.0,93.0
K0L,ON,96.0,122.0
K0L,ON,91.0,165.0
K0L,ON,92.0,31.0
L0A,ON,103.0,7.5
L0A,ON,91.0,82.0
L0A,ON,90.0,107.0
L0A,ON,90.0,122.0
L0A,ON,91.0,188.0
K0L,ON,126.0,65.0
K0L,ON,98.0,107.0
K0L,ON,90.0,220.0
K9H,ON,91.0,19.0
K9H,ON,92.0,26.0
K9H,ON,95.0,27.0
K9H,ON,91.0,28.0
K9H,ON,91.0,34.0
K9H,ON,99.0,58.0
K9H,ON,91.0,60.0
K9H,ON,97.0,65.0
K9H,ON,91.0,73.0
K9H,ON,92.0,76.0
K9H,ON,90.0,81.0
K9H,ON,89.0,86.0
K9H,ON,91.0,92.0
K9H,ON,90.0,116.0
K9H,ON,105.0,130.0
K9H,ON,94.0,137.0
K9H,ON,92.0,148.0
K9H,ON,91.0,174.0
K9H,ON,92.0,196.0
K9H,ON,91.0,208.0
K9H,ON,103.0,223.0
K9H,ON,94.0,228.0
K9H,ON,91.0,231.0
K9J,ON,91.0,7.5
K9J,ON,92.0,7.5
K9J,ON,117.0,7.5
K9J,ON,104.0,15.0
K9J,ON,91.0,16.0
K9J,ON,90.0,16.0
K9J,ON,90.0,16.0
K9J,ON,98.0,17.0
K9J,ON,108.0,18.0
K9J,ON,91.0,21.0
K9J,ON,92.0,22.0
K9J,ON,74.0,29.0
K9J,ON,92.0,30.0
K9J,ON,117.0,31.0
K9J,ON,92.0,34.0
K9J,ON,100.0,35.0
K9J,ON,91.0,36.0
K9J,ON,97.0,43.0
K9J,ON,95.0,56.0
K9J,ON,142.0,59.0
K9J,ON,114.0,66.0
K9J,ON,106.0,68.0
K9J,ON,92.0,72.0
K9J,ON,96.0,75.0
K9J,ON,91.0,89.0
K9J,ON,93.0,101.0
K9J,ON,92.0,128.0
K9J,ON,103.0,136.0
K9J,ON,91.0,200.0
K9J,ON,91.0,239.0
K9K,ON,92.0,16.0
K9K,ON,90.0,29.0
K9K,ON,91.0,93.0
K9K,ON,91.0,121.0
K9K,ON,92.0,126.0
K9K,ON,92.0,135.0
K9K,ON,138.0,137.0
K9K,ON,92.0,155.0
K9K,ON,97.0,174.0
K9K,ON,92.0,515.0
K9L,ON,92.0,24.0
K9L,ON,91.0,25.0
K9L,ON,94.0,39.0
K9L,ON,96.0,41.0
K9L,ON,92.0,115.0
K0L,ON,92.0,26.0
K0L,ON,92.0,181.0
P0L,ON,98.0,16.0
P0L,ON,91.0,19.0
P0L,ON,115.0,64.0
P0L,ON,97.0,146.0
P0L,ON,89.0,157.0
P0N,ON,96.0,7.5
P0N,ON,90.0,25.0
P0N,ON,100.0,120.0
P0L,ON,91.0,17.0
P0L,ON,98.0,7.5
P0L,ON,95.0,15.0
P0L,ON,92.0,31.0
P0L,ON,122.0,120.0
P0L,ON,129.0,389.0
P0K,ON,108.0,26.0
P0M,ON,90.0,17.0
P0K,ON,110.0,7.5
P0K,ON,98.0,7.5
P0K,ON,92.0,17.0
P0K,ON,90.0,33.0
P0K,ON,92.0,104.0
P0K,ON,101.0,114.0
P0K,ON,98.0,129.0
P0L,ON,90.0,60.0
P5N,ON,91.0,7.5
P5N,ON,97.0,7.5
P5N,ON,91.0,7.5
P5N,ON,91.0,7.5
P5N,ON,103.0,7.5
P5N,ON,93.0,7.5
P5N,ON,91.0,7.5
P5N,ON,91.0,16.0
P5N,ON,92.0,18.0
P5N,ON,98.0,84.0
P5N,ON,97.0,92.0
P5N,ON,92.0,97.0
P5N,ON,103.0,134.0
P0K,ON,92.0,24.0
P0K,ON,92.0,27.0
P0K,ON,95.0,38.0
P0L,ON,92.0,7.5
P0K,ON,92.0,26.0
P0L,ON,93.0,7.5
P0L,ON,92.0,64.0
P0N,ON,91.0,30.0
P0N,ON,92.0,60.0
P0N,ON,91.0,78.0
P0N,ON,93.0,80.0
P0N,ON,61.0,110.0
P0N,ON,93.0,7.5
P0N,ON,93.0,7.5
P0N,ON,61.0,15.0
P0L,ON,91.0,7.5
P0L,ON,94.0,57.0
P0L,ON,92.0,66.0
P0L,ON,92.0,94.0
P0N,ON,91.0,17.0
P0N,ON,92.0,67.0
P4N,ON,92.0,7.5
P4N,ON,90.0,7.5
P4N,ON,93.0,7.5
P4N,ON,94.0,7.5
P4N,ON,92.0,7.5
P4N,ON,96.0,7.5
P4N,ON,153.0,7.5
P4N,ON,98.0,7.5
P4N,ON,98.0,17.0
P4N,ON,98.0,17.0
P4N,ON,92.0,19.0
P4N,ON,92.0,19.0
P4N,ON,92.0,20.0
P4N,ON,91.0,20.0
P4N,ON,91.0,20.0
P4N,ON,93.0,25.0
P4N,ON,97.0,25.0
P4N,ON,98.0,31.0
P4N,ON,92.0,31.0
P4N,ON,90.0,33.0
P4N,ON,94.0,34.0
P4N,ON,105.0,34.0
P4N,ON,91.0,41.0
P4N,ON,88.0,49.0
P4N,ON,90.0,61.0
P4N,ON,91.0,65.0
P4N,ON,97.0,126.0
P4N,ON,95.0,159.0
P4P,ON,92.0,7.5
P4P,ON,103.0,21.0
P4P,ON,89.0,29.0
P4P,ON,90.0,29.0
P4P,ON,91.0,75.0
P4R,ON,94.0,7.5
P4R,ON,91.0,7.5
P4R,ON,92.0,24.0
P4R,ON,94.0,121.0
P0K,ON,91.0,149.0
K7S,ON,98.0,177.0
K7S,ON,93.0,7.5
K7S,ON,119.0,16.0
K7S,ON,96.0,23.0
K7S,ON,91.0,72.0
K7S,ON,90.0,74.0
K7S,ON,139.0,81.0
K7S,ON,91.0,94.0
K7S,ON,92.0,131.0
K7S,ON,91.0,143.0
K7S,ON,115.0,154.0
K7S,ON,90.0,161.0
K7S,ON,100.0,170.0
K7S,ON,99.0,185.0
K7S,ON,91.0,200.0
K0J,ON,108.0,52.0
K0A,ON,93.0,101.0
K0A,ON,68.0,103.0
K0A,ON,91.0,133.0
K0A,ON,106.0,299.0
K0A,ON,103.0,460.0
K0J,ON,93.0,58.0
K0J,ON,102.0,7.5
K0J,ON,91.0,29.0
K0J,ON,92.0,75.0
K0J,ON,91.0,756.0
K0J,ON,102.0,17.0
K0J,ON,87.0,40.0
K0J,ON,92.0,56.0
K0J,ON,95.0,293.0
K0J,ON,90.0,20.0
K0J,ON,95.0,23.0
K0J,ON,100.0,31.0
K0J,ON,95.0,34.0
K0J,ON,150.0,52.0
K0J,ON,92.0,77.0
K0J,ON,116.0,99.0
K0J,ON,91.0,146.0
K0J,ON,91.0,165.0
K0J,ON,112.0,25.0
K0J,ON,91.0,16.0
K0J,ON,93.0,28.0
K0J,ON,140.0,53.0
K0J,ON,93.0,56.0
K0J,ON,98.0,63.0
K0J,ON,93.0,68.0
K0J,ON,93.0,19.0
K0J,ON,92.0,61.0
K0J,ON,103.0,303.0
K8A,ON,91.0,217.0
K8A,ON,92.0,7.5
K8A,ON,95.0,7.5
K8A,ON,91.0,7.5
K8A,ON,90.0,7.5
K8A,ON,92.0,7.5
K8A,ON,92.0,7.5
K8A,ON,95.0,7.5
K8A,ON,90.0,19.0
K8A,ON,118.0,20.0
K8A,ON,92.0,21.0
K8A,ON,91.0,23.0
K8A,ON,92.0,23.0
K8A,ON,99.0,36.0
K8A,ON,91.0,43.0
K8A,ON,175.0,63.0
K8A,ON,92.0,73.0
K8A,ON,90.0,74.0
K8A,ON,91.0,101.0
K8A,ON,91.0,115.0
K8A,ON,113.0,261.0
K8A,ON,91.0,262.0
K8A,ON,93.0,7.5
K8H,ON,91.0,31.0
K8H,ON,93.0,32.0
K8H,ON,91.0,44.0
K8H,ON,116.0,48.0
K8H,ON,92.0,62.0
K8H,ON,139.0,115.0
K8H,ON,90.0,137.0
K8H,ON,108.0,173.0
K8H,ON,92.0,197.0
K7V,ON,91.0,127.0
K7V,ON,91.0,7.5
K7V,ON,96.0,7.5
K7V,ON,91.0,19.0
K7V,ON,91.0,64.0
K7V,ON,106.0,66.0
K7V,ON,91.0,81.0
K7V,ON,97.0,82.0
K7V,ON,108.0,97.0
K7V,ON,92.0,116.0
K7V,ON,92.0,116.0
K7V,ON,91.0,118.0
K7V,ON,95.0,135.0
K7V,ON,93.0,192.0
K0J,ON,92.0,28.0
K0A,ON,100.0,34.0
K0A,ON,97.0,74.0
K0J,ON,91.0,15.0
K0J,ON,139.0,49.0
K0C,ON,102.0,7.5
K0C,ON,91.0,7.5
K0C,ON,90.0,19.0
K0C,ON,113.0,32.0
K0C,ON,174.0,142.0
K0B,ON,91.0,25.0
K0B,ON,90.0,7.5
K0B,ON,90.0,7.5
K0B,ON,150.0,19.0
K0B,ON,103.0,71.0
K0A,ON,103.0,25.0
K0A,ON,93.0,25.0
K0A,ON,105.0,31.0
K0A,ON,95.0,34.0
K0A,ON,95.0,88.0
K0A,ON,97.0,106.0
K0A,ON,92.0,123.0
K0A,ON,115.0,198.0
K0C,ON,85.0,23.0
K0C,ON,93.0,34.0
K0B,ON,92.0,19.0
K6H,ON,95.0,7.5
K6H,ON,91.0,7.5
K6H,ON,94.0,17.0
K6H,ON,92.0,25.0
K6H,ON,90.0,38.0
K6H,ON,90.0,39.0
K6H,ON,92.0,125.0
K6H,ON,91.0,133.0
K6J,ON,92.0,7.5
K6J,ON,92.0,18.0
K6K,ON,92.0,26.0
K6K,ON,93.0,73.0
K0B,ON,93.0,346.0
K0A,ON,92.0,19.0
K0A,ON,93.0,21.0
K0A,ON,91.0,24.0
K0A,ON,105.0,26.0
K0A,ON,92.0,30.0
K0A,ON,92.0,53.0
K0A,ON,92.0,89.0
K0A,ON,94.0,108.0
K0A,ON,137.0,118.0
K0B,ON,109.0,20.0
K0B,ON,93.0,28.0
K0A,ON,91.0,7.5
K0A,ON,93.0,99.0
K6A,ON,91.0,7.5
K6A,ON,92.0,21.0
K6A,ON,122.0,34.0
K6A,ON,92.0,66.0
K6A,ON,104.0,107.0
K6A,ON,125.0,594.0
K6A,ON,94.0,859.0
K0C,ON,90.0,29.0
K0E,ON,96.0,7.5
K0E,ON,90.0,56.0
K0E,ON,99.0,279.0
K0A,ON,98.0,7.5
K0A,ON,91.0,7.5
K0A,ON,90.0,7.5
K0A,ON,92.0,26.0
K0A,ON,97.0,28.0
K0A,ON,94.0,33.0
K0C,ON,102.0,21.0
K0B,ON,93.0,35.0
K0B,ON,99.0,88.0
K0B,ON,91.0,98.0
K0B,ON,98.0,246.0
K0C,ON,92.0,7.5
K0C,ON,102.0,22.0
K0C,ON,102.0,22.0
K0C,ON,119.0,7.5
K0C,ON,91.0,21.0
K0A,ON,95.0,29.0
K0B,ON,120.0,7.5
K0B,ON,98.0,7.5
K4K,ON,112.0,32.0
K4K,ON,92.0,42.0
K4K,ON,92.0,44.0
K4K,ON,102.0,100.0
K4K,ON,92.0,105.0
K4K,ON,97.0,114.0
K4K,ON,96.0,144.0
K4K,ON,91.0,157.0
K4K,ON,90.0,168.0
K4K,ON,91.0,241.0
K4R,ON,143.0,7.5
K4R,ON,118.0,21.0
K4R,ON,92.0,145.0
K0A,ON,80.0,76.0
K0A,ON,94.0,169.0
K0C,ON,116.0,53.0
K0B,ON,142.0,7.5
K0B,ON,93.0,7.5
K0B,ON,91.0,7.5
K0B,ON,114.0,31.0
K0A,ON,97.0,33.0
K0A,ON,90.0,136.0
L9R,ON,96.0,7.5
L9R,ON,93.0,24.0
L9R,ON,94.0,28.0
L9R,ON,113.0,69.0
L9R,ON,144.0,144.0
L0M,ON,96.0,7.5
L0M,ON,91.0,7.5
L0M,ON,96.0,7.5
L0M,ON,93.0,28.0
P0C,ON,92.0,66.0
L4M,ON,104.0,7.5
L4M,ON,92.0,7.5
L4M,ON,103.0,7.5
L4M,ON,101.0,19.0
L4M,ON,97.0,62.0
L4M,ON,148.0,85.0
L4M,ON,91.0,86.0
L4M,ON,93.0,117.0
L4N,ON,99.0,7.5
L4N,ON,93.0,7.5
L4N,ON,91.0,7.5
L4N,ON,89.0,7.5
L4N,ON,92.0,20.0
L4N,ON,90.0,21.0
L4N,ON,91.0,28.0
L4N,ON,104.0,30.0
L4N,ON,92.0,114.0
P0B,ON,95.0,72.0
L0L,ON,97.0,15.0
P1L,ON,91.0,7.5
P1L,ON,104.0,7.5
P1L,ON,92.0,7.5
P1L,ON,98.0,15.0
P1L,ON,99.0,17.0
P1L,ON,91.0,18.0
P1L,ON,93.0,24.0
P1L,ON,65.0,24.0
P1L,ON,92.0,25.0
P1L,ON,91.0,38.0
P1L,ON,104.0,124.0
P1L,ON,90.0,393.0
L3Z,ON,93.0,22.0
L3Z,ON,91.0,28.0
L3Z,ON,91.0,134.0
L0K,ON,96.0,18.0
L0K,ON,93.0,24.0
L0K,ON,88.0,28.0
L0K,ON,91.0,7.5
L9Y,ON,90.0,7.5
L9Y,ON,92.0,7.5
L9Y,ON,92.0,29.0
L0L,ON,102.0,7.5
L0L,ON,92.0,31.0
P0A,ON,99.0,7.5
P0A,ON,91.0,7.5
P0A,ON,91.0,16.0
L0L,ON,95.0,40.0
L0L,ON,92.0,84.0
L0M,ON,92.0,24.0
P1P,ON,119.0,7.5
P1P,ON,111.0,7.5
P1P,ON,91.0,7.5
P1P,ON,90.0,27.0
P1P,ON,92.0,42.0
P1P,ON,91.0,91.0
L0L,ON,92.0,7.5
P0E,ON,94.0,16.0
P0E,ON,101.0,18.0
P1H,ON,91.0,7.5
P1H,ON,91.0,7.5
P1H,ON,91.0,17.0
P1H,ON,98.0,20.0
P1H,ON,91.0,27.0
P1H,ON,91.0,29.0
P1H,ON,93.0,32.0
P1H,ON,103.0,36.0
P1H,ON,108.0,56.0
P1H,ON,91.0,59.0
L9S,ON,82.0,7.5
L9S,ON,93.0,25.0
L9S,ON,92.0,111.0
L9S,ON,93.0,130.0
L0L,ON,100.0,7.5
L0L,ON,91.0,32.0
L4R,ON,92.0,7.5
L4R,ON,93.0,41.0
L4R,ON,120.0,125.0
P0B,ON,93.0,32.0
L0L,ON,91.0,7.5
L0L,ON,93.0,68.0
L0M,ON,90.0,7.5
L3V,ON,90.0,7.5
L3V,ON,50.0,7.5
L3V,ON,90.0,54.0
L9M,ON,96.0,77.0
L9M,ON,92.0,185.0
L0L,ON,91.0,113.0
P0B,ON,92.0,16.0
L0K,ON,71.0,105.0
P0B,ON,91.0,15.0
P0B,ON,91.0,7.5
P0B,ON,92.0,37.0
L9Z,ON,97.0,23.0
L9Z,ON,91.0,27.0
L9Z,ON,96.0,37.0
L0K,ON,98.0,7.5
L0K,ON,94.0,7.5
L0K,ON,93.0,7.5
L0L,ON,97.0,180.0
P0M,ON,91.0,17.0
P0M,ON,75.0,17.0
P0M,ON,91.0,22.0
P0M,ON,99.0,27.0
P0M,ON,99.0,32.0
P0M,ON,95.0,68.0
P0M,ON,114.0,89.0
P0M,ON,90.0,153.0
P0M,ON,92.0,89.0
P0M,ON,98.0,168.0
P0M,ON,91.0,973.0
P0M,ON,83.0,7.5
P0M,ON,91.0,27.0
P0M,ON,91.0,44.0
P0M,ON,154.0,48.0
P0M,ON,91.0,71.0
P0M,ON,99.0,181.0
P0M,ON,91.0,143.0
P5E,ON,95.0,73.0
P5E,ON,91.0,87.0
P5E,ON,91.0,118.0
P5E,ON,98.0,119.0
P5E,ON,92.0,145.0
P5E,ON,91.0,193.0
P5E,ON,91.0,276.0
P0P,ON,93.0,29.0
*,ON,97.0,99.0
P0M,ON,131.0,24.0
P0P,ON,96.0,18.0
P0P,ON,90.0,59.0
P0M,ON,94.0,78.0
P3P,ON,91.0,7.5
P3P,ON,91.0,23.0
P3P,ON,108.0,33.0
P3P,ON,91.0,43.0
P3P,ON,91.0,92.0
P3P,ON,90.0,132.0
P0P,ON,90.0,22.0
P0P,ON,92.0,24.0
P0M,ON,107.0,16.0
P0P,ON,104.0,7.5
P0P,ON,99.0,82.0
P0P,ON,88.0,125.0
P0P,ON,93.0,162.0
P0P,ON,92.0,188.0
P3Y,ON,106.0,18.0
P3Y,ON,90.0,37.0
P3Y,ON,91.0,40.0
P3Y,ON,94.0,81.0
P3Y,ON,91.0,147.0
P3Y,ON,91.0,258.0
P0P,ON,90.0,16.0
P0P,ON,93.0,137.0
P0P,ON,96.0,182.0
P0M,ON,99.0,87.0
P0P,ON,94.0,28.0
P0P,ON,93.0,17.0
P0P,ON,93.0,30.0
P0P,ON,96.0,35.0
P0P,ON,91.0,80.0
P0P,ON,93.0,88.0
P0M,ON,100.0,85.0
P0M,ON,103.0,7.5
P0P,ON,92.0,7.5
P0P,ON,95.0,18.0
P0P,ON,92.0,20.0
P0P,ON,89.0,137.0
P0P,ON,107.0,34.0
P0M,ON,95.0,53.0
P3A,ON,95.0,18.0
P3A,ON,91.0,24.0
P3A,ON,101.0,61.0
P3A,ON,101.0,72.0
P3A,ON,97.0,87.0
P3A,ON,105.0,117.0
P3B,ON,93.0,7.5
P3B,ON,95.0,21.0
P3B,ON,90.0,54.0
P3B,ON,98.0,101.0
P3B,ON,90.0,181.0
*,ON,92.0,17.0
P3E,ON,95.0,28.0
P3E,ON,91.0,31.0
P3E,ON,97.0,40.0
P3E,ON,96.0,74.0
P3E,ON,91.0,97.0
P3E,ON,117.0,111.0
P3E,ON,100.0,192.0
P3E,ON,91.0,240.0
P3E,ON,92.0,241.0
*,ON,118.0,58.0
P0P,ON,92.0,165.0
*,ON,97.0,35.0
P0M,ON,91.0,122.0
P0H,ON,91.0,68.0
P0M,ON,108.0,121.0
P0P,ON,90.0,147.0
P0T,ON,95.0,5657.0
P0T,ON,97.0,57.0
P0T,ON,92.0,65.0
P0T,ON,91.0,7.5
P0T,ON,102.0,52.0
P0T,ON,94.0,62.0
P0T,ON,91.0,45.0
P0T,ON,108.0,7.5
P0T,ON,91.0,7.5
P0T,ON,91.0,99.0
P0T,ON,90.0,15.0
P0T,ON,97.0,27.0
P0T,ON,91.0,63.0
P0T,ON,91.0,66.0
P0T,ON,93.0,83.0
P0T,ON,102.0,96.0
P0T,ON,90.0,216.0
P0T,ON,91.0,7.5
P0T,ON,121.0,22.0
P0T,ON,91.0,79.0
P0T,ON,90.0,97.0
P0T,ON,96.0,111.0
P0T,ON,92.0,114.0
P0T,ON,91.0,171.0
*,ON,91.0,432.0
P0T,ON,98.0,61.0
P0T,ON,101.0,82.0
P0T,ON,117.0,92.0
P0T,ON,54.0,122.0
P0T,ON,93.0,136.0
P0T,ON,83.0,162.0
P0T,ON,91.0,281.0
P0T,ON,92.0,275.0
P0T,ON,94.0,51.0
P0T,ON,93.0,25.0
P0T,ON,90.0,62.0
P0T,ON,96.0,464.0
P0T,ON,91.0,7.5
P0T,ON,97.0,18.0
P0T,ON,94.0,37.0
P0T,ON,92.0,37.0
P0T,ON,91.0,80.0
P0T,ON,102.0,95.0
P0T,ON,91.0,132.0
P7A,ON,94.0,7.5
P7A,ON,91.0,7.5
P7A,ON,98.0,19.0
P7A,ON,91.0,24.0
P7A,ON,99.0,29.0
P7A,ON,100.0,30.0
P7A,ON,92.0,60.0
P7A,ON,91.0,67.0
P7A,ON,90.0,76.0
P7A,ON,91.0,89.0
P7A,ON,90.0,98.0
P7A,ON,111.0,99.0
P7A,ON,92.0,119.0
P7A,ON,92.0,124.0
P7A,ON,92.0,155.0
P7A,ON,93.0,161.0
P7A,ON,92.0,220.0
P7B,ON,91.0,7.5
P7B,ON,90.0,7.5
P7B,ON,90.0,19.0
P7B,ON,92.0,23.0
P7B,ON,105.0,33.0
P7B,ON,100.0,35.0
P7B,ON,92.0,39.0
P7B,ON,93.0,60.0
P7B,ON,109.0,69.0
P7B,ON,92.0,74.0
P7B,ON,90.0,78.0
P7B,ON,91.0,81.0
P7B,ON,98.0,89.0
P7B,ON,91.0,129.0
P7B,ON,91.0,141.0
P7B,ON,92.0,162.0
P7B,ON,85.0,189.0
P7B,ON,91.0,206.0
P7B,ON,106.0,237.0
P7B,ON,85.0,311.0
P7B,ON,91.0,322.0
P7C,ON,92.0,7.5
P7C,ON,93.0,7.5
P7C,ON,91.0,21.0
P7C,ON,96.0,24.0
P7C,ON,89.0,27.0
P7C,ON,112.0,60.0
P7C,ON,91.0,65.0
P7C,ON,92.0,75.0
P7C,ON,91.0,92.0
P7C,ON,96.0,132.0
P7E,ON,91.0,7.5
P7E,ON,90.0,7.5
P7E,ON,91.0,16.0
P7E,ON,92.0,42.0
P7E,ON,98.0,45.0
P7E,ON,105.0,76.0
P7E,ON,98.0,100.0
P7G,ON,91.0,159.0
P7G,ON,91.0,237.0
P7J,ON,104.0,7.5
P7J,ON,92.0,103.0
P7K,ON,91.0,24.0
P7K,ON,96.0,72.0
P7K,ON,91.0,86.0
P7K,ON,90.0,91.0
P7K,ON,64.0,317.0
P0K,ON,97.0,18.0
P0J,ON,95.0,7.5
P0J,ON,91.0,7.5
P0J,ON,91.0,7.5
P0J,ON,101.0,29.0
P0J,ON,103.0,7.5
P0J,ON,93.0,7.5
P0J,ON,91.0,67.0
P0J,ON,91.0,81.0
P0J,ON,91.0,27.0
P0J,ON,91.0,130.0
P0J,ON,98.0,7.5
P0J,ON,91.0,7.5
P0J,ON,90.0,7.5
P0J,ON,92.0,33.0
P0J,ON,90.0,52.0
P0J,ON,98.0,7.5
P0J,ON,93.0,7.5
P0J,ON,93.0,7.5
P0J,ON,92.0,7.5
P0J,ON,92.0,7.5
P0J,ON,91.0,7.5
P0J,ON,97.0,25.0
P0J,ON,94.0,28.0
P0J,ON,99.0,37.0
P0J,ON,98.0,92.0
P0J,ON,91.0,7.5
P0J,ON,93.0,17.0
P0J,ON,91.0,30.0
P0J,ON,91.0,61.0
P0J,ON,101.0,69.0
P0J,ON,91.0,80.0
P0J,ON,94.0,83.0
P0J,ON,93.0,144.0
P0J,ON,106.0,146.0
P0J,ON,91.0,163.0
P0J,ON,91.0,387.0
P0J,ON,94.0,873.0
P0J,ON,74.0,24.0
P0J,ON,92.0,67.0
P0J,ON,92.0,88.0
P2N,ON,90.0,7.5
P2N,ON,100.0,7.5
P2N,ON,101.0,7.5
P2N,ON,92.0,7.5
P2N,ON,92.0,7.5
P2N,ON,98.0,7.5
P2N,ON,92.0,7.5
P2N,ON,90.0,7.5
P2N,ON,98.0,7.5
P2N,ON,93.0,7.5
P2N,ON,92.0,7.5
P2N,ON,94.0,7.5
P2N,ON,91.0,18.0
P2N,ON,96.0,22.0
P2N,ON,90.0,38.0
P0K,ON,91.0,7.5
P0K,ON,91.0,251.0
P0J,ON,92.0,121.0
P0J,ON,91.0,142.0
P0K,ON,128.0,118.0
P0J,ON,148.0,7.5
P0J,ON,92.0,7.5
P0J,ON,90.0,7.5
P0J,ON,91.0,26.0
P0J,ON,91.0,28.0
P0J,ON,91.0,30.0
P0J,ON,91.0,52.0
P0J,ON,115.0,61.0
P0J,ON,106.0,64.0
P0J,ON,89.0,69.0
P0J,ON,101.0,78.0
P0J,ON,96.0,82.0
P0J,ON,93.0,82.0
P0J,ON,93.0,90.0
P0J,ON,100.0,101.0
P0J,ON,90.0,115.0
P0J,ON,92.0,125.0
P0J,ON,90.0,125.0
P0J,ON,90.0,129.0
P0J,ON,94.0,135.0
P0J,ON,91.0,179.0
P0J,ON,92.0,193.0
P0J,ON,108.0,201.0
P0J,ON,101.0,272.0
P0J,ON,91.0,298.0
P0J,ON,90.0,27.0
P0J,ON,91.0,32.0
P0J,ON,91.0,61.0
P0J,ON,91.0,133.0
P0J,ON,116.0,151.0
P0J,ON,91.0,356.0
P0K,ON,96.0,7.5
P0K,ON,90.0,17.0
P0K,ON,91.0,33.0
P0K,ON,91.0,61.0
P0K,ON,91.0,82.0
P0H,ON,92.0,22.0
P0H,ON,91.0,261.0
P0J,ON,92.0,72.0
P0J,ON,92.0,7.5
P0J,ON,71.0,7.5
P0K,ON,112.0,23.0
N0B,ON,105.0,472.0
N3A,ON,99.0,25.0
N3A,ON,105.0,29.0
N3A,ON,105.0,34.0
N3A,ON,93.0,34.0
N3A,ON,94.0,65.0
*,ON,90.0,21.0
N1R,ON,93.0,7.5
N1R,ON,91.0,7.5
N1R,ON,94.0,32.0
N1R,ON,91.0,87.0
N1R,ON,94.0,146.0
N1S,ON,94.0,24.0
N1S,ON,92.0,252.0
N1T,ON,92.0,7.5
N1T,ON,109.0,28.0
N1T,ON,91.0,76.0
N3C,ON,108.0,53.0
*,ON,92.0,39.0
N3H,ON,92.0,28.0
N3H,ON,107.0,65.0
N3H,ON,92.0,72.0
N3H,ON,91.0,104.0
N3H,ON,115.0,137.0
N0B,ON,133.0,76.0
N3B,ON,101.0,7.5
N3B,ON,90.0,17.0
N3B,ON,91.0,93.0
N0B,ON,94.0,7.5
N0B,ON,90.0,30.0
N2A,ON,92.0,7.5
N2A,ON,91.0,25.0
N2A,ON,145.0,82.0
*,ON,110.0,29.0
N2E,ON,91.0,20.0
N2E,ON,93.0,29.0
N2E,ON,92.0,30.0
N2E,ON,96.0,32.0
N2E,ON,91.0,33.0
N2E,ON,115.0,147.0
N2H,ON,93.0,7.5
N2H,ON,91.0,7.5
N2H,ON,121.0,7.5
N2H,ON,91.0,19.0
N2H,ON,124.0,30.0
N2H,ON,91.0,70.0
N2K,ON,105.0,99.0
N2M,ON,90.0,7.5
N2M,ON,92.0,7.5
N2M,ON,114.0,7.5
N2M,ON,91.0,16.0
N2M,ON,90.0,33.0
N2M,ON,93.0,34.0
N2M,ON,91.0,78.0
N2N,ON,91.0,7.5
N2N,ON,92.0,7.5
N2N,ON,91.0,16.0
N2N,ON,98.0,18.0
N2N,ON,98.0,25.0
N2N,ON,118.0,31.0
N2N,ON,92.0,44.0
N2N,ON,93.0,57.0
N2N,ON,96.0,132.0
N2P,ON,92.0,20.0
N2P,ON,90.0,31.0
N2P,ON,91.0,38.0
N2P,ON,89.0,57.0
*,ON,101.0,57.0
N0B,ON,121.0,29.0
N3A,ON,108.0,63.0
N3A,ON,92.0,278.0
N0B,ON,109.0,69.0
N2J,ON,136.0,18.0
N2J,ON,92.0,21.0
N2J,ON,94.0,28.0
N2J,ON,97.0,453.0
N2K,ON,90.0,7.5
N2K,ON,94.0,17.0
N2K,ON,91.0,18.0
N2K,ON,93.0,40.0
N2K,ON,99.0,41.0
N2K,ON,91.0,61.0
N2K,ON,91.0,63.0
N2K,ON,92.0,72.0
N2K,ON,102.0,76.0
N2K,ON,97.0,86.0
N2K,ON,91.0,98.0
N2L,ON,93.0,7.5
N2L,ON,94.0,16.0
N2L,ON,107.0,18.0
N2L,ON,92.0,20.0
N2L,ON,91.0,21.0
N2L,ON,91.0,133.0
N2T,ON,94.0,7.5
N2T,ON,93.0,25.0
N2T,ON,97.0,35.0
N2T,ON,92.0,125.0
N2V,ON,91.0,17.0
N2V,ON,94.0,27.0
N2V,ON,91.0,43.0
N2V,ON,95.0,75.0
N0B,ON,142.0,20.0
N0B,ON,92.0,34.0
N0B,ON,91.0,37.0
N0B,ON,91.0,15.0
N0B,ON,105.0,1211.0
N0G,ON,91.0,27.0
N0B,ON,94.0,115.0
N3C,ON,110.0,52.0
N0B,ON,91.0,16.0
N0B,ON,91.0,28.0
N0B,ON,92.0,83.0
N0B,ON,117.0,95.0
N0B,ON,91.0,7.5
N0B,ON,90.0,628.0
N1M,ON,91.0,7.5
N1M,ON,91.0,7.5
N1M,ON,91.0,17.0
N1M,ON,96.0,18.0
N1M,ON,91.0,22.0
N1M,ON,63.0,56.0
L0N,ON,96.0,60.0
L0N,ON,92.0,114.0
N1C,ON,98.0,23.0
N1C,ON,143.0,52.0
N1E,ON,109.0,17.0
N1E,ON,96.0,29.0
N1E,ON,91.0,30.0
N1E,ON,92.0,31.0
N1E,ON,91.0,36.0
N1E,ON,92.0,39.0
N1E,ON,95.0,39.0
N1E,ON,122.0,70.0
N1E,ON,102.0,76.0
N1E,ON,118.0,81.0
N1E,ON,154.0,116.0
N1E,ON,95.0,278.0
N1G,ON,103.0,7.5
N1G,ON,92.0,7.5
N1G,ON,94.0,55.0
N1G,ON,94.0,62.0
N1G,ON,99.0,113.0
N1G,ON,92.0,125.0
N1G,ON,94.0,430.0
N1H,ON,92.0,26.0
N1H,ON,91.0,104.0
N1H,ON,92.0,111.0
N1H,ON,91.0,123.0
N1H,ON,93.0,128.0
*,ON,117.0,21.0
N1L,ON,93.0,104.0
N1L,ON,102.0,256.0
N1L,ON,96.0,367.0
N0G,ON,204.0,54.0
L0N,ON,91.0,34.0
N0G,ON,90.0,83.0
N0B,ON,90.0,69.0
N0B,ON,90.0,102.0
N0G,ON,90.0,31.0
N0G,ON,180.0,59.0
N0G,ON,94.0,77.0
L9W,ON,114.0,7.5
L9W,ON,92.0,7.5
L9W,ON,120.0,7.5
L9W,ON,91.0,7.5
L9W,ON,103.0,7.5
L9W,ON,102.0,16.0
L9W,ON,91.0,18.0
L9W,ON,91.0,18.0
L9W,ON,91.0,19.0
L9W,ON,91.0,25.0
L9W,ON,91.0,26.0
L9W,ON,91.0,28.0
L9W,ON,92.0,29.0
L9W,ON,92.0,29.0
L9W,ON,113.0,34.0
L9W,ON,101.0,60.0
L9W,ON,91.0,61.0
L9W,ON,126.0,77.0
L9W,ON,91.0,92.0
L9W,ON,90.0,92.0
L9W,ON,122.0,130.0
L9W,ON,90.0,136.0
L9W,ON,93.0,140.0
L9W,ON,91.0,268.0
L9W,ON,96.0,283.0
L9W,ON,90.0,352.0
L9W,ON,111.0,569.0
L0N,ON,91.0,30.0
N0G,ON,91.0,16.0
N0B,ON,92.0,7.5
N0B,ON,153.0,19.0
N0B,ON,92.0,29.0
N0B,ON,112.0,52.0
N0B,ON,99.0,78.0
N0B,ON,99.0,258.0
L0N,ON,91.0,7.5
L0N,ON,91.0,21.0
L0N,ON,93.0,40.0
N0B,ON,96.0,34.0
N9V,ON,91.0,82.0
N9V,ON,94.0,7.5
N9V,ON,90.0,26.0
N9V,ON,94.0,57.0
N9V,ON,100.0,77.0
N9V,ON,92.0,78.0
N9V,ON,104.0,102.0
N9V,ON,90.0,115.0
N9V,ON,116.0,120.0
N9V,ON,90.0,146.0
N9V,ON,92.0,237.0
N9V,ON,85.0,256.0
N9V,ON,92.0,302.0
N9V,ON,100.0,323.0
N9V,ON,91.0,331.0
N0R,ON,91.0,7.5
N0R,ON,105.0,23.0
N0R,ON,95.0,34.0
N0R,ON,128.0,42.0
N0R,ON,106.0,53.0
N0R,ON,92.0,69.0
N0R,ON,103.0,99.0
N0R,ON,109.0,111.0
N0R,ON,91.0,113.0
N0R,ON,92.0,120.0
N0R,ON,92.0,133.0
N0R,ON,99.0,155.0
N0R,ON,90.0,161.0
N0P,ON,91.0,72.0
N0R,ON,121.0,68.0
N0R,ON,116.0,121.0
N8M,ON,99.0,7.5
N8M,ON,90.0,7.5
N8M,ON,90.0,27.0
N8M,ON,106.0,30.0
N8M,ON,104.0,48.0
N8M,ON,113.0,61.0
N8M,ON,96.0,66.0
N8M,ON,91.0,71.0
N8M,ON,91.0,82.0
N8M,ON,93.0,164.0
N8M,ON,93.0,322.0
N8M,ON,89.0,848.0
N9V,ON,101.0,59.0
N0R,ON,116.0,15.0
N0R,ON,95.0,53.0
N0R,ON,103.0,62.0
N0R,ON,91.0,87.0
N0R,ON,105.0,97.0
N0R,ON,91.0,103.0
N0R,ON,101.0,159.0
N0R,ON,94.0,339.0
N0R,ON,95.0,408.0
N9Y,ON,92.0,19.0
N9Y,ON,106.0,27.0
N9Y,ON,94.0,71.0
N9Y,ON,111.0,76.0
N9Y,ON,99.0,124.0
N9Y,ON,74.0,129.0
N9Y,ON,96.0,158.0
N9Y,ON,96.0,239.0
N9Y,ON,93.0,241.0
N8N,ON,95.0,68.0
N9H,ON,98.0,73.0
N9H,ON,98.0,100.0
N9H,ON,90.0,127.0
N9H,ON,90.0,134.0
N9H,ON,98.0,211.0
N9J,ON,96.0,69.0
N9J,ON,117.0,78.0
N9J,ON,127.0,274.0
N8H,ON,94.0,188.0
N8H,ON,92.0,7.5
N8H,ON,93.0,7.5
N8H,ON,90.0,17.0
N8H,ON,89.0,20.0
N8H,ON,90.0,30.0
N8H,ON,90.0,43.0
N8H,ON,91.0,92.0
N8H,ON,93.0,105.0
N8H,ON,104.0,114.0
N8H,ON,100.0,142.0
N8H,ON,88.0,193.0
N8H,ON,91.0,387.0
N0R,ON,94.0,85.0
N0R,ON,95.0,101.0
N0R,ON,130.0,103.0
N0R,ON,107.0,21.0
N0R,ON,93.0,7.5
N0P,ON,103.0,25.0
N0P,ON,96.0,126.0
N0R,ON,91.0,31.0
N0R,ON,89.0,61.0
N0R,ON,91.0,324.0
N8N,ON,92.0,196.0
N0R,ON,101.0,84.0
N0P,ON,114.0,65.0
N8N,ON,120.0,51.0
N8N,ON,92.0,25.0
N8N,ON,93.0,32.0
N8N,ON,104.0,50.0
N8N,ON,127.0,62.0
N8N,ON,91.0,64.0
N8N,ON,90.0,71.0
N8N,ON,91.0,85.0
N8N,ON,93.0,95.0
N8N,ON,107.0,112.0
N8N,ON,91.0,124.0
N8N,ON,98.0,127.0
N8N,ON,63.0,144.0
N8N,ON,105.0,161.0
N8N,ON,95.0,164.0
N9K,ON,90.0,89.0
N8R,ON,100.0,126.0
N8S,ON,92.0,28.0
N8N,ON,91.0,84.0
N8N,ON,90.0,85.0
N8P,ON,90.0,33.0
N8P,ON,91.0,85.0
N8P,ON,91.0,92.0
N8P,ON,91.0,111.0
N8P,ON,105.0,227.0
N8P,ON,91.0,246.0
N8P,ON,96.0,731.0
N8R,ON,101.0,38.0
N8R,ON,103.0,39.0
N8R,ON,96.0,116.0
N8R,ON,91.0,134.0
N8R,ON,113.0,142.0
N8R,ON,115.0,169.0
N8R,ON,92.0,184.0
N8R,ON,91.0,275.0
N8S,ON,91.0,21.0
N8S,ON,92.0,27.0
N8S,ON,99.0,60.0
N8S,ON,187.0,74.0
N8S,ON,113.0,131.0
N8S,ON,91.0,174.0
N8S,ON,93.0,220.0
N8T,ON,93.0,7.5
N8T,ON,90.0,27.0
N8T,ON,91.0,133.0
N8T,ON,99.0,155.0
N8T,ON,91.0,179.0
N8W,ON,90.0,16.0
N8W,ON,98.0,20.0
N8W,ON,91.0,24.0
N8W,ON,90.0,28.0
N8W,ON,114.0,73.0
N8W,ON,93.0,112.0
N8W,ON,90.0,122.0
N8W,ON,92.0,123.0
N8W,ON,92.0,127.0
N8W,ON,91.0,135.0
N8W,ON,94.0,256.0
N8W,ON,90.0,406.0
N8X,ON,91.0,23.0
N8X,ON,91.0,26.0
N8X,ON,90.0,36.0
N8X,ON,130.0,44.0
N8X,ON,98.0,56.0
N8X,ON,92.0,64.0
N8X,ON,91.0,183.0
N8X,ON,90.0,295.0
N8X,ON,92.0,446.0
N8Y,ON,99.0,7.5
N8Y,ON,90.0,7.5
N9A,ON,91.0,7.5
N9A,ON,94.0,15.0
N9A,ON,121.0,24.0
N9A,ON,95.0,112.0
N9A,ON,91.0,256.0
N9B,ON,91.0,32.0
N9B,ON,109.0,160.0
N9C,ON,111.0,41.0
N9C,ON,93.0,66.0
N9C,ON,94.0,154.0
N9E,ON,94.0,35.0
N9E,ON,91.0,44.0
N9E,ON,91.0,67.0
N9E,ON,91.0,77.0
N9E,ON,94.0,79.0
N9E,ON,92.0,83.0
N9E,ON,91.0,86.0
N9E,ON,61.0,110.0
N9E,ON,93.0,125.0
N9G,ON,94.0,37.0
N9G,ON,91.0,39.0
N9G,ON,106.0,97.0
N9G,ON,124.0,276.0
N9G,ON,91.0,360.0
N9H,ON,155.0,83.0
N9H,ON,114.0,96.0
N9K,ON,91.0,49.0
N9K,ON,103.0,133.0
L4G,ON,93.0,7.5
L4G,ON,91.0,7.5
L4G,ON,103.0,19.0
L4G,ON,92.0,20.0
L4G,ON,103.0,22.0
L4G,ON,94.0,77.0
L9N,ON,90.0,37.0
L9N,ON,64.0,7.5
L9N,ON,93.0,7.5
L9N,ON,91.0,16.0
L9N,ON,92.0,33.0
L9N,ON,94.0,88.0
L4P,ON,98.0,7.5
L4P,ON,86.0,7.5
L7B,ON,102.0,20.0
L7B,ON,90.0,26.0
L0J,ON,93.0,7.5
L0J,ON,91.0,129.0
L6A,ON,92.0,7.5
L6A,ON,91.0,21.0
L6A,ON,93.0,26.0
L6A,ON,103.0,27.0
L6A,ON,90.0,33.0
L6B,ON,90.0,7.5
L3P,ON,90.0,17.0
L3P,ON,117.0,18.0
L3P,ON,91.0,30.0
L3P,ON,101.0,33.0
L3R,ON,92.0,7.5
L3R,ON,90.0,7.5
L3R,ON,78.0,36.0
L3R,ON,91.0,38.0
L3R,ON,102.0,54.0
L3S,ON,102.0,7.5
L3S,ON,99.0,18.0
L6B,ON,91.0,7.5
L6E,ON,92.0,7.5
L6E,ON,104.0,7.5
L3X,ON,110.0,7.5
L3X,ON,142.0,7.5
L3X,ON,91.0,17.0
L3X,ON,96.0,21.0
L3X,ON,91.0,22.0
L3X,ON,91.0,34.0
L3X,ON,90.0,35.0
L3X,ON,161.0,49.0
L3X,ON,126.0,57.0
L3Y,ON,115.0,7.5
L3Y,ON,91.0,15.0
L3Y,ON,98.0,24.0
L3Y,ON,97.0,67.0
L3Y,ON,91.0,78.0
L0G,ON,91.0,16.0
L0E,ON,99.0,7.5
L4B,ON,95.0,7.5
L4B,ON,84.0,27.0
L4C,ON,103.0,25.0
L4C,ON,92.0,34.0
L4C,ON,108.0,37.0
L4C,ON,92.0,61.0
L4C,ON,91.0,116.0
L4E,ON,91.0,7.5
L4E,ON,95.0,17.0
L4E,ON,93.0,21.0
L4E,ON,104.0,24.0
L4E,ON,102.0,30.0
L4E,ON,101.0,38.0
L4S,ON,94.0,7.5
L4S,ON,90.0,7.5
L4S,ON,92.0,7.5
L9N,ON,106.0,16.0
L0G,ON,101.0,17.0
L4A,ON,97.0,17.0
L4A,ON,91.0,87.0
L0E,ON,121.0,15.0
L0E,ON,70.0,39.0
L4J,ON,95.0,19.0
L3T,ON,109.0,7.5
L3T,ON,131.0,7.5
L3T,ON,92.0,7.5
L3T,ON,90.0,20.0
L3T,ON,94.0,28.0
L3T,ON,103.0,42.0
L3T,ON,91.0,80.0
L3T,ON,100.0,120.0
L3T,ON,93.0,130.0
L4J,ON,92.0,22.0
L4J,ON,92.0,36.0
L4J,ON,156.0,43.0
L4J,ON,90.0,73.0
L4J,ON,90.0,75.0
L4H,ON,91.0,7.5
L4H,ON,94.0,7.5
L4H,ON,122.0,7.5
L4H,ON,94.0,16.0
M3A,ON,91.0,150.0
M1K,ON,92.0,19.0
*,ON,91.0,22.0
M1W,ON,91.0,7.5
M1B,ON,96.0,7.5
M1B,ON,91.0,62.0
M1E,ON,103.0,7.5
M1E,ON,134.0,64.0
M1G,ON,96.0,7.5
M1G,ON,117.0,83.0
*,ON,96.0,24.0
M1K,ON,102.0,7.5
*,ON,107.0,7.5
*,ON,160.0,7.5
M1W,ON,98.0,7.5
*,ON,100.0,7.5
M2H,ON,91.0,21.0
M2H,ON,92.0,169.0
M2J,ON,93.0,42.0
M2J,ON,92.0,141.0
M2J,ON,98.0,149.0
*,ON,95.0,41.0
M2N,ON,179.0,120.0
M2N,ON,104.0,163.0
M3A,ON,90.0,86.0
M3A,ON,100.0,93.0
*,ON,91.0,7.5
M3H,ON,95.0,15.0
M3H,ON,92.0,117.0
M4C,ON,125.0,7.5
M4C,ON,105.0,7.5
M4E,ON,96.0,7.5
M4E,ON,91.0,16.0
*,ON,106.0,18.0
M4J,ON,99.0,7.5
M4J,ON,90.0,7.5
M4J,ON,91.0,292.0
M4K,ON,91.0,7.5
M4K,ON,91.0,7.5
M4K,ON,112.0,7.5
M4K,ON,91.0,7.5
M4K,ON,120.0,7.5
M4K,ON,111.0,7.5
M4K,ON,91.0,7.5
M4L,ON,93.0,7.5
M4L,ON,91.0,22.0
M4N,ON,92.0,36.0
M4N,ON,94.0,42.0
*,ON,94.0,7.5
*,ON,91.0,7.5
M5M,ON,91.0,42.0
M5M,ON,92.0,81.0
*,ON,108.0,22.0
*,ON,92.0,20.0
*,ON,104.0,108.0
*,ON,91.0,23.0
*,ON,91.0,7.5
*,ON,91.0,7.5
M6N,ON,101.0,27.0
M6N,ON,91.0,27.0
*,ON,91.0,7.5
M6R,ON,92.0,7.5
M6R,ON,99.0,7.5
M6R,ON,93.0,25.0
*,ON,92.0,7.5
*,ON,93.0,104.0
*,ON,93.0,36.0
*,ON,90.0,106.0
M9A,ON,90.0,7.5
M9A,ON,91.0,95.0
*,ON,93.0,161.0
M9C,ON,95.0,164.0
M9C,ON,94.0,221.0
*,ON,101.0,7.5
*,MB,92.0,152.0
R2C,MB,119.0,64.0
R2C,MB,91.0,69.0
R2C,MB,91.0,87.0
R2C,MB,106.0,96.0
R2C,MB,92.0,121.0
R2G,MB,92.0,76.0
R2G,MB,95.0,125.0
R2G,MB,101.0,155.0
R2G,MB,98.0,162.0
R2G,MB,91.0,234.0
R2J,MB,97.0,59.0
R2J,MB,91.0,66.0
R2K,MB,91.0,180.0
R2K,MB,111.0,182.0
R2L,MB,91.0,39.0
R2L,MB,92.0,127.0
R2M,MB,93.0,52.0
R2M,MB,91.0,112.0
R2M,MB,91.0,335.0
R2N,MB,92.0,87.0
R2N,MB,94.0,89.0
R2P,MB,92.0,80.0
R2P,MB,94.0,212.0
R2P,MB,91.0,232.0
R2V,MB,90.0,41.0
R2V,MB,90.0,67.0
R2X,MB,90.0,61.0
R2X,MB,91.0,116.0
*,MB,92.0,115.0
R3G,MB,99.0,7.5
R3G,MB,109.0,7.5
R3G,MB,98.0,120.0
R3J,MB,86.0,35.0
R3J,MB,103.0,38.0
R3J,MB,91.0,130.0
*,MB,90.0,124.0
R3M,MB,92.0,36.0
R3M,MB,95.0,41.0
R3M,MB,99.0,63.0
R3N,MB,93.0,88.0
R3N,MB,95.0,199.0
R3P,MB,91.0,17.0
R3P,MB,95.0,21.0
R3P,MB,91.0,30.0
R3P,MB,96.0,38.0
R3P,MB,91.0,89.0
R3P,MB,94.0,117.0
R3P,MB,91.0,140.0
R3P,MB,91.0,154.0
R3P,MB,90.0,164.0
R3P,MB,91.0,250.0
R3R,MB,91.0,17.0
R3R,MB,124.0,28.0
R3R,MB,92.0,269.0
R3T,MB,94.0,67.0
R3T,MB,93.0,85.0
R3T,MB,91.0,102.0
R3T,MB,92.0,121.0
R3T,MB,92.0,278.0
R3T,MB,90.0,398.0
*,MB,98.0,146.0
R3W,MB,96.0,7.5
R3W,MB,91.0,117.0
R3W,MB,91.0,152.0
*,MB,91.0,191.0
R0K,MB,87.0,152.0
R0K,MB,89.0,303.0
R7A,MB,91.0,29.0
R7A,MB,93.0,39.0
R7A,MB,91.0,61.0
R7A,MB,93.0,83.0
R7A,MB,91.0,83.0
R7A,MB,93.0,97.0
R7A,MB,104.0,106.0
R7A,MB,93.0,112.0
R7A,MB,92.0,120.0
R7A,MB,91.0,127.0
R7A,MB,92.0,135.0
R7A,MB,93.0,147.0
R7A,MB,120.0,155.0
R7A,MB,92.0,160.0
R7A,MB,98.0,168.0
R7A,MB,92.0,214.0
R7A,MB,91.0,218.0
R7A,MB,92.0,243.0
R7A,MB,91.0,245.0
R7A,MB,91.0,248.0
R7A,MB,91.0,257.0
R7A,MB,99.0,261.0
R7A,MB,91.0,271.0
R7A,MB,108.0,339.0
R7A,MB,90.0,433.0
R7A,MB,104.0,576.0
R7B,MB,120.0,19.0
R7B,MB,90.0,23.0
R7B,MB,93.0,27.0
R7B,MB,91.0,31.0
R7B,MB,102.0,32.0
R7B,MB,91.0,38.0
R7B,MB,92.0,42.0
R7B,MB,92.0,43.0
R7B,MB,93.0,64.0
R7B,MB,92.0,66.0
R7B,MB,90.0,74.0
R7B,MB,101.0,84.0
R7B,MB,91.0,86.0
R7B,MB,95.0,111.0
R7B,MB,109.0,118.0
R7B,MB,92.0,119.0
R7B,MB,101.0,121.0
R7B,MB,101.0,130.0
R7B,MB,85.0,142.0
R7B,MB,91.0,179.0
R7B,MB,96.0,208.0
R7B,MB,96.0,209.0
R7B,MB,92.0,224.0
R7B,MB,97.0,241.0
R7B,MB,90.0,243.0
R7B,MB,92.0,244.0
R7B,MB,91.0,246.0
R7B,MB,91.0,280.0
R7B,MB,90.0,298.0
R7B,MB,92.0,316.0
R7B,MB,108.0,323.0
R7B,MB,96.0,562.0
R7B,MB,92.0,766.0
R7C,MB,116.0,19.0
R7C,MB,92.0,232.0
R0K,MB,98.0,103.0
R0K,MB,93.0,115.0
R0K,MB,92.0,120.0
R0K,MB,91.0,767.0
R0K,MB,93.0,1296.0
R0K,MB,97.0,369.0
R0K,MB,92.0,123.0
R0K,MB,92.0,142.0
R0K,MB,92.0,160.0
R0K,MB,91.0,164.0
R0K,MB,92.0,223.0
R0K,MB,104.0,227.0
R0K,MB,96.0,286.0
R0K,MB,91.0,334.0
R0K,MB,113.0,508.0
R0K,MB,91.0,421.0
R0E,MB,91.0,7.5
R0E,MB,91.0,20.0
R0E,MB,91.0,24.0
R0E,MB,97.0,26.0
R0E,MB,110.0,28.0
R0E,MB,94.0,33.0
R0E,MB,96.0,76.0
R0E,MB,93.0,116.0
R0E,MB,97.0,130.0
R0E,MB,94.0,137.0
R0E,MB,109.0,209.0
R0E,MB,93.0,211.0
R0E,MB,94.0,32.0
R0E,MB,128.0,19.0
R0E,MB,97.0,7.5
R0E,MB,94.0,15.0
R0E,MB,93.0,17.0
R0E,MB,91.0,21.0
R0E,MB,90.0,28.0
R0E,MB,95.0,29.0
R0E,MB,95.0,33.0
R0E,MB,92.0,38.0
R0E,MB,101.0,71.0
R0E,MB,95.0,79.0
R0E,MB,91.0,82.0
R0E,MB,98.0,87.0
R0E,MB,92.0,92.0
R0E,MB,91.0,93.0
R0E,MB,92.0,94.0
R0E,MB,91.0,95.0
R0E,MB,90.0,119.0
R0E,MB,88.0,138.0
R0E,MB,90.0,179.0
R0E,MB,101.0,187.0
R0E,MB,97.0,197.0
R0E,MB,92.0,227.0
R0E,MB,104.0,272.0
R0E,MB,92.0,312.0
R0E,MB,82.0,440.0
R0E,MB,95.0,65.0
R0E,MB,93.0,169.0
R0E,MB,92.0,230.0
R0E,MB,95.0,419.0
R0E,MB,91.0,28.0
R0E,MB,128.0,7.5
R0E,MB,100.0,97.0
R0E,MB,90.0,159.0
R0E,MB,90.0,20.0
R0E,MB,91.0,39.0
R0E,MB,92.0,67.0
R0E,MB,108.0,79.0
R0E,MB,92.0,86.0
R0E,MB,91.0,97.0
R0E,MB,93.0,115.0
R0E,MB,98.0,130.0
R0E,MB,112.0,167.0
R0E,MB,167.0,171.0
R0E,MB,90.0,183.0
R0E,MB,93.0,228.0
R0E,MB,119.0,253.0
R0E,MB,92.0,297.0
R0E,MB,94.0,432.0
R0E,MB,100.0,455.0
R0E,MB,63.0,636.0
R0E,MB,96.0,17.0
R0E,MB,91.0,31.0
R0E,MB,91.0,35.0
R0E,MB,96.0,51.0
R0E,MB,91.0,77.0
R0E,MB,91.0,92.0
R0E,MB,93.0,172.0
R0E,MB,92.0,182.0
R0E,MB,94.0,185.0
R0E,MB,96.0,219.0
R0E,MB,97.0,238.0
R0E,MB,92.0,321.0
R0E,MB,120.0,7.5
R0E,MB,92.0,48.0
R0E,MB,98.0,81.0
R0E,MB,92.0,116.0
R0E,MB,91.0,120.0
R0E,MB,172.0,152.0
R0E,MB,92.0,158.0
R0E,MB,93.0,163.0
R0E,MB,90.0,164.0
R0E,MB,102.0,236.0
R0E,MB,93.0,249.0
R0E,MB,90.0,263.0
R0E,MB,132.0,108.0
R0E,MB,120.0,199.0
R0E,MB,91.0,68.0
R0E,MB,89.0,111.0
R0E,MB,94.0,32.0
R0E,MB,91.0,98.0
R0E,MB,137.0,207.0
R0E,MB,95.0,54.0
R0E,MB,95.0,7.5
R0E,MB,90.0,97.0
R0E,MB,92.0,19.0
R0E,MB,102.0,35.0
R0A,MB,101.0,39.0
R0A,MB,109.0,67.0
R0A,MB,92.0,125.0
R0A,MB,92.0,179.0
R0A,MB,88.0,40.0
R0A,MB,91.0,117.0
R0A,MB,91.0,34.0
R0A,MB,96.0,36.0
R0A,MB,94.0,54.0
R0A,MB,91.0,139.0
*,MB,91.0,119.0
R0A,MB,91.0,31.0
R0A,MB,91.0,85.0
R0A,MB,99.0,65.0
R0A,MB,91.0,124.0
R0A,MB,99.0,21.0
R0A,MB,91.0,7.5
R0A,MB,91.0,29.0
R0A,MB,92.0,37.0
R0A,MB,99.0,80.0
R0A,MB,95.0,110.0
R0A,MB,100.0,7.5
R0A,MB,96.0,79.0
R0A,MB,93.0,91.0
R0A,MB,94.0,103.0
R0A,MB,98.0,146.0
R0A,MB,94.0,151.0
R0A,MB,91.0,166.0
R0A,MB,91.0,198.0
R0A,MB,92.0,261.0
R0A,MB,92.0,297.0
R0A,MB,92.0,317.0
R0A,MB,100.0,507.0
R0A,MB,57.0,16.0
R0A,MB,91.0,33.0
R5G,MB,94.0,98.0
R5G,MB,111.0,146.0
R0A,MB,98.0,17.0
R0A,MB,91.0,56.0
R0A,MB,97.0,57.0
R0A,MB,92.0,107.0
R0A,MB,100.0,152.0
R0A,MB,94.0,213.0
R0A,MB,91.0,227.0
R0A,MB,93.0,21.0
R0A,MB,91.0,41.0
R0A,MB,119.0,69.0
R0E,MB,91.0,19.0
R0E,MB,91.0,82.0
R0A,MB,94.0,57.0
R0A,MB,103.0,70.0
R0A,MB,90.0,26.0
R0A,MB,92.0,58.0
R0A,MB,91.0,79.0
R0A,MB,91.0,151.0
R5H,MB,103.0,103.0
R5H,MB,90.0,7.5
R5H,MB,139.0,7.5
R5H,MB,90.0,7.5
R5H,MB,186.0,7.5
R5H,MB,92.0,7.5
R5H,MB,91.0,7.5
R5H,MB,93.0,16.0
R5H,MB,88.0,19.0
R5H,MB,61.0,47.0
R5H,MB,98.0,61.0
R5H,MB,92.0,70.0
R5H,MB,102.0,100.0
R5H,MB,88.0,101.0
R5H,MB,90.0,109.0
R5H,MB,91.0,138.0
R5H,MB,95.0,156.0
R5H,MB,150.0,168.0
R5H,MB,94.0,218.0
R5G,MB,92.0,7.5
R5G,MB,96.0,25.0
R5G,MB,111.0,27.0
R5G,MB,90.0,27.0
R5G,MB,93.0,34.0
R5G,MB,91.0,36.0
R5G,MB,91.0,36.0
R5G,MB,93.0,45.0
R5G,MB,96.0,54.0
R5G,MB,91.0,62.0
R5G,MB,92.0,63.0
R5G,MB,94.0,70.0
R5G,MB,90.0,81.0
R5G,MB,97.0,81.0
R5G,MB,96.0,85.0
R5G,MB,91.0,102.0
R5G,MB,91.0,103.0
R5G,MB,92.0,108.0
R5G,MB,91.0,109.0
R5G,MB,91.0,116.0
R5G,MB,96.0,117.0
R5G,MB,93.0,119.0
R5G,MB,92.0,133.0
R5G,MB,92.0,144.0
R5G,MB,91.0,161.0
R5G,MB,95.0,177.0
R5G,MB,95.0,183.0
R5G,MB,90.0,188.0
R5G,MB,90.0,203.0
R5G,MB,105.0,263.0
R5G,MB,92.0,286.0
R0A,MB,90.0,7.5
R0A,MB,94.0,21.0
R0A,MB,91.0,31.0
R0A,MB,88.0,112.0
R0A,MB,100.0,39.0
R0A,MB,91.0,203.0
R0A,MB,95.0,7.5
R0A,MB,91.0,7.5
R0C,MB,92.0,17.0
R0C,MB,70.0,142.0
R0C,MB,95.0,287.0
R0C,MB,66.0,29.0
R0C,MB,95.0,21.0
R0C,MB,92.0,58.0
R0C,MB,92.0,98.0
R0C,MB,91.0,122.0
R0C,MB,91.0,175.0
R0C,MB,92.0,94.0
R0C,MB,91.0,148.0
R0C,MB,93.0,434.0
R0E,MB,93.0,7.5
R0E,MB,89.0,30.0
R0E,MB,90.0,33.0
R0E,MB,91.0,45.0
R0E,MB,91.0,80.0
R0E,MB,93.0,88.0
R0E,MB,91.0,92.0
R0E,MB,82.0,122.0
R0E,MB,91.0,148.0
R0E,MB,97.0,165.0
R0E,MB,91.0,172.0
R0E,MB,91.0,250.0
R0C,MB,99.0,176.0
R0E,MB,60.0,61.0
R0E,MB,91.0,81.0
R0E,MB,91.0,93.0
R0E,MB,92.0,150.0
R0E,MB,91.0,162.0
R0C,MB,100.0,7.5
R0C,MB,90.0,7.5
R0C,MB,92.0,38.0
R0C,MB,91.0,103.0
R0C,MB,98.0,175.0
R0C,MB,97.0,214.0
R0C,MB,185.0,241.0
R0C,MB,138.0,242.0
R0C,MB,90.0,433.0
R0C,MB,92.0,238.0
R0C,MB,91.0,7.5
R0C,MB,91.0,26.0
R0C,MB,91.0,7.5
R0E,MB,98.0,20.0
R0E,MB,96.0,35.0
R0E,MB,92.0,88.0
R0C,MB,107.0,109.0
R1A,MB,93.0,20.0
R1A,MB,99.0,152.0
R1A,MB,93.0,177.0
R1A,MB,92.0,546.0
R0C,MB,90.0,57.0
R0C,MB,140.0,87.0
R0H,MB,91.0,96.0
R0C,MB,93.0,156.0
R0C,MB,91.0,43.0
R0C,MB,99.0,17.0
R0C,MB,93.0,28.0
R0C,MB,91.0,7.5
R0C,MB,91.0,57.0
R0C,MB,111.0,109.0
R0C,MB,100.0,172.0
R0C,MB,96.0,207.0
R0H,MB,91.0,133.0
R0H,MB,91.0,304.0
R1A,MB,90.0,32.0
R1A,MB,91.0,70.0
R1A,MB,92.0,89.0
R1A,MB,90.0,96.0
R1A,MB,91.0,113.0
R1A,MB,89.0,114.0
R1A,MB,90.0,123.0
R1A,MB,94.0,130.0
R1A,MB,128.0,136.0
R1A,MB,94.0,173.0
R1A,MB,99.0,237.0
R1A,MB,91.0,243.0
R1A,MB,95.0,263.0
R1A,MB,98.0,368.0
R1A,MB,102.0,114.0
R1A,MB,107.0,194.0
R1A,MB,103.0,337.0
R0C,MB,91.0,32.0
R0C,MB,103.0,39.0
R0C,MB,99.0,73.0
R0C,MB,89.0,83.0
R0C,MB,93.0,91.0
R0C,MB,98.0,101.0
R0C,MB,91.0,113.0
R0C,MB,91.0,156.0
R0C,MB,91.0,171.0
R0C,MB,91.0,202.0
R0C,MB,90.0,218.0
R0C,MB,91.0,253.0
R0C,MB,92.0,259.0
R0C,MB,98.0,335.0
R0C,MB,91.0,399.0
R0C,MB,94.0,494.0
R0C,MB,91.0,545.0
R0C,MB,91.0,75.0
R0C,MB,94.0,149.0
R0C,MB,91.0,268.0
R0C,MB,92.0,22.0
R0C,MB,87.0,35.0
R0C,MB,126.0,89.0
R0C,MB,91.0,115.0
R0C,MB,92.0,223.0
R0C,MB,90.0,284.0
R0C,MB,91.0,7.5
R0C,MB,98.0,42.0
R0C,MB,92.0,261.0
R0C,MB,91.0,271.0
R0C,MB,118.0,280.0
R0C,MB,91.0,18.0
R0C,MB,94.0,25.0
R0C,MB,90.0,42.0
R0C,MB,92.0,57.0
R0C,MB,91.0,109.0
R0C,MB,92.0,19.0
R0C,MB,90.0,25.0
R0C,MB,91.0,29.0
R0G,MB,91.0,79.0
R0G,MB,96.0,156.0
R0G,MB,91.0,236.0
R0G,MB,129.0,435.0
R0G,MB,93.0,973.0
R0G,MB,90.0,7.5
R0G,MB,92.0,80.0
R0G,MB,91.0,113.0
R0G,MB,91.0,126.0
R0G,MB,91.0,270.0
R4K,MB,91.0,82.0
R4K,MB,92.0,163.0
R0K,MB,92.0,138.0
R0K,MB,93.0,340.0
R0G,MB,92.0,297.0
R0H,MB,90.0,346.0
R0G,MB,94.0,92.0
R0G,MB,95.0,224.0
R0G,MB,91.0,293.0
R0J,MB,91.0,38.0
R0J,MB,126.0,96.0
R0G,MB,91.0,7.5
R0G,MB,94.0,27.0
R0G,MB,98.0,151.0
R0G,MB,93.0,177.0
R0G,MB,91.0,1583.0
R0G,MB,98.0,19.0
R0G,MB,91.0,66.0
R0G,MB,91.0,83.0
R0G,MB,92.0,98.0
R0G,MB,112.0,130.0
R0G,MB,105.0,171.0
R0G,MB,90.0,431.0
R0H,MB,100.0,213.0
R0H,MB,98.0,23.0
R0H,MB,102.0,125.0
R0H,MB,93.0,138.0
R0G,MB,96.0,67.0
R0G,MB,100.0,128.0
R0G,MB,90.0,300.0
R0G,MB,90.0,405.0
R6M,MB,91.0,28.0
R6M,MB,92.0,66.0
R6M,MB,91.0,96.0
R6M,MB,91.0,237.0
R6M,MB,91.0,241.0
R6M,MB,91.0,293.0
R6M,MB,91.0,408.0
R6M,MB,94.0,570.0
R6M,MB,90.0,614.0
R6M,MB,94.0,625.0
R6M,MB,92.0,810.0
R6M,MB,92.0,992.0
R6M,MB,92.0,1226.0
R0G,MB,91.0,245.0
R0G,MB,91.0,43.0
R0G,MB,91.0,73.0
R0G,MB,130.0,629.0
R0G,MB,92.0,503.0
R0J,MB,92.0,24.0
R1N,MB,99.0,38.0
R1N,MB,91.0,56.0
R1N,MB,100.0,70.0
R1N,MB,95.0,74.0
R1N,MB,92.0,92.0
R1N,MB,90.0,101.0
R1N,MB,106.0,123.0
R1N,MB,105.0,128.0
R1N,MB,91.0,128.0
R1N,MB,91.0,131.0
R1N,MB,90.0,137.0
R1N,MB,148.0,155.0
R1N,MB,104.0,160.0
R1N,MB,90.0,193.0
R1N,MB,101.0,212.0
R1N,MB,91.0,224.0
R1N,MB,64.0,261.0
R1N,MB,91.0,263.0
R1N,MB,90.0,268.0
R1N,MB,96.0,271.0
R1N,MB,91.0,305.0
R1N,MB,91.0,351.0
R1N,MB,91.0,353.0
R1N,MB,108.0,359.0
R1N,MB,95.0,362.0
R1N,MB,90.0,405.0
R6W,MB,92.0,457.0
R0G,MB,96.0,144.0
R0G,MB,90.0,216.0
R0G,MB,90.0,144.0
R0G,MB,92.0,154.0
R0G,MB,92.0,155.0
R0G,MB,93.0,118.0
R0G,MB,91.0,286.0
R0H,MB,92.0,17.0
R0H,MB,105.0,17.0
R0G,MB,89.0,27.0
*,MB,91.0,73.0
R0G,MB,96.0,360.0
R0G,MB,91.0,138.0
R0G,MB,90.0,98.0
R0G,MB,97.0,325.0
R0G,MB,93.0,400.0
R0G,MB,92.0,105.0
R6W,MB,101.0,165.0
R6W,MB,90.0,182.0
R6W,MB,97.0,205.0
R0H,MB,92.0,68.0
R0J,MB,93.0,19.0
R0J,MB,90.0,104.0
R0J,MB,93.0,70.0
R0J,MB,104.0,387.0
R0J,MB,91.0,518.0
R0K,MB,90.0,145.0
R0J,MB,113.0,306.0
R0J,MB,91.0,196.0
R0M,MB,92.0,182.0
R0M,MB,92.0,214.0
R0M,MB,90.0,331.0
R0K,MB,92.0,141.0
R0K,MB,91.0,175.0
R0K,MB,90.0,177.0
R0K,MB,91.0,231.0
R0K,MB,91.0,364.0
R0K,MB,96.0,370.0
R0K,MB,94.0,166.0
R0K,MB,92.0,217.0
R0M,MB,141.0,16.0
R0M,MB,135.0,92.0
R0K,MB,108.0,81.0
R0K,MB,92.0,281.0
R0M,MB,93.0,31.0
R0M,MB,91.0,74.0
R0M,MB,92.0,208.0
R0M,MB,92.0,219.0
R0M,MB,91.0,251.0
R0K,MB,91.0,191.0
R0M,MB,93.0,64.0
R0J,MB,90.0,68.0
R0J,MB,91.0,353.0
R0J,MB,92.0,113.0
R0J,MB,91.0,136.0
R0K,MB,92.0,94.0
R0K,MB,97.0,132.0
R0K,MB,91.0,250.0
R0J,MB,91.0,7.5
R0J,MB,90.0,63.0
R0M,MB,92.0,77.0
R0M,MB,91.0,89.0
R0M,MB,98.0,119.0
R0M,MB,97.0,167.0
R0G,MB,90.0,600.0
R0J,MB,92.0,103.0
R0J,MB,91.0,270.0
R0M,MB,92.0,60.0
R0M,MB,100.0,66.0
R0K,MB,96.0,114.0
R0K,MB,90.0,181.0
R0K,MB,103.0,293.0
R0K,MB,90.0,295.0
R0K,MB,91.0,335.0
R0K,MB,94.0,525.0
R0M,MB,99.0,146.0
R0M,MB,101.0,277.0
R0M,MB,90.0,83.0
R0J,MB,98.0,7.5
R0J,MB,92.0,7.5
R0J,MB,92.0,36.0
R0J,MB,91.0,75.0
R0J,MB,91.0,90.0
R0J,MB,94.0,128.0
R0J,MB,136.0,371.0
R0J,MB,94.0,411.0
R0J,MB,100.0,444.0
R0J,MB,93.0,1076.0
R0J,MB,92.0,7.5
R0J,MB,102.0,126.0
R0J,MB,95.0,155.0
R0J,MB,91.0,252.0
R0J,MB,92.0,270.0
R0K,MB,101.0,134.0
R0M,MB,91.0,7.5
R0M,MB,99.0,18.0
R0M,MB,96.0,86.0
R0M,MB,98.0,92.0
R0M,MB,92.0,102.0
R0J,MB,91.0,129.0
R0J,MB,112.0,367.0
R0K,MB,90.0,105.0
R0K,MB,91.0,109.0
R0K,MB,96.0,1254.0
R0M,MB,92.0,100.0
R0M,MB,98.0,137.0
R0J,MB,91.0,287.0
R0J,MB,92.0,43.0
R0J,MB,98.0,170.0
R0J,MB,92.0,369.0
R0J,MB,90.0,378.0
R0J,MB,91.0,72.0
R0J,MB,93.0,133.0
R0J,MB,94.0,187.0
R0J,MB,91.0,112.0
R0J,MB,99.0,336.0
R0J,MB,96.0,340.0
R0M,MB,91.0,21.0
R0M,MB,92.0,34.0
R0K,MB,91.0,274.0
R0M,MB,91.0,398.0
R0G,MB,91.0,119.0
R0G,MB,89.0,143.0
R0M,MB,92.0,46.0
R0M,MB,91.0,57.0
R0M,MB,90.0,65.0
R0M,MB,94.0,82.0
R0M,MB,92.0,85.0
R0M,MB,91.0,115.0
R0M,MB,92.0,129.0
R0M,MB,90.0,413.0
R0L,MB,99.0,869.0
R0L,MB,91.0,85.0
R0L,MB,98.0,122.0
R0L,MB,92.0,93.0
R0L,MB,97.0,110.0
R0L,MB,92.0,134.0
R0M,MB,90.0,199.0
R0L,MB,92.0,37.0
R0L,MB,123.0,147.0
R0L,MB,61.0,387.0
R0L,MB,120.0,7.5
R0L,MB,122.0,115.0
R0L,MB,90.0,129.0
R0L,MB,91.0,570.0
R7N,MB,91.0,7.5
R7N,MB,91.0,27.0
R7N,MB,91.0,32.0
R7N,MB,91.0,66.0
R7N,MB,126.0,96.0
R7N,MB,92.0,100.0
R7N,MB,90.0,115.0
R7N,MB,89.0,116.0
R7N,MB,91.0,180.0
R7N,MB,91.0,203.0
R7N,MB,91.0,207.0
R7N,MB,108.0,212.0
R7N,MB,97.0,270.0
R7N,MB,92.0,272.0
R7N,MB,91.0,281.0
R7N,MB,91.0,281.0
R7N,MB,92.0,290.0
R7N,MB,120.0,322.0
R7N,MB,95.0,368.0
R7N,MB,91.0,417.0
R7N,MB,91.0,530.0
R7N,MB,90.0,578.0
R7N,MB,93.0,597.0
R7N,MB,91.0,619.0
R7N,MB,92.0,623.0
R7N,MB,91.0,711.0
R7N,MB,93.0,730.0
R7N,MB,100.0,819.0
R7N,MB,92.0,838.0
R7N,MB,91.0,1060.0
R7N,MB,97.0,1175.0
R7N,MB,91.0,1903.0
R0L,MB,180.0,34.0
R0L,MB,92.0,378.0
R0L,MB,91.0,43.0
R0L,MB,90.0,26.0
R0L,MB,91.0,63.0
R0L,MB,92.0,113.0
R0L,MB,91.0,62.0
R0L,MB,90.0,85.0
R0L,MB,90.0,421.0
R0L,MB,91.0,467.0
R0L,MB,93.0,468.0
R0L,MB,96.0,33.0
R0L,MB,99.0,185.0
R0L,MB,92.0,244.0
R0L,MB,100.0,324.0
R0L,MB,91.0,483.0
R0L,MB,92.0,853.0
R0L,MB,92.0,250.0
R0L,MB,93.0,299.0
R0J,MB,93.0,63.0
R0J,MB,92.0,76.0
R0J,MB,91.0,97.0
R0J,MB,91.0,702.0
R0L,MB,97.0,56.0
R0L,MB,90.0,267.0
R0L,MB,90.0,77.0
R0L,MB,91.0,109.0
R0L,MB,107.0,80.0
R0L,MB,97.0,96.0
R0L,MB,105.0,165.0
R0L,MB,95.0,180.0
R0L,MB,92.0,359.0
R0L,MB,92.0,392.0
R0L,MB,104.0,915.0
R0L,MB,94.0,109.0
R0L,MB,97.0,68.0
R0L,MB,92.0,103.0
R0L,MB,90.0,30.0
R0L,MB,91.0,42.0
R0L,MB,92.0,44.0
R0L,MB,97.0,66.0
R0L,MB,93.0,414.0
R0L,MB,91.0,7.5
R0L,MB,69.0,30.0
R0L,MB,91.0,38.0
R0L,MB,95.0,75.0
R0L,MB,90.0,88.0
R0L,MB,92.0,89.0
R0L,MB,82.0,91.0
R0L,MB,95.0,99.0
R0L,MB,99.0,115.0
R0L,MB,90.0,118.0
R0L,MB,95.0,144.0
R0L,MB,92.0,156.0
R0L,MB,115.0,176.0
R0L,MB,91.0,177.0
R0L,MB,93.0,205.0
R0L,MB,93.0,207.0
R0L,MB,91.0,210.0
R0L,MB,61.0,212.0
R0L,MB,92.0,232.0
R0L,MB,91.0,237.0
R0L,MB,91.0,312.0
R0L,MB,94.0,354.0
R0L,MB,94.0,379.0
R0L,MB,120.0,411.0
R0L,MB,92.0,643.0
R0L,MB,94.0,33.0
R0L,MB,92.0,7.5
R0L,MB,92.0,7.5
R0L,MB,91.0,17.0
R0L,MB,91.0,61.0
R0L,MB,98.0,125.0
R0L,MB,93.0,148.0
R0L,MB,92.0,54.0
R0L,MB,92.0,67.0
R0B,MB,91.0,41.0
R0B,MB,91.0,16.0
R0B,MB,93.0,21.0
R0B,MB,92.0,26.0
R0B,MB,91.0,27.0
R0B,MB,92.0,82.0
R0B,MB,97.0,7.5
R0B,MB,92.0,7.5
R0B,MB,93.0,16.0
R0B,MB,90.0,18.0
R0B,MB,90.0,23.0
R0B,MB,119.0,26.0
R0B,MB,91.0,27.0
R0B,MB,91.0,39.0
R0B,MB,90.0,43.0
R0B,MB,91.0,52.0
R0B,MB,98.0,54.0
R0B,MB,101.0,55.0
R0B,MB,90.0,57.0
R0B,MB,97.0,93.0
R0B,MB,92.0,101.0
R0B,MB,101.0,110.0
R0B,MB,94.0,126.0
R0B,MB,91.0,127.0
R0B,MB,97.0,129.0
R0B,MB,88.0,132.0
R0B,MB,90.0,185.0
R0B,MB,90.0,199.0
R0B,MB,98.0,216.0
R0B,MB,93.0,226.0
R8A,MB,91.0,7.5
R8A,MB,90.0,7.5
R8A,MB,91.0,7.5
R8A,MB,93.0,7.5
R8A,MB,93.0,7.5
R8A,MB,91.0,7.5
R8A,MB,97.0,7.5
R8A,MB,95.0,7.5
R8A,MB,93.0,7.5
R8A,MB,131.0,7.5
R8A,MB,92.0,7.5
R8A,MB,95.0,7.5
R8A,MB,93.0,7.5
R8A,MB,95.0,7.5
R8A,MB,97.0,17.0
R8A,MB,93.0,18.0
R8A,MB,90.0,18.0
R8A,MB,92.0,18.0
R8A,MB,102.0,21.0
R8A,MB,91.0,22.0
R8A,MB,90.0,22.0
R8A,MB,91.0,22.0
R8A,MB,92.0,23.0
R8A,MB,91.0,23.0
R8A,MB,91.0,27.0
R8A,MB,96.0,27.0
R8A,MB,92.0,27.0
R8A,MB,97.0,29.0
R8A,MB,91.0,33.0
R8A,MB,91.0,33.0
R8A,MB,92.0,35.0
R8A,MB,92.0,36.0
R8A,MB,101.0,36.0
R8A,MB,96.0,38.0
R8A,MB,202.0,39.0
R8A,MB,96.0,39.0
R8A,MB,91.0,41.0
R8A,MB,91.0,43.0
R8A,MB,91.0,43.0
R8A,MB,97.0,54.0
R8A,MB,91.0,58.0
R8A,MB,90.0,60.0
R8A,MB,91.0,71.0
R8A,MB,88.0,73.0
R8A,MB,92.0,80.0
R8A,MB,92.0,80.0
R8A,MB,91.0,80.0
R8A,MB,91.0,84.0
R8A,MB,92.0,86.0
R8A,MB,102.0,87.0
R8A,MB,100.0,89.0
R8A,MB,93.0,91.0
R8A,MB,90.0,92.0
R8A,MB,92.0,96.0
R8A,MB,92.0,102.0
R8A,MB,93.0,108.0
R8A,MB,92.0,109.0
R8A,MB,89.0,109.0
R8A,MB,91.0,111.0
R8A,MB,96.0,122.0
R8A,MB,103.0,129.0
R8A,MB,91.0,132.0
R8A,MB,93.0,133.0
R8A,MB,91.0,136.0
R8A,MB,96.0,145.0
R8A,MB,93.0,147.0
R8A,MB,93.0,150.0
R8A,MB,93.0,152.0
R8A,MB,92.0,159.0
R8A,MB,91.0,184.0
R8A,MB,92.0,189.0
R8A,MB,93.0,201.0
R8A,MB,93.0,206.0
R8A,MB,96.0,239.0
R8A,MB,90.0,333.0
R8A,MB,95.0,382.0
R0C,MB,124.0,7.5
R0C,MB,90.0,7.5
R0C,MB,96.0,25.0
R0B,MB,89.0,7.5
R0B,MB,95.0,21.0
R0B,MB,101.0,23.0
R0B,MB,91.0,27.0
R0B,MB,91.0,33.0
R0B,MB,92.0,69.0
R0B,MB,95.0,72.0
R0B,MB,90.0,81.0
R0B,MB,90.0,96.0
R0B,MB,91.0,102.0
R0B,MB,92.0,111.0
R0B,MB,92.0,120.0
R0B,MB,91.0,130.0
R0B,MB,96.0,191.0
R0B,MB,89.0,199.0
R0B,MB,92.0,216.0
R0B,MB,95.0,276.0
R0B,MB,92.0,295.0
R0B,MB,107.0,313.0
R0B,MB,118.0,336.0
R0B,MB,90.0,389.0
R0B,MB,90.0,539.0
R0B,MB,95.0,725.0
R9A,MB,91.0,7.5
R9A,MB,91.0,7.5
R9A,MB,94.0,20.0
R9A,MB,91.0,21.0
R9A,MB,90.0,22.0
R9A,MB,60.0,23.0
R9A,MB,92.0,23.0
R9A,MB,94.0,23.0
R9A,MB,91.0,24.0
R9A,MB,97.0,28.0
R9A,MB,109.0,31.0
R9A,MB,97.0,32.0
R9A,MB,91.0,32.0
R9A,MB,98.0,33.0
R9A,MB,92.0,34.0
R9A,MB,92.0,37.0
R9A,MB,93.0,39.0
R9A,MB,94.0,39.0
R9A,MB,91.0,43.0
R9A,MB,101.0,48.0
R9A,MB,91.0,54.0
R9A,MB,101.0,55.0
R9A,MB,91.0,61.0
R9A,MB,92.0,68.0
R9A,MB,97.0,70.0
R9A,MB,90.0,73.0
R9A,MB,91.0,73.0
R9A,MB,91.0,77.0
R9A,MB,96.0,77.0
R9A,MB,90.0,78.0
R9A,MB,92.0,83.0
R9A,MB,100.0,84.0
R9A,MB,91.0,84.0
R9A,MB,93.0,85.0
R9A,MB,98.0,88.0
R9A,MB,93.0,89.0
R9A,MB,91.0,94.0
R9A,MB,91.0,99.0
R9A,MB,93.0,100.0
R9A,MB,97.0,101.0
R9A,MB,92.0,105.0
R9A,MB,91.0,105.0
R9A,MB,93.0,106.0
R9A,MB,90.0,108.0
R9A,MB,113.0,110.0
R9A,MB,90.0,115.0
R9A,MB,90.0,117.0
R9A,MB,91.0,117.0
R9A,MB,99.0,121.0
R9A,MB,93.0,121.0
R9A,MB,91.0,122.0
R9A,MB,91.0,125.0
R9A,MB,92.0,131.0
R9A,MB,93.0,133.0
R9A,MB,90.0,134.0
R9A,MB,91.0,136.0
R9A,MB,92.0,141.0
R9A,MB,91.0,150.0
R9A,MB,90.0,159.0
R9A,MB,91.0,163.0
R9A,MB,91.0,168.0
R9A,MB,98.0,177.0
R9A,MB,122.0,187.0
R9A,MB,199.0,195.0
R9A,MB,91.0,195.0
R9A,MB,93.0,221.0
R9A,MB,90.0,223.0
R9A,MB,96.0,226.0
R9A,MB,91.0,232.0
R9A,MB,92.0,245.0
R9A,MB,124.0,271.0
R9A,MB,92.0,282.0
R9A,MB,92.0,295.0
R9A,MB,93.0,523.0
R0B,MB,91.0,7.5
R0B,MB,91.0,16.0
R0B,MB,90.0,36.0
R0B,MB,92.0,88.0
R0B,MB,91.0,253.0
R0B,MB,120.0,469.0
R0B,MB,105.0,7.5
R0B,MB,97.0,7.5
R0B,MB,94.0,7.5
R0B,MB,93.0,7.5
R0B,MB,91.0,7.5
R0B,MB,62.0,7.5
R0B,MB,65.0,25.0
R0B,MB,112.0,123.0
R0B,MB,122.0,50.0
R0B,MB,90.0,155.0
R0B,MB,90.0,380.0
R0B,MB,91.0,572.0
R0B,MB,94.0,1122.0
R0B,MB,90.0,7.5
R0B,MB,92.0,19.0
R0B,MB,91.0,20.0
R0B,MB,90.0,20.0
R0B,MB,92.0,22.0
R0B,MB,92.0,59.0
R0B,MB,90.0,69.0
R0B,MB,98.0,143.0
R0B,MB,94.0,182.0
R0B,MB,99.0,7.5
R8N,MB,91.0,7.5
R8N,MB,93.0,7.5
R8N,MB,93.0,7.5
R8N,MB,90.0,7.5
R8N,MB,91.0,7.5
R8N,MB,91.0,7.5
R8N,MB,98.0,7.5
R8N,MB,91.0,7.5
R8N,MB,98.0,7.5
R8N,MB,91.0,7.5
R8N,MB,102.0,7.5
R8N,MB,93.0,7.5
R8N,MB,97.0,15.0
R8N,MB,92.0,16.0
R8N,MB,92.0,16.0
R8N,MB,96.0,17.0
R8N,MB,90.0,17.0
R8N,MB,104.0,17.0
R8N,MB,95.0,18.0
R8N,MB,93.0,18.0
R8N,MB,91.0,19.0
R8N,MB,98.0,19.0
R8N,MB,95.0,21.0
R8N,MB,93.0,21.0
R8N,MB,93.0,21.0
R8N,MB,90.0,21.0
R8N,MB,115.0,22.0
R8N,MB,92.0,22.0
R8N,MB,107.0,22.0
R8N,MB,92.0,23.0
R8N,MB,88.0,23.0
R8N,MB,93.0,23.0
R8N,MB,109.0,23.0
R8N,MB,118.0,24.0
R8N,MB,90.0,24.0
R8N,MB,97.0,24.0
R8N,MB,98.0,26.0
R8N,MB,104.0,26.0
R8N,MB,120.0,26.0
R8N,MB,93.0,26.0
R8N,MB,125.0,26.0
R8N,MB,129.0,26.0
R8N,MB,92.0,27.0
R8N,MB,91.0,29.0
R8N,MB,96.0,29.0
R8N,MB,92.0,30.0
R8N,MB,92.0,30.0
R8N,MB,217.0,30.0
R8N,MB,90.0,30.0
R8N,MB,90.0,31.0
R8N,MB,91.0,32.0
R8N,MB,96.0,32.0
R8N,MB,92.0,33.0
R8N,MB,92.0,34.0
R8N,MB,91.0,34.0
R8N,MB,98.0,34.0
R8N,MB,90.0,34.0
R8N,MB,91.0,34.0
R8N,MB,92.0,35.0
R8N,MB,94.0,36.0
R8N,MB,108.0,36.0
R8N,MB,94.0,36.0
R8N,MB,59.0,36.0
R8N,MB,92.0,37.0
R8N,MB,93.0,37.0
R8N,MB,95.0,38.0
R8N,MB,95.0,38.0
R8N,MB,93.0,38.0
R8N,MB,96.0,38.0
R8N,MB,94.0,39.0
R8N,MB,118.0,45.0
R8N,MB,91.0,45.0
R8N,MB,90.0,46.0
R8N,MB,93.0,48.0
R8N,MB,104.0,58.0
R8N,MB,92.0,60.0
R8N,MB,97.0,63.0
R8N,MB,91.0,63.0
R8N,MB,96.0,63.0
R8N,MB,96.0,63.0
R8N,MB,127.0,64.0
R8N,MB,91.0,65.0
R8N,MB,92.0,66.0
R8N,MB,87.0,66.0
R8N,MB,126.0,67.0
R8N,MB,91.0,67.0
R8N,MB,130.0,69.0
R8N,MB,91.0,72.0
R8N,MB,102.0,72.0
R8N,MB,113.0,73.0
R8N,MB,93.0,73.0
R8N,MB,99.0,75.0
R8N,MB,90.0,77.0
R8N,MB,113.0,79.0
R8N,MB,96.0,86.0
R8N,MB,95.0,87.0
R8N,MB,92.0,89.0
R8N,MB,90.0,91.0
R8N,MB,96.0,95.0
R8N,MB,92.0,96.0
R8N,MB,101.0,98.0
R8N,MB,93.0,102.0
R8N,MB,96.0,102.0
R8N,MB,96.0,120.0
R8N,MB,107.0,124.0
R8N,MB,95.0,126.0
R8N,MB,100.0,134.0
R8N,MB,91.0,139.0
R8N,MB,92.0,141.0
R8N,MB,106.0,142.0
R8N,MB,93.0,149.0
R8N,MB,90.0,154.0
R8N,MB,90.0,161.0
R8N,MB,99.0,162.0
R8N,MB,91.0,177.0
R8N,MB,125.0,184.0
R8N,MB,92.0,189.0
R8N,MB,90.0,198.0
R8N,MB,91.0,204.0
R8N,MB,106.0,215.0
R8N,MB,93.0,215.0
R8N,MB,94.0,229.0
R8N,MB,95.0,307.0
R8N,MB,94.0,327.0
R8N,MB,95.0,413.0
R8N,MB,94.0,420.0
R8N,MB,96.0,479.0
R0B,MB,92.0,58.0
R0B,MB,150.0,192.0
S0C,SK,91.0,34.0
S0C,SK,103.0,88.0
S0C,SK,101.0,110.0
S0C,SK,93.0,180.0
S0C,SK,35.0,56.0
S0C,SK,90.0,97.0
S0C,SK,95.0,20.0
S0C,SK,92.0,66.0
S0C,SK,91.0,83.0
S0C,SK,90.0,257.0
S0C,SK,91.0,319.0
S0C,SK,91.0,44.0
S0C,SK,92.0,7.5
S0C,SK,89.0,114.0
S0C,SK,92.0,116.0
S0C,SK,91.0,307.0
S0C,SK,92.0,87.0
S0C,SK,94.0,30.0
S0C,SK,91.0,54.0
S0C,SK,170.0,122.0
S0C,SK,93.0,153.0
S0C,SK,90.0,100.0
S0H,SK,94.0,7.5
S0H,SK,92.0,60.0
S0H,SK,92.0,104.0
S0H,SK,97.0,105.0
S0H,SK,92.0,119.0
S0H,SK,93.0,167.0
S0H,SK,94.0,279.0
S0H,SK,93.0,354.0
S0G,SK,90.0,38.0
S4A,SK,92.0,7.5
S4A,SK,92.0,24.0
S4A,SK,92.0,44.0
S4A,SK,90.0,56.0
S4A,SK,120.0,79.0
S4A,SK,105.0,81.0
S4A,SK,119.0,81.0
S4A,SK,90.0,84.0
S4A,SK,97.0,116.0
S4A,SK,91.0,138.0
S4A,SK,118.0,148.0
S4A,SK,90.0,148.0
S4A,SK,92.0,167.0
S4A,SK,92.0,175.0
S4A,SK,98.0,275.0
S0G,SK,91.0,298.0
S0G,SK,92.0,76.0
S0G,SK,91.0,213.0
S0C,SK,95.0,42.0
S0C,SK,91.0,17.0
S0C,SK,94.0,60.0
S0C,SK,93.0,194.0
S0C,SK,109.0,417.0
S0C,SK,91.0,60.0
S0C,SK,90.0,17.0
S0C,SK,93.0,98.0
S0C,SK,104.0,186.0
S0G,SK,91.0,36.0
S0G,SK,91.0,38.0
S0G,SK,91.0,67.0
S0C,SK,93.0,75.0
S0C,SK,90.0,80.0
S0C,SK,91.0,146.0
S0C,SK,91.0,251.0
S0G,SK,92.0,27.0
S0G,SK,100.0,57.0
S0C,SK,91.0,60.0
S0C,SK,91.0,81.0
S0C,SK,95.0,123.0
S0C,SK,91.0,141.0
S0C,SK,93.0,219.0
S0C,SK,99.0,88.0
S0C,SK,106.0,93.0
S0C,SK,92.0,138.0
S0C,SK,98.0,163.0
S0C,SK,91.0,134.0
S0C,SK,94.0,36.0
S0C,SK,90.0,38.0
S0C,SK,95.0,135.0
S0C,SK,92.0,283.0
S0C,SK,96.0,160.0
S0C,SK,103.0,30.0
S0G,SK,91.0,79.0
S0G,SK,91.0,124.0
S0G,SK,145.0,132.0
S0G,SK,92.0,270.0
S0C,SK,91.0,71.0
S0C,SK,93.0,121.0
S0C,SK,92.0,149.0
S0G,SK,91.0,164.0
S4H,SK,91.0,22.0
S4H,SK,96.0,23.0
S4H,SK,95.0,31.0
S4H,SK,101.0,31.0
S4H,SK,94.0,44.0
S4H,SK,91.0,49.0
S4H,SK,110.0,51.0
S4H,SK,93.0,63.0
S4H,SK,102.0,68.0
S4H,SK,90.0,80.0
S4H,SK,90.0,82.0
S4H,SK,91.0,85.0
S4H,SK,91.0,88.0
S4H,SK,89.0,97.0
S4H,SK,91.0,101.0
S4H,SK,91.0,107.0
S4H,SK,98.0,107.0
S4H,SK,98.0,127.0
S4H,SK,93.0,143.0
S4H,SK,93.0,144.0
S4H,SK,92.0,200.0
S4H,SK,95.0,210.0
S4H,SK,85.0,221.0
S4H,SK,91.0,393.0
S0G,SK,93.0,108.0
S0H,SK,94.0,24.0
S0H,SK,90.0,25.0
S0H,SK,92.0,33.0
S0H,SK,98.0,64.0
S0H,SK,81.0,84.0
S0H,SK,88.0,90.0
S0H,SK,98.0,103.0
S0H,SK,101.0,136.0
S0H,SK,92.0,143.0
S0H,SK,90.0,170.0
S0H,SK,89.0,199.0
S0H,SK,91.0,239.0
S0H,SK,90.0,246.0
S0H,SK,94.0,260.0
S0H,SK,96.0,295.0
S0H,SK,92.0,55.0
S0H,SK,89.0,69.0
S0H,SK,91.0,76.0
S0H,SK,82.0,131.0
S0H,SK,91.0,41.0
S0H,SK,91.0,132.0
S0H,SK,98.0,188.0
S0G,SK,90.0,96.0
S0H,SK,95.0,214.0
S0H,SK,91.0,7.5
S0H,SK,92.0,31.0
S0H,SK,92.0,124.0
S0H,SK,93.0,143.0
S0H,SK,92.0,28.0
S0H,SK,90.0,69.0
S0H,SK,92.0,105.0
S0H,SK,93.0,123.0
S0H,SK,101.0,152.0
S0H,SK,102.0,66.0
S0H,SK,91.0,1062.0
S0H,SK,101.0,191.0
S6H,SK,91.0,7.5
S6H,SK,93.0,7.5
S6H,SK,95.0,15.0
S6H,SK,91.0,24.0
S6H,SK,129.0,27.0
S6H,SK,103.0,27.0
S6H,SK,98.0,29.0
S6H,SK,91.0,30.0
S6H,SK,90.0,34.0
S6H,SK,103.0,38.0
S6H,SK,91.0,39.0
S6H,SK,91.0,43.0
S6H,SK,91.0,45.0
S6H,SK,90.0,52.0
S6H,SK,90.0,60.0
S6H,SK,94.0,62.0
S6H,SK,91.0,63.0
S6H,SK,92.0,65.0
S6H,SK,93.0,70.0
S6H,SK,91.0,70.0
S6H,SK,91.0,71.0
S6H,SK,90.0,77.0
S6H,SK,91.0,81.0
S6H,SK,90.0,87.0
S6H,SK,96.0,93.0
S6H,SK,105.0,94.0
S6H,SK,191.0,94.0
S6H,SK,101.0,96.0
S6H,SK,124.0,97.0
S6H,SK,92.0,97.0
S6H,SK,91.0,98.0
S6H,SK,92.0,100.0
S6H,SK,105.0,102.0
S6H,SK,103.0,106.0
S6H,SK,91.0,109.0
S6H,SK,103.0,112.0
S6H,SK,92.0,114.0
S6H,SK,96.0,117.0
S6H,SK,107.0,121.0
S6H,SK,92.0,121.0
S6H,SK,91.0,121.0
S6H,SK,91.0,122.0
S6H,SK,107.0,135.0
S6H,SK,90.0,151.0
S6H,SK,91.0,174.0
S6H,SK,90.0,176.0
S6H,SK,91.0,194.0
S6H,SK,92.0,194.0
S6H,SK,93.0,202.0
S6H,SK,92.0,209.0
S6H,SK,104.0,215.0
S6H,SK,62.0,276.0
S6H,SK,92.0,286.0
S6J,SK,91.0,7.5
S6J,SK,91.0,41.0
S6J,SK,92.0,73.0
S6J,SK,90.0,73.0
S6J,SK,116.0,79.0
S6J,SK,91.0,112.0
S6J,SK,92.0,118.0
S6J,SK,92.0,127.0
S6J,SK,92.0,135.0
S6J,SK,90.0,180.0
S0H,SK,90.0,96.0
S0H,SK,91.0,37.0
S0H,SK,88.0,101.0
S0H,SK,98.0,141.0
S0H,SK,111.0,150.0
S0H,SK,100.0,19.0
S0H,SK,92.0,118.0
S0H,SK,92.0,163.0
S0H,SK,131.0,164.0
S0H,SK,90.0,194.0
S0H,SK,91.0,296.0
S0H,SK,91.0,294.0
S0H,SK,90.0,71.0
S0H,SK,122.0,57.0
S0H,SK,92.0,115.0
S0H,SK,91.0,122.0
S0H,SK,92.0,241.0
S0H,SK,98.0,405.0
S0H,SK,103.0,191.0
S0N,SK,94.0,146.0
S0N,SK,92.0,288.0
S0N,SK,90.0,110.0
S0N,SK,91.0,33.0
S0N,SK,90.0,137.0
S0N,SK,92.0,480.0
S0N,SK,91.0,101.0
S0N,SK,93.0,38.0
S0N,SK,128.0,138.0
S0N,SK,94.0,241.0
S0N,SK,102.0,99.0
S0N,SK,98.0,119.0
S0N,SK,90.0,131.0
S0N,SK,91.0,163.0
S0N,SK,94.0,358.0
S0N,SK,91.0,81.0
S0N,SK,92.0,42.0
S0N,SK,90.0,61.0
S0N,SK,94.0,22.0
S0N,SK,96.0,100.0
S0H,SK,91.0,218.0
S0H,SK,91.0,622.0
S0H,SK,91.0,61.0
S0N,SK,105.0,101.0
S0N,SK,98.0,121.0
S0N,SK,97.0,270.0
S0H,SK,101.0,54.0
S0H,SK,91.0,199.0
S0H,SK,91.0,224.0
S0N,SK,91.0,44.0
S0N,SK,91.0,55.0
S0N,SK,93.0,125.0
S0N,SK,92.0,156.0
S0N,SK,92.0,165.0
S0N,SK,92.0,180.0
S0N,SK,91.0,208.0
S0N,SK,91.0,213.0
S0N,SK,97.0,228.0
S0N,SK,91.0,301.0
S0N,SK,91.0,321.0
S0N,SK,99.0,208.0
S0N,SK,72.0,45.0
S0N,SK,91.0,147.0
S0N,SK,96.0,159.0
S0N,SK,133.0,427.0
S0N,SK,91.0,478.0
S0N,SK,115.0,74.0
S0N,SK,92.0,143.0
S0N,SK,93.0,31.0
S0N,SK,91.0,124.0
S0N,SK,92.0,24.0
S0N,SK,92.0,33.0
S0N,SK,89.0,54.0
S0N,SK,91.0,105.0
S0N,SK,91.0,145.0
S0N,SK,90.0,156.0
S0N,SK,91.0,158.0
S0N,SK,94.0,456.0
S0N,SK,91.0,43.0
S0N,SK,91.0,55.0
S0N,SK,95.0,73.0
S0N,SK,90.0,117.0
S0N,SK,104.0,149.0
S0N,SK,90.0,353.0
S9H,SK,91.0,7.5
S9H,SK,94.0,7.5
S9H,SK,116.0,17.0
S9H,SK,92.0,24.0
S9H,SK,91.0,35.0
S9H,SK,91.0,49.0
S9H,SK,91.0,63.0
S9H,SK,93.0,63.0
S9H,SK,91.0,68.0
S9H,SK,91.0,71.0
S9H,SK,114.0,81.0
S9H,SK,93.0,96.0
S9H,SK,97.0,102.0
S9H,SK,91.0,107.0
S9H,SK,96.0,110.0
S9H,SK,90.0,114.0
S9H,SK,102.0,117.0
S9H,SK,92.0,118.0
S9H,SK,91.0,127.0
S9H,SK,100.0,133.0
S9H,SK,127.0,135.0
S9H,SK,92.0,165.0
S9H,SK,90.0,171.0
S9H,SK,85.0,175.0
S9H,SK,91.0,185.0
S9H,SK,123.0,187.0
S9H,SK,91.0,188.0
S9H,SK,99.0,189.0
S9H,SK,93.0,210.0
S9H,SK,94.0,221.0
S9H,SK,90.0,222.0
S9H,SK,105.0,230.0
S9H,SK,91.0,398.0
S0N,SK,92.0,212.0
S0N,SK,115.0,50.0
S0N,SK,93.0,282.0
S0N,SK,91.0,530.0
S0N,SK,92.0,975.0
S0H,SK,92.0,90.0
S0N,SK,97.0,97.0
S0N,SK,98.0,173.0
S0N,SK,97.0,87.0
S0G,SK,125.0,55.0
S0G,SK,88.0,140.0
S0G,SK,91.0,67.0
S4L,SK,98.0,75.0
S0G,SK,91.0,126.0
S0G,SK,105.0,138.0
S0G,SK,91.0,346.0
S0G,SK,93.0,40.0
S0G,SK,89.0,94.0
S0G,SK,94.0,289.0
S0A,SK,99.0,29.0
S0A,SK,105.0,55.0
S0A,SK,96.0,122.0
S0A,SK,92.0,237.0
S0G,SK,130.0,106.0
S0A,SK,92.0,16.0
S0A,SK,92.0,55.0
S0G,SK,96.0,43.0
S0G,SK,91.0,225.0
S0G,SK,91.0,365.0
S0G,SK,96.0,453.0
S0G,SK,93.0,76.0
S0G,SK,95.0,143.0
S0G,SK,92.0,191.0
S0G,SK,158.0,80.0
S0G,SK,91.0,314.0
S0G,SK,90.0,904.0
S0G,SK,90.0,1718.0
S0A,SK,90.0,26.0
S0A,SK,91.0,29.0
S0A,SK,97.0,108.0
S4S,SK,95.0,78.0
S4N,SK,91.0,20.0
S4N,SK,90.0,28.0
S4N,SK,91.0,71.0
S4N,SK,91.0,104.0
S4N,SK,93.0,141.0
S4N,SK,92.0,142.0
S4N,SK,91.0,142.0
S4N,SK,95.0,218.0
S4N,SK,125.0,232.0
S4N,SK,91.0,262.0
S4N,SK,93.0,290.0
*,SK,92.0,63.0
S4R,SK,91.0,58.0
S4R,SK,95.0,65.0
S4R,SK,93.0,199.0
S4R,SK,92.0,237.0
S4R,SK,95.0,247.0
S4R,SK,111.0,264.0
S4S,SK,91.0,7.5
S4S,SK,98.0,22.0
S4S,SK,89.0,33.0
S4S,SK,97.0,67.0
S4S,SK,104.0,80.0
S4S,SK,93.0,99.0
S4S,SK,92.0,285.0
S4S,SK,91.0,943.0
S4T,SK,90.0,7.5
S4T,SK,137.0,19.0
S4T,SK,93.0,22.0
S4T,SK,94.0,24.0
S4T,SK,91.0,25.0
S4T,SK,91.0,28.0
S4T,SK,94.0,91.0
S4T,SK,90.0,139.0
S4T,SK,93.0,190.0
S4V,SK,91.0,21.0
S4V,SK,96.0,68.0
S4V,SK,96.0,96.0
S4V,SK,91.0,143.0
S4V,SK,95.0,156.0
S4X,SK,95.0,73.0
S4X,SK,102.0,92.0
S4X,SK,91.0,115.0
S4X,SK,91.0,137.0
S4X,SK,92.0,138.0
S4X,SK,94.0,200.0
S4X,SK,96.0,274.0
S0G,SK,90.0,201.0
S0A,SK,100.0,60.0
S0A,SK,91.0,112.0
S0A,SK,101.0,38.0
S0A,SK,127.0,49.0
S0A,SK,102.0,171.0
S0G,SK,99.0,29.0
S0G,SK,94.0,358.0
S4L,SK,97.0,113.0
S0G,SK,92.0,75.0
S0G,SK,91.0,268.0
S0G,SK,91.0,118.0
S0G,SK,95.0,1373.0
S0G,SK,92.0,55.0
S0G,SK,96.0,66.0
S0A,SK,96.0,40.0
S0A,SK,99.0,244.0
S0A,SK,91.0,66.0
S0A,SK,91.0,105.0
S0A,SK,103.0,39.0
S0A,SK,90.0,235.0
S0A,SK,94.0,301.0
S0A,SK,90.0,7.5
S0A,SK,91.0,29.0
S0A,SK,92.0,78.0
S0A,SK,91.0,232.0
S0A,SK,100.0,96.0
S0A,SK,91.0,38.0
S0A,SK,91.0,175.0
S0A,SK,91.0,16.0
S0A,SK,90.0,55.0
S0A,SK,92.0,72.0
S0A,SK,90.0,126.0
S0A,SK,95.0,138.0
S0A,SK,91.0,157.0
S0A,SK,92.0,164.0
S0A,SK,110.0,185.0
S0A,SK,91.0,247.0
S0A,SK,92.0,255.0
S0A,SK,91.0,266.0
S0A,SK,91.0,342.0
S0A,SK,105.0,115.0
S0A,SK,92.0,207.0
S0A,SK,91.0,228.0
S0A,SK,117.0,29.0
S0A,SK,93.0,16.0
S0A,SK,92.0,126.0
S0A,SK,91.0,128.0
S0A,SK,91.0,80.0
S0A,SK,91.0,91.0
S0A,SK,90.0,133.0
S0A,SK,130.0,137.0
S0A,SK,91.0,363.0
S0A,SK,91.0,65.0
S0A,SK,96.0,110.0
S0A,SK,103.0,128.0
S0A,SK,91.0,205.0
S0A,SK,99.0,293.0
S0A,SK,93.0,371.0
S0A,SK,108.0,480.0
S0A,SK,93.0,61.0
S0A,SK,91.0,160.0
S0A,SK,72.0,537.0
S0A,SK,105.0,7.5
S0A,SK,91.0,16.0
S0A,SK,93.0,23.0
S0A,SK,98.0,27.0
S0A,SK,90.0,27.0
S0A,SK,92.0,101.0
S0A,SK,90.0,158.0
S0A,SK,90.0,162.0
S0A,SK,98.0,172.0
S0A,SK,92.0,246.0
S0A,SK,103.0,230.0
S0A,SK,95.0,7.5
S0A,SK,103.0,107.0
S0A,SK,91.0,53.0
S0A,SK,91.0,207.0
S0A,SK,91.0,15.0
S0A,SK,92.0,19.0
S0A,SK,92.0,273.0
S0A,SK,91.0,424.0
S0A,SK,117.0,224.0
S0A,SK,92.0,50.0
S0A,SK,98.0,87.0
S0A,SK,92.0,318.0
S0A,SK,103.0,587.0
S0A,SK,91.0,65.0
S0A,SK,94.0,154.0
S0A,SK,100.0,157.0
S0A,SK,94.0,183.0
S0A,SK,95.0,180.0
S0A,SK,93.0,197.0
S3N,SK,91.0,153.0
S0A,SK,91.0,57.0
S3N,SK,100.0,33.0
S3N,SK,92.0,39.0
S3N,SK,93.0,56.0
S3N,SK,125.0,63.0
S3N,SK,91.0,69.0
S3N,SK,91.0,72.0
S3N,SK,97.0,73.0
S3N,SK,93.0,74.0
S3N,SK,89.0,75.0
S3N,SK,98.0,87.0
S3N,SK,91.0,87.0
S3N,SK,100.0,92.0
S3N,SK,91.0,95.0
S3N,SK,91.0,95.0
S3N,SK,86.0,106.0
S3N,SK,125.0,115.0
S3N,SK,95.0,116.0
S3N,SK,91.0,141.0
S3N,SK,94.0,146.0
S3N,SK,94.0,168.0
S3N,SK,90.0,169.0
S3N,SK,91.0,178.0
S3N,SK,91.0,180.0
S3N,SK,92.0,187.0
S3N,SK,91.0,197.0
S3N,SK,96.0,226.0
S3N,SK,92.0,246.0
S3N,SK,92.0,285.0
S0K,SK,90.0,77.0
S0K,SK,94.0,7.5
S0K,SK,91.0,137.0
S0L,SK,93.0,30.0
S0L,SK,93.0,75.0
S0L,SK,102.0,96.0
S0K,SK,92.0,99.0
S0A,SK,91.0,56.0
S0K,SK,93.0,65.0
S0G,SK,91.0,173.0
S0K,SK,91.0,31.0
S0K,SK,129.0,59.0
S0K,SK,91.0,69.0
S0K,SK,93.0,80.0
S0K,SK,99.0,107.0
S0K,SK,95.0,107.0
S0K,SK,96.0,139.0
S0A,SK,93.0,81.0
S0K,SK,92.0,7.5
S0K,SK,92.0,92.0
S0K,SK,91.0,89.0
S0K,SK,115.0,122.0
S0G,SK,91.0,191.0
S0K,SK,91.0,177.0
S0A,SK,99.0,130.0
S7H,SK,93.0,16.0
S7H,SK,91.0,20.0
S7H,SK,91.0,104.0
S7H,SK,102.0,109.0
S7J,SK,109.0,86.0
S7J,SK,152.0,103.0
S7J,SK,92.0,113.0
S7J,SK,91.0,116.0
S7J,SK,96.0,127.0
S7J,SK,93.0,129.0
S7K,SK,91.0,32.0
S7K,SK,101.0,58.0
S7K,SK,91.0,58.0
S7K,SK,92.0,78.0
S7K,SK,94.0,101.0
S7K,SK,103.0,105.0
S7K,SK,91.0,140.0
S7K,SK,108.0,200.0
S7L,SK,91.0,23.0
S7L,SK,92.0,107.0
S7L,SK,91.0,249.0
S7L,SK,91.0,350.0
S7M,SK,92.0,52.0
S7M,SK,90.0,98.0
S7M,SK,97.0,114.0
S7N,SK,92.0,30.0
S7N,SK,94.0,52.0
S7N,SK,92.0,57.0
S7N,SK,104.0,76.0
S7N,SK,93.0,82.0
S7N,SK,91.0,116.0
S7N,SK,91.0,120.0
S7N,SK,91.0,207.0
*,SK,91.0,21.0
S7V,SK,91.0,73.0
S7V,SK,94.0,95.0
S0K,SK,91.0,79.0
S0K,SK,98.0,146.0
S0K,SK,106.0,55.0
S0L,SK,91.0,71.0
S0K,SK,91.0,33.0
S0K,SK,95.0,95.0
S0K,SK,93.0,202.0
S0K,SK,90.0,206.0
S0K,SK,114.0,71.0
S0K,SK,93.0,105.0
S0K,SK,95.0,119.0
S0K,SK,91.0,127.0
S0A,SK,91.0,69.0
S0K,SK,100.0,40.0
S0K,SK,91.0,70.0
S0L,SK,97.0,129.0
S0L,SK,90.0,121.0
S0L,SK,92.0,125.0
S0K,SK,96.0,7.5
S0K,SK,90.0,23.0
S0K,SK,91.0,33.0
S0K,SK,91.0,40.0
S0K,SK,97.0,51.0
S0K,SK,91.0,57.0
S0K,SK,91.0,98.0
S0K,SK,121.0,100.0
S0K,SK,92.0,205.0
S0K,SK,90.0,219.0
S0K,SK,92.0,397.0
S0K,SK,92.0,755.0
S0L,SK,90.0,52.0
S0L,SK,101.0,51.0
S0L,SK,91.0,53.0
S0L,SK,97.0,85.0
S0L,SK,93.0,184.0
S0L,SK,91.0,110.0
S0L,SK,94.0,144.0
S0L,SK,91.0,215.0
S0L,SK,98.0,75.0
S0L,SK,92.0,84.0
S0L,SK,127.0,46.0
S0L,SK,91.0,62.0
S0L,SK,90.0,121.0
S0L,SK,92.0,252.0
S0L,SK,98.0,15.0
S0L,SK,92.0,39.0
S0L,SK,91.0,45.0
S0L,SK,91.0,223.0
S0L,SK,94.0,253.0
S0L,SK,93.0,632.0
S0L,SK,92.0,2165.0
S0L,SK,92.0,177.0
S0L,SK,96.0,235.0
S0G,SK,101.0,117.0
S0L,SK,92.0,70.0
S0L,SK,100.0,132.0
S0L,SK,92.0,21.0
S0L,SK,99.0,90.0
S0L,SK,91.0,92.0
S0L,SK,97.0,106.0
S0L,SK,92.0,114.0
S0L,SK,91.0,114.0
S0L,SK,90.0,118.0
S0L,SK,116.0,132.0
S0L,SK,106.0,158.0
S0L,SK,95.0,160.0
S0L,SK,91.0,214.0
S0L,SK,91.0,261.0
S0L,SK,91.0,274.0
S0L,SK,92.0,308.0
S0L,SK,100.0,435.0
S0L,SK,100.0,108.0
S0L,SK,89.0,126.0
S0L,SK,91.0,209.0
S0K,SK,90.0,56.0
S0K,SK,94.0,72.0
S0K,SK,92.0,97.0
S0K,SK,91.0,141.0
S0L,SK,98.0,111.0
S0L,SK,91.0,124.0
S0L,SK,91.0,168.0
S0L,SK,93.0,86.0
S0L,SK,90.0,95.0
S0L,SK,92.0,182.0
S0L,SK,91.0,150.0
S0L,SK,99.0,330.0
S0L,SK,91.0,88.0
S0L,SK,92.0,21.0
S0L,SK,90.0,45.0
S0K,SK,99.0,22.0
S0K,SK,91.0,113.0
S0K,SK,95.0,154.0
S0K,SK,59.0,159.0
S0L,SK,91.0,27.0
S0L,SK,63.0,50.0
S0L,SK,129.0,54.0
S0L,SK,111.0,60.0
S0L,SK,92.0,85.0
S0L,SK,91.0,107.0
S0L,SK,91.0,110.0
S0L,SK,92.0,122.0
S0L,SK,92.0,173.0
S0L,SK,92.0,202.0
S0L,SK,97.0,211.0
S0L,SK,95.0,241.0
S0L,SK,93.0,279.0
S0K,SK,91.0,71.0
S0K,SK,100.0,194.0
S0K,SK,91.0,37.0
S0K,SK,123.0,49.0
S0K,SK,103.0,55.0
S0K,SK,103.0,58.0
S0K,SK,90.0,66.0
S0K,SK,91.0,89.0
S0K,SK,91.0,131.0
S0K,SK,85.0,186.0
S0K,SK,94.0,188.0
S0K,SK,92.0,26.0
S0K,SK,92.0,51.0
S0K,SK,91.0,64.0
S0K,SK,91.0,66.0
S0K,SK,94.0,71.0
S0K,SK,98.0,81.0
S0K,SK,91.0,81.0
S0K,SK,91.0,150.0
S0K,SK,90.0,190.0
S0E,SK,119.0,45.0
S0E,SK,95.0,81.0
S0E,SK,88.0,444.0
S0E,SK,120.0,455.0
S0E,SK,92.0,7.5
S0E,SK,95.0,152.0
S0J,SK,91.0,224.0
S0E,SK,100.0,200.0
S0E,SK,92.0,80.0
S0J,SK,97.0,7.5
S0J,SK,90.0,25.0
S0J,SK,100.0,75.0
S0J,SK,91.0,321.0
S0E,SK,99.0,224.0
S0E,SK,108.0,84.0
S0A,SK,112.0,249.0
S0E,SK,103.0,112.0
S0E,SK,91.0,240.0
S0E,SK,90.0,36.0
S0E,SK,90.0,42.0
S0E,SK,94.0,113.0
S0E,SK,93.0,114.0
S0E,SK,91.0,136.0
S0A,SK,91.0,23.0
S0A,SK,94.0,39.0
S0A,SK,91.0,44.0
S0A,SK,91.0,79.0
S0A,SK,122.0,90.0
S0A,SK,90.0,100.0
S0A,SK,92.0,144.0
S0A,SK,91.0,159.0
S0K,SK,91.0,45.0
S0E,SK,93.0,17.0
S0E,SK,91.0,25.0
S0E,SK,91.0,35.0
S0E,SK,91.0,66.0
S0E,SK,90.0,74.0
S0E,SK,91.0,80.0
S0E,SK,91.0,83.0
S0E,SK,91.0,87.0
S0E,SK,93.0,100.0
S0E,SK,62.0,102.0
S0E,SK,91.0,109.0
S0E,SK,92.0,118.0
S0E,SK,104.0,120.0
S0E,SK,90.0,124.0
S0E,SK,93.0,128.0
S0E,SK,92.0,130.0
S0E,SK,91.0,131.0
S0E,SK,118.0,139.0
S0E,SK,81.0,151.0
S0E,SK,114.0,154.0
S0E,SK,92.0,155.0
S0E,SK,92.0,169.0
S0E,SK,96.0,210.0
S0E,SK,98.0,268.0
S0E,SK,94.0,272.0
S0E,SK,88.0,294.0
S0K,SK,93.0,148.0
S0K,SK,95.0,159.0
S0E,SK,90.0,31.0
S0E,SK,89.0,31.0
S0E,SK,91.0,52.0
S0E,SK,98.0,54.0
S0E,SK,92.0,78.0
S0E,SK,99.0,91.0
S0E,SK,92.0,102.0
S0E,SK,105.0,110.0
S0E,SK,92.0,111.0
S0E,SK,91.0,136.0
S0E,SK,92.0,163.0
S0K,SK,89.0,180.0
S0E,SK,91.0,36.0
S0E,SK,94.0,167.0
S0E,SK,96.0,295.0
S0E,SK,136.0,356.0
S0E,SK,91.0,21.0
S0E,SK,91.0,31.0
S0E,SK,92.0,40.0
S0E,SK,95.0,66.0
S0E,SK,130.0,71.0
S0K,SK,101.0,75.0
S0K,SK,92.0,264.0
S0E,SK,93.0,81.0
S0E,SK,121.0,7.5
S0E,SK,93.0,20.0
S0E,SK,97.0,24.0
S0E,SK,93.0,33.0
S0E,SK,91.0,63.0
S0E,SK,90.0,74.0
S0E,SK,91.0,84.0
S0E,SK,91.0,100.0
S0E,SK,91.0,102.0
S0E,SK,91.0,131.0
S0E,SK,87.0,170.0
S0E,SK,95.0,245.0
S0E,SK,91.0,327.0
S0E,SK,96.0,76.0
S0J,SK,91.0,76.0
S0K,SK,100.0,121.0
S0J,SK,100.0,70.0
S0J,SK,119.0,7.5
S0J,SK,130.0,28.0
S0J,SK,99.0,29.0
S0J,SK,88.0,38.0
S0J,SK,92.0,78.0
S0J,SK,91.0,113.0
S0J,SK,69.0,42.0
S0J,SK,91.0,7.5
S0J,SK,91.0,7.5
S0J,SK,90.0,7.5
S0J,SK,92.0,42.0
S0J,SK,90.0,59.0
S0J,SK,91.0,71.0
S0J,SK,91.0,16.0
S0J,SK,95.0,167.0
S0J,SK,93.0,23.0
S0J,SK,91.0,35.0
S0J,SK,93.0,42.0
S0J,SK,118.0,67.0
S0J,SK,97.0,122.0
S0J,SK,109.0,221.0
S0J,SK,91.0,55.0
S0J,SK,90.0,75.0
S0J,SK,111.0,94.0
S0J,SK,111.0,109.0
S0J,SK,93.0,117.0
S0J,SK,92.0,122.0
S0M,SK,92.0,65.0
S0J,SK,91.0,158.0
S0J,SK,91.0,179.0
S0J,SK,91.0,245.0
S0J,SK,100.0,62.0
S0J,SK,99.0,159.0
S0J,SK,97.0,199.0
S0J,SK,93.0,114.0
S0J,SK,92.0,114.0
S0J,SK,141.0,155.0
S0J,SK,119.0,191.0
S0J,SK,92.0,84.0
S0J,SK,91.0,89.0
S0J,SK,92.0,16.0
S0J,SK,95.0,89.0
S0M,SK,103.0,56.0
S0M,SK,89.0,316.0
S6V,SK,94.0,7.5
S6V,SK,93.0,16.0
S6V,SK,96.0,19.0
S6V,SK,89.0,25.0
S6V,SK,93.0,30.0
S6V,SK,85.0,35.0
S6V,SK,97.0,38.0
S6V,SK,91.0,38.0
S6V,SK,91.0,42.0
S6V,SK,111.0,56.0
S6V,SK,91.0,64.0
S6V,SK,91.0,66.0
S6V,SK,93.0,67.0
S6V,SK,105.0,68.0
S6V,SK,90.0,69.0
S6V,SK,143.0,70.0
S6V,SK,91.0,74.0
S6V,SK,89.0,80.0
S6V,SK,144.0,84.0
S6V,SK,93.0,86.0
S6V,SK,90.0,91.0
S6V,SK,81.0,92.0
S6V,SK,100.0,92.0
S6V,SK,92.0,92.0
S6V,SK,95.0,96.0
S6V,SK,91.0,97.0
S6V,SK,92.0,103.0
S6V,SK,97.0,107.0
S6V,SK,92.0,110.0
S6V,SK,91.0,123.0
S6V,SK,92.0,125.0
S6V,SK,97.0,125.0
S6V,SK,103.0,133.0
S6V,SK,116.0,138.0
S6V,SK,91.0,140.0
S6V,SK,90.0,141.0
S6V,SK,92.0,167.0
S6V,SK,98.0,180.0
S6V,SK,92.0,253.0
S6V,SK,98.0,547.0
S6X,SK,91.0,22.0
S6X,SK,93.0,35.0
S6X,SK,91.0,123.0
S0M,SK,90.0,92.0
S0J,SK,96.0,31.0
S0J,SK,93.0,51.0
S0J,SK,91.0,62.0
S0J,SK,95.0,85.0
S0J,SK,95.0,95.0
S0J,SK,90.0,95.0
S0J,SK,91.0,99.0
S0J,SK,92.0,173.0
S0M,SK,102.0,71.0
S0J,SK,89.0,70.0
S0J,SK,93.0,105.0
S0J,SK,75.0,213.0
S0J,SK,92.0,235.0
S0J,SK,91.0,250.0
S0J,SK,90.0,16.0
S0J,SK,90.0,141.0
S0J,SK,93.0,166.0
S0J,SK,92.0,28.0
S0J,SK,116.0,81.0
S0M,SK,92.0,159.0
S0M,SK,91.0,167.0
S0M,SK,90.0,336.0
S0M,SK,91.0,40.0
S0M,SK,94.0,52.0
S0M,SK,92.0,67.0
S0M,SK,91.0,69.0
S0M,SK,96.0,77.0
S0M,SK,94.0,88.0
S0M,SK,100.0,109.0
S0M,SK,92.0,111.0
S0M,SK,119.0,117.0
S0M,SK,91.0,124.0
S0M,SK,92.0,127.0
S0M,SK,110.0,202.0
S0M,SK,91.0,17.0
S0M,SK,93.0,89.0
S0M,SK,90.0,81.0
S0M,SK,139.0,42.0
S0M,SK,91.0,82.0
S0M,SK,65.0,7.5
S0M,SK,105.0,33.0
S0M,SK,90.0,109.0
S0M,SK,98.0,27.0
S0M,SK,92.0,61.0
S0M,SK,91.0,28.0
S0M,SK,91.0,7.5
S0M,SK,105.0,35.0
S0M,SK,90.0,85.0
S9V,SK,82.0,71.0
S9V,SK,92.0,77.0
S9V,SK,90.0,94.0
S9V,SK,91.0,102.0
S9V,SK,112.0,110.0
S9V,SK,90.0,121.0
S9V,SK,104.0,126.0
S9V,SK,92.0,137.0
S9V,SK,91.0,150.0
S9V,SK,92.0,156.0
S9V,SK,95.0,174.0
S9V,SK,90.0,177.0
S0M,SK,91.0,57.0
S0M,SK,96.0,122.0
S0M,SK,92.0,154.0
S0M,SK,280.0,7.5
S0M,SK,92.0,126.0
S0M,SK,90.0,194.0
S0M,SK,94.0,222.0
S0M,SK,92.0,96.0
S0M,SK,100.0,119.0
S0M,SK,93.0,20.0
S0M,SK,92.0,132.0
S0M,SK,91.0,159.0
S0M,SK,98.0,75.0
S9X,SK,91.0,17.0
S9X,SK,90.0,36.0
S9X,SK,92.0,58.0
S9X,SK,97.0,64.0
S9X,SK,101.0,76.0
S9X,SK,89.0,95.0
S9X,SK,161.0,96.0
S9X,SK,93.0,100.0
S9X,SK,92.0,100.0
S9X,SK,104.0,105.0
S9X,SK,124.0,107.0
S9X,SK,92.0,119.0
S9X,SK,101.0,142.0
S9X,SK,92.0,143.0
S9X,SK,100.0,207.0
S0M,SK,91.0,73.0
S0M,SK,91.0,80.0
S0M,SK,92.0,91.0
S0M,SK,117.0,227.0
S9A,SK,91.0,25.0
S9A,SK,98.0,26.0
S9A,SK,92.0,27.0
S9A,SK,93.0,47.0
S9A,SK,107.0,68.0
S9A,SK,92.0,70.0
S9A,SK,93.0,77.0
S9A,SK,100.0,90.0
S9A,SK,144.0,91.0
S9A,SK,92.0,101.0
S9A,SK,92.0,134.0
S9A,SK,90.0,137.0
S9A,SK,92.0,142.0
S9A,SK,91.0,163.0
S9A,SK,99.0,171.0
S9A,SK,96.0,210.0
S9A,SK,129.0,231.0
S9A,SK,90.0,236.0
S0M,SK,99.0,65.0
S0M,SK,90.0,153.0
S0M,SK,110.0,245.0
S0M,SK,90.0,248.0
S0M,SK,91.0,272.0
S0M,SK,101.0,41.0
S0M,SK,99.0,65.0
S0M,SK,95.0,110.0
S0M,SK,90.0,19.0
S0M,SK,91.0,68.0
S0M,SK,92.0,128.0
S0M,SK,91.0,142.0
S0J,SK,90.0,17.0
S0J,SK,91.0,27.0
S0J,SK,91.0,28.0
S0J,SK,92.0,30.0
S0J,SK,90.0,31.0
S0J,SK,92.0,38.0
S0J,SK,128.0,41.0
S0J,SK,92.0,44.0
S0J,SK,122.0,59.0
S0J,SK,94.0,70.0
S0J,SK,91.0,73.0
S0J,SK,98.0,84.0
S0J,SK,99.0,91.0
S0J,SK,93.0,93.0
S0J,SK,91.0,97.0
S0J,SK,92.0,107.0
S0J,SK,97.0,130.0
S0J,SK,92.0,134.0
S0J,SK,95.0,239.0
S0J,SK,91.0,242.0
S0J,SK,91.0,393.0
S0M,SK,91.0,7.5
S0M,SK,98.0,30.0
S0M,SK,100.0,36.0
S0M,SK,91.0,40.0
S0M,SK,112.0,55.0
S0M,SK,98.0,65.0
S0M,SK,92.0,68.0
S0M,SK,116.0,79.0
S0M,SK,94.0,82.0
S0M,SK,99.0,123.0
S0J,SK,104.0,659.0
S0M,SK,160.0,7.5
S0M,SK,91.0,7.5
S0M,SK,91.0,24.0
S0M,SK,114.0,30.0
S0M,SK,91.0,34.0
S0M,SK,86.0,34.0
S0M,SK,91.0,64.0
S0M,SK,92.0,67.0
S0M,SK,104.0,82.0
S0M,SK,101.0,136.0
S0M,SK,99.0,28.0
S0P,SK,92.0,7.5
S0P,SK,91.0,7.5
S0P,SK,90.0,7.5
S0P,SK,116.0,17.0
S0P,SK,99.0,18.0
S0P,SK,92.0,20.0
S0P,SK,92.0,20.0
S0P,SK,97.0,21.0
S0P,SK,92.0,22.0
S0P,SK,101.0,24.0
S0P,SK,101.0,24.0
S0P,SK,94.0,24.0
S0P,SK,99.0,25.0
S0P,SK,98.0,25.0
S0P,SK,92.0,27.0
S0P,SK,85.0,27.0
S0P,SK,65.0,28.0
S0P,SK,115.0,29.0
S0P,SK,91.0,32.0
S0P,SK,104.0,33.0
S0P,SK,91.0,39.0
S0P,SK,92.0,40.0
S0P,SK,91.0,53.0
S0P,SK,96.0,64.0
S0P,SK,90.0,66.0
S0P,SK,99.0,67.0
S0P,SK,111.0,72.0
S0P,SK,93.0,73.0
S0P,SK,93.0,75.0
S0P,SK,96.0,79.0
S0P,SK,91.0,82.0
S0P,SK,91.0,94.0
S0P,SK,112.0,97.0
S0P,SK,117.0,99.0
S0P,SK,90.0,103.0
S0P,SK,92.0,112.0
S0P,SK,90.0,116.0
S0P,SK,90.0,129.0
S0P,SK,90.0,131.0
S0P,SK,90.0,131.0
S0P,SK,91.0,133.0
S0P,SK,93.0,139.0
S0P,SK,90.0,152.0
S0P,SK,100.0,156.0
S0P,SK,102.0,175.0
S0P,SK,92.0,192.0
S0P,SK,91.0,192.0
S0P,SK,94.0,215.0
S0P,SK,92.0,243.0
S0P,SK,91.0,243.0
S0P,SK,98.0,254.0
S0P,SK,109.0,454.0
S0P,SK,92.0,455.0
S0P,SK,100.0,7.5
S0P,SK,113.0,17.0
S0P,SK,93.0,25.0
S0P,SK,91.0,25.0
S0P,SK,91.0,26.0
S0P,SK,93.0,29.0
S0P,SK,90.0,30.0
S0P,SK,87.0,46.0
S0P,SK,93.0,85.0
S0P,SK,92.0,88.0
S0P,SK,93.0,104.0
S0P,SK,91.0,112.0
S0P,SK,90.0,118.0
S0P,SK,90.0,268.0
S0J,SK,96.0,310.0
S0M,SK,90.0,28.0
S0M,SK,102.0,30.0
S0M,SK,94.0,32.0
S0M,SK,92.0,34.0
S0M,SK,91.0,15.0
S0M,SK,92.0,107.0
S0M,SK,92.0,7.5
S0J,SK,92.0,81.0
S0J,SK,91.0,7.5
S0J,SK,93.0,19.0
S0J,SK,99.0,24.0
S0J,SK,92.0,25.0
S0J,SK,92.0,26.0
S0J,SK,95.0,28.0
S0J,SK,92.0,32.0
S0J,SK,84.0,33.0
S0J,SK,99.0,39.0
S0J,SK,122.0,48.0
S0J,SK,94.0,61.0
S0J,SK,91.0,63.0
S0J,SK,96.0,68.0
S0J,SK,91.0,68.0
S0J,SK,91.0,73.0
S0J,SK,91.0,77.0
S0J,SK,97.0,80.0
S0J,SK,100.0,81.0
S0J,SK,121.0,83.0
S0J,SK,92.0,84.0
S0J,SK,100.0,86.0
S0J,SK,91.0,86.0
S0J,SK,92.0,95.0
S0J,SK,91.0,96.0
S0J,SK,92.0,102.0
S0J,SK,91.0,118.0
S0J,SK,103.0,138.0
S0J,SK,91.0,138.0
S0J,SK,92.0,144.0
S0J,SK,92.0,165.0
S0J,SK,104.0,188.0
S0J,SK,92.0,218.0
S0J,SK,91.0,255.0
S0J,SK,91.0,266.0
S0J,SK,94.0,271.0
S0J,SK,91.0,277.0
S0J,SK,92.0,302.0
S0J,SK,91.0,353.0
S0J,SK,92.0,426.0
S0J,SK,89.0,43.0
S0J,SK,92.0,81.0
S0P,SK,98.0,325.0
S0J,SK,91.0,117.0
S0J,SK,91.0,85.0
S0J,SK,101.0,514.0
S0J,SK,92.0,833.0
S0J,SK,120.0,19.0
T0K,AB,96.0,30.0
T0K,AB,99.0,286.0
T0K,AB,91.0,106.0
T0K,AB,93.0,115.0
T0K,AB,104.0,40.0
T0K,AB,92.0,81.0
T0K,AB,91.0,116.0
T0K,AB,102.0,317.0
T0K,AB,104.0,395.0
T0K,AB,90.0,602.0
T0K,AB,96.0,15.0
T0K,AB,89.0,22.0
T0K,AB,91.0,40.0
T0K,AB,101.0,71.0
T0K,AB,92.0,77.0
T0K,AB,93.0,79.0
T0K,AB,94.0,92.0
T0K,AB,98.0,96.0
T0K,AB,98.0,97.0
T0K,AB,91.0,109.0
T0K,AB,90.0,312.0
T1M,AB,93.0,42.0
T1M,AB,92.0,113.0
T0K,AB,91.0,30.0
T0K,AB,90.0,154.0
T0K,AB,94.0,7.5
T0K,AB,150.0,22.0
T0K,AB,68.0,50.0
T0L,AB,91.0,23.0
T0L,AB,95.0,42.0
T0L,AB,98.0,81.0
T0L,AB,95.0,101.0
T0L,AB,92.0,114.0
T0L,AB,107.0,122.0
T0L,AB,90.0,201.0
T0K,AB,117.0,26.0
T0L,AB,89.0,112.0
T0K,AB,91.0,44.0
T0K,AB,94.0,246.0
T0K,AB,95.0,68.0
T1H,AB,91.0,37.0
T1H,AB,90.0,43.0
T1H,AB,97.0,52.0
T1H,AB,90.0,62.0
T1H,AB,91.0,63.0
T1H,AB,90.0,76.0
T1H,AB,94.0,86.0
T1H,AB,96.0,92.0
T1H,AB,92.0,96.0
T1H,AB,91.0,116.0
T1H,AB,92.0,119.0
T1H,AB,91.0,124.0
T1H,AB,93.0,126.0
T1H,AB,95.0,129.0
T1J,AB,91.0,29.0
T1J,AB,99.0,88.0
T1J,AB,90.0,88.0
T1J,AB,91.0,94.0
T1K,AB,116.0,7.5
T1K,AB,93.0,7.5
T1K,AB,91.0,24.0
T1K,AB,97.0,25.0
T1K,AB,117.0,28.0
T1K,AB,91.0,30.0
T1K,AB,91.0,33.0
T1K,AB,93.0,36.0
T1K,AB,97.0,42.0
T1K,AB,91.0,45.0
T1K,AB,92.0,64.0
T1K,AB,93.0,83.0
T1K,AB,87.0,97.0
T1K,AB,97.0,100.0
T1K,AB,123.0,113.0
T1K,AB,98.0,133.0
T1K,AB,94.0,144.0
T1K,AB,93.0,177.0
T1K,AB,92.0,195.0
T1K,AB,90.0,212.0
T0K,AB,93.0,38.0
T0K,AB,91.0,38.0
T0K,AB,155.0,46.0
T0K,AB,93.0,65.0
T0K,AB,91.0,104.0
T0K,AB,91.0,194.0
T0K,AB,93.0,199.0
T0K,AB,82.0,298.0
T0K,AB,100.0,24.0
T0K,AB,91.0,35.0
T0K,AB,101.0,31.0
T0K,AB,95.0,33.0
T0K,AB,96.0,38.0
T0K,AB,136.0,50.0
T0K,AB,104.0,60.0
T0K,AB,98.0,101.0
T0K,AB,90.0,121.0
T0K,AB,90.0,133.0
T0K,AB,91.0,182.0
T0K,AB,91.0,439.0
T0K,AB,109.0,57.0
T0K,AB,123.0,65.0
T0K,AB,92.0,129.0
T0K,AB,95.0,7.5
T1G,AB,92.0,32.0
T1G,AB,91.0,35.0
T1G,AB,94.0,38.0
T1G,AB,101.0,85.0
T1G,AB,91.0,94.0
T1G,AB,92.0,116.0
T0K,AB,92.0,60.0
T0K,AB,92.0,90.0
T0K,AB,90.0,22.0
T0K,AB,92.0,68.0
T0J,AB,92.0,60.0
T0J,AB,92.0,97.0
T0J,AB,104.0,107.0
T0J,AB,105.0,719.0
T0J,AB,100.0,65.0
T0J,AB,94.0,74.0
T0J,AB,92.0,74.0
T0K,AB,99.0,57.0
T0K,AB,96.0,92.0
T0K,AB,90.0,317.0
T1R,AB,92.0,41.0
T1R,AB,91.0,87.0
T1R,AB,99.0,88.0
T1R,AB,91.0,93.0
T0J,AB,101.0,148.0
T0J,AB,95.0,80.0
T0J,AB,91.0,80.0
T0J,AB,160.0,74.0
T0J,AB,99.0,125.0
T0K,AB,92.0,218.0
T0K,AB,90.0,16.0
T0J,AB,94.0,107.0
T0J,AB,59.0,601.0
T0J,AB,91.0,105.0
T0J,AB,95.0,121.0
T1A,AB,95.0,21.0
T1A,AB,92.0,22.0
T1A,AB,93.0,25.0
T1A,AB,93.0,29.0
T1A,AB,95.0,30.0
T1A,AB,91.0,41.0
T1A,AB,92.0,43.0
T1A,AB,98.0,47.0
T1A,AB,90.0,60.0
T1A,AB,91.0,71.0
T1A,AB,91.0,81.0
T1A,AB,126.0,86.0
T1A,AB,92.0,106.0
T1A,AB,92.0,126.0
T1A,AB,92.0,131.0
T1A,AB,92.0,133.0
T1A,AB,96.0,135.0
T1A,AB,102.0,156.0
T1B,AB,90.0,7.5
T1B,AB,100.0,7.5
T1B,AB,93.0,7.5
T1B,AB,105.0,17.0
T1B,AB,92.0,19.0
T1B,AB,132.0,21.0
T1B,AB,91.0,21.0
T1B,AB,91.0,29.0
T1B,AB,95.0,30.0
T1B,AB,89.0,30.0
T1B,AB,94.0,31.0
T1B,AB,103.0,36.0
T1B,AB,92.0,40.0
T1B,AB,92.0,59.0
T1B,AB,93.0,60.0
T1B,AB,119.0,70.0
T1B,AB,92.0,73.0
T1B,AB,104.0,74.0
T1B,AB,92.0,75.0
T1B,AB,91.0,78.0
T1B,AB,90.0,81.0
T1B,AB,110.0,82.0
T1B,AB,91.0,95.0
T1B,AB,110.0,116.0
T1B,AB,144.0,120.0
T1B,AB,92.0,131.0
T1C,AB,91.0,21.0
T1C,AB,94.0,52.0
T1C,AB,98.0,82.0
T1C,AB,93.0,138.0
T0J,AB,92.0,23.0
T0J,AB,92.0,36.0
T0J,AB,102.0,77.0
T0J,AB,112.0,7.5
T0J,AB,98.0,105.0
T0J,AB,62.0,40.0
T0J,AB,85.0,7.5
T0J,AB,99.0,7.5
T0J,AB,90.0,42.0
T0J,AB,92.0,59.0
T0J,AB,92.0,66.0
T0J,AB,97.0,71.0
T0J,AB,96.0,85.0
T0J,AB,97.0,145.0
T0J,AB,45.0,178.0
T0J,AB,97.0,57.0
T0J,AB,95.0,162.0
T0J,AB,92.0,55.0
*,AB,92.0,19.0
T0L,AB,107.0,37.0
T1L,AB,91.0,7.5
T1L,AB,94.0,15.0
T1L,AB,102.0,22.0
T1L,AB,115.0,24.0
T0M,AB,92.0,92.0
*,AB,95.0,37.0
*,AB,107.0,20.0
*,AB,92.0,75.0
T2J,AB,106.0,57.0
T2J,AB,92.0,70.0
T2J,AB,91.0,99.0
T2J,AB,93.0,37.0
*,AB,91.0,89.0
*,AB,102.0,26.0
*,AB,91.0,66.0
*,AB,92.0,135.0
*,AB,93.0,44.0
T3C,AB,92.0,30.0
T3C,AB,90.0,109.0
T3G,AB,99.0,31.0
T3G,AB,100.0,65.0
T3H,AB,91.0,7.5
T3H,AB,91.0,71.0
T3J,AB,107.0,31.0
T3J,AB,85.0,82.0
T3K,AB,90.0,32.0
T3K,AB,90.0,41.0
T3K,AB,92.0,316.0
*,AB,92.0,118.0
T1W,AB,91.0,7.5
T1W,AB,95.0,7.5
T1W,AB,95.0,19.0
T1W,AB,97.0,19.0
T1W,AB,91.0,117.0
T1W,AB,92.0,143.0
T1W,AB,101.0,257.0
T1W,AB,93.0,257.0
T0L,AB,90.0,113.0
T0L,AB,90.0,28.0
T0L,AB,148.0,19.0
T0L,AB,91.0,23.0
T0L,AB,91.0,32.0
T0L,AB,92.0,34.0
T0L,AB,92.0,53.0
T0L,AB,91.0,63.0
T0L,AB,91.0,88.0
T0L,AB,91.0,97.0
T0L,AB,91.0,98.0
T0L,AB,90.0,108.0
T0J,AB,92.0,29.0
T0J,AB,93.0,128.0
T0M,AB,96.0,130.0
T0M,AB,73.0,312.0
T0L,AB,91.0,141.0
T0L,AB,92.0,69.0
T0L,AB,91.0,40.0
T0L,AB,91.0,28.0
T0L,AB,92.0,36.0
T0L,AB,110.0,46.0
T0L,AB,93.0,59.0
T0L,AB,91.0,70.0
T0L,AB,91.0,192.0
*,AB,95.0,65.0
T0J,AB,93.0,31.0
T0J,AB,94.0,37.0
T0J,AB,91.0,123.0
T0J,AB,92.0,100.0
T0J,AB,93.0,164.0
T0J,AB,90.0,173.0
T0J,AB,97.0,270.0
T0L,AB,113.0,69.0
T0L,AB,98.0,71.0
T1P,AB,98.0,28.0
T1P,AB,101.0,7.5
T1P,AB,88.0,47.0
T1P,AB,90.0,92.0
T1P,AB,91.0,95.0
T1P,AB,92.0,161.0
T1P,AB,91.0,175.0
T0L,AB,104.0,23.0
T0L,AB,137.0,34.0
T0L,AB,90.0,101.0
T0L,AB,102.0,222.0
T0L,AB,97.0,367.0
T0M,AB,91.0,22.0
T0M,AB,91.0,184.0
T0C,AB,97.0,126.0
T0M,AB,91.0,33.0
T0C,AB,91.0,20.0
T4S,AB,95.0,161.0
T0M,AB,92.0,98.0
T0C,AB,92.0,39.0
T0J,AB,92.0,31.0
T0M,AB,91.0,7.5
T0M,AB,91.0,7.5
T0M,AB,91.0,570.0
T0C,AB,99.0,131.0
T0C,AB,97.0,51.0
T0C,AB,94.0,98.0
*,AB,91.0,154.0
T0J,AB,92.0,69.0
T0J,AB,91.0,109.0
T0J,AB,91.0,158.0
T0M,AB,120.0,25.0
T0C,AB,109.0,25.0
T0J,AB,97.0,7.5
T0J,AB,61.0,21.0
T0J,AB,91.0,22.0
T0J,AB,97.0,42.0
T0J,AB,92.0,91.0
T0J,AB,128.0,166.0
T0J,AB,90.0,166.0
T0J,AB,91.0,195.0
T0J,AB,93.0,196.0
T0J,AB,93.0,397.0
T4G,AB,92.0,42.0
T4G,AB,91.0,55.0
T4G,AB,91.0,75.0
T4G,AB,97.0,110.0
T4G,AB,114.0,127.0
T4G,AB,91.0,171.0
T4L,AB,99.0,58.0
T4L,AB,100.0,83.0
T4L,AB,94.0,89.0
T4L,AB,101.0,91.0
T0M,AB,94.0,210.0
T0M,AB,94.0,517.0
T0M,AB,92.0,7.5
T0M,AB,91.0,65.0
T0M,AB,105.0,76.0
T0J,AB,92.0,64.0
T0J,AB,101.0,119.0
T0M,AB,91.0,129.0
T4J,AB,91.0,7.5
T4J,AB,96.0,64.0
T4J,AB,91.0,65.0
T4N,AB,94.0,22.0
T4N,AB,96.0,28.0
T4N,AB,92.0,157.0
T4N,AB,95.0,173.0
T4P,AB,95.0,19.0
T4P,AB,95.0,37.0
T4P,AB,92.0,59.0
T4P,AB,92.0,84.0
T4P,AB,91.0,105.0
T4P,AB,114.0,108.0
T4R,AB,91.0,29.0
T4R,AB,91.0,34.0
T4R,AB,97.0,68.0
T4R,AB,91.0,71.0
T4R,AB,91.0,84.0
T4R,AB,92.0,84.0
T4S,AB,104.0,106.0
T0C,AB,97.0,74.0
T0C,AB,97.0,221.0
T0C,AB,98.0,389.0
T4T,AB,95.0,16.0
T4T,AB,90.0,18.0
T4T,AB,90.0,20.0
T4T,AB,91.0,29.0
T4T,AB,91.0,30.0
T4T,AB,92.0,33.0
T4T,AB,93.0,34.0
T4T,AB,90.0,39.0
T4T,AB,99.0,46.0
T4T,AB,91.0,62.0
T4T,AB,93.0,69.0
T4T,AB,91.0,74.0
T4T,AB,91.0,97.0
T4T,AB,100.0,99.0
T4T,AB,91.0,108.0
T4T,AB,91.0,124.0
T4T,AB,94.0,129.0
T4T,AB,102.0,159.0
T4T,AB,95.0,161.0
T0C,AB,98.0,31.0
T0C,AB,93.0,32.0
T0C,AB,98.0,34.0
T0C,AB,147.0,76.0
T0C,AB,92.0,109.0
T0C,AB,90.0,137.0
T0C,AB,93.0,154.0
T0M,AB,91.0,120.0
T0M,AB,102.0,134.0
T4S,AB,94.0,122.0
T4S,AB,91.0,156.0
T4S,AB,94.0,204.0
T0M,AB,91.0,62.0
T0M,AB,93.0,212.0
T0C,AB,94.0,71.0
*,AB,97.0,31.0
T0B,AB,102.0,32.0
T0B,AB,91.0,33.0
T0B,AB,94.0,34.0
T0B,AB,103.0,168.0
T0B,AB,90.0,581.0
T0B,AB,154.0,51.0
T4V,AB,102.0,35.0
T4V,AB,92.0,68.0
T4V,AB,92.0,70.0
T4V,AB,97.0,76.0
T4V,AB,91.0,92.0
T4V,AB,95.0,93.0
T4V,AB,90.0,100.0
T4V,AB,91.0,118.0
T4V,AB,90.0,133.0
T4V,AB,93.0,136.0
T4V,AB,98.0,144.0
T4V,AB,95.0,147.0
T4V,AB,188.0,149.0
T4V,AB,93.0,237.0
T4V,AB,93.0,246.0
T0B,AB,91.0,88.0
T0B,AB,92.0,21.0
T0B,AB,91.0,52.0
T0B,AB,92.0,76.0
T0B,AB,91.0,23.0
T0B,AB,92.0,35.0
T0B,AB,99.0,71.0
T0B,AB,129.0,80.0
T0B,AB,98.0,37.0
T0B,AB,118.0,40.0
T0B,AB,92.0,52.0
T0B,AB,97.0,93.0
T0B,AB,91.0,95.0
T0B,AB,94.0,91.0
T0B,AB,91.0,71.0
T0B,AB,93.0,243.0
T0B,AB,91.0,118.0
T0B,AB,92.0,129.0
T0B,AB,94.0,165.0
T0B,AB,92.0,54.0
T0B,AB,92.0,110.0
T0B,AB,98.0,41.0
T0B,AB,226.0,53.0
T0B,AB,103.0,91.0
T0B,AB,98.0,98.0
T0B,AB,90.0,92.0
T0B,AB,95.0,151.0
T0B,AB,90.0,21.0
T0B,AB,95.0,163.0
T9V,AB,100.0,17.0
T9V,AB,93.0,20.0
T9V,AB,94.0,30.0
T9V,AB,96.0,58.0
T9V,AB,99.0,83.0
T9V,AB,90.0,87.0
T9V,AB,92.0,118.0
T9V,AB,95.0,146.0
T9V,AB,102.0,174.0
T9V,AB,109.0,192.0
T0B,AB,91.0,142.0
T0B,AB,91.0,35.0
T0B,AB,93.0,91.0
T0B,AB,92.0,127.0
T0B,AB,91.0,153.0
T0B,AB,90.0,109.0
T0B,AB,90.0,82.0
T0B,AB,92.0,36.0
T0B,AB,91.0,28.0
T0B,AB,93.0,35.0
T0B,AB,117.0,79.0
T0B,AB,86.0,175.0
T0B,AB,91.0,24.0
T0B,AB,92.0,30.0
T0B,AB,94.0,80.0
T0B,AB,92.0,96.0
T0B,AB,91.0,170.0
T0B,AB,98.0,83.0
T0B,AB,91.0,7.5
T0B,AB,102.0,55.0
T0B,AB,99.0,62.0
T0B,AB,102.0,49.0
T0B,AB,92.0,159.0
T0B,AB,92.0,52.0
T9C,AB,91.0,40.0
T9C,AB,91.0,58.0
T9C,AB,91.0,123.0
T9C,AB,93.0,131.0
T9C,AB,99.0,146.0
T9X,AB,91.0,71.0
T9X,AB,91.0,100.0
T0B,AB,112.0,81.0
T9W,AB,91.0,53.0
T9W,AB,90.0,84.0
T9W,AB,102.0,133.0
T9W,AB,100.0,170.0
T9W,AB,93.0,859.0
T8E,AB,102.0,56.0
T8E,AB,91.0,71.0
T0E,AB,99.0,115.0
T0E,AB,93.0,121.0
T5A,AB,92.0,30.0
T5A,AB,92.0,64.0
T5A,AB,149.0,127.0
T5E,AB,91.0,91.0
T5E,AB,103.0,132.0
*,AB,95.0,59.0
T5M,AB,100.0,31.0
T5M,AB,92.0,72.0
T5M,AB,99.0,98.0
T5N,AB,98.0,74.0
T5N,AB,91.0,118.0
*,AB,92.0,29.0
T5T,AB,92.0,36.0
T5T,AB,115.0,56.0
T5T,AB,91.0,82.0
*,AB,164.0,128.0
T5X,AB,92.0,25.0
T5X,AB,91.0,43.0
T5Y,AB,93.0,19.0
T5Y,AB,92.0,92.0
*,AB,94.0,44.0
*,AB,102.0,67.0
*,AB,94.0,32.0
T6H,AB,90.0,38.0
T6H,AB,92.0,190.0
T6J,AB,91.0,37.0
T6J,AB,117.0,51.0
T6J,AB,97.0,108.0
*,AB,91.0,142.0
T6L,AB,91.0,103.0
T6L,AB,90.0,187.0
*,AB,95.0,103.0
T6R,AB,93.0,61.0
T6R,AB,99.0,81.0
T6R,AB,149.0,97.0
*,AB,100.0,57.0
T6W,AB,92.0,51.0
T6W,AB,108.0,165.0
*,AB,91.0,69.0
T0E,AB,91.0,26.0
T0E,AB,96.0,148.0
T8L,AB,93.0,42.0
T8L,AB,92.0,44.0
T8L,AB,93.0,81.0
T8L,AB,94.0,102.0
T8R,AB,91.0,29.0
T8R,AB,146.0,37.0
T0A,AB,91.0,29.0
T0A,AB,91.0,98.0
T8A,AB,90.0,16.0
T8A,AB,92.0,44.0
T8A,AB,100.0,102.0
T8A,AB,94.0,108.0
T8A,AB,95.0,123.0
*,AB,94.0,81.0
*,AB,91.0,109.0
T7X,AB,91.0,94.0
T7X,AB,99.0,137.0
*,AB,106.0,25.0
T8N,AB,93.0,82.0
T8N,AB,91.0,85.0
T8N,AB,103.0,89.0
T8N,AB,91.0,92.0
T8N,AB,91.0,119.0
T8N,AB,91.0,170.0
*,AB,91.0,99.0
T0C,AB,94.0,358.0
T0E,AB,105.0,27.0
T0E,AB,92.0,88.0
T0E,AB,101.0,232.0
T0A,AB,91.0,90.0
T0A,AB,99.0,142.0
T9S,AB,111.0,33.0
T9S,AB,92.0,38.0
T9S,AB,91.0,54.0
T9S,AB,95.0,148.0
T9S,AB,95.0,161.0
T9S,AB,92.0,163.0
T9S,AB,106.0,202.0
T7N,AB,92.0,18.0
T7N,AB,102.0,65.0
T7N,AB,91.0,76.0
T7N,AB,91.0,102.0
T7N,AB,91.0,167.0
T7N,AB,90.0,198.0
T9N,AB,99.0,22.0
T9N,AB,94.0,31.0
T9N,AB,92.0,80.0
T9N,AB,95.0,90.0
T9N,AB,113.0,95.0
T9N,AB,93.0,99.0
T9N,AB,91.0,115.0
T9N,AB,91.0,139.0
T9N,AB,94.0,180.0
T9N,AB,156.0,193.0
T0A,AB,99.0,7.5
T0A,AB,91.0,29.0
T0A,AB,97.0,53.0
T0A,AB,99.0,54.0
T0A,AB,104.0,103.0
T0E,AB,108.0,15.0
T0G,AB,115.0,49.0
T0G,AB,108.0,99.0
T0G,AB,91.0,245.0
T0G,AB,91.0,15.0
T0E,AB,93.0,111.0
T0E,AB,93.0,159.0
T0A,AB,99.0,167.0
T0E,AB,91.0,113.0
T0A,AB,108.0,52.0
T0A,AB,91.0,191.0
T0G,AB,99.0,7.5
T0G,AB,92.0,61.0
T9M,AB,106.0,7.5
T9M,AB,91.0,7.5
T9M,AB,91.0,22.0
T9M,AB,91.0,33.0
T9M,AB,91.0,38.0
T9M,AB,91.0,41.0
T9M,AB,93.0,44.0
T9M,AB,91.0,62.0
T9M,AB,93.0,65.0
T9M,AB,91.0,70.0
T9M,AB,92.0,70.0
T9M,AB,93.0,70.0
T9M,AB,94.0,72.0
T9M,AB,92.0,73.0
T9M,AB,110.0,84.0
T9M,AB,96.0,105.0
T9M,AB,107.0,129.0
T9M,AB,92.0,141.0
T9M,AB,97.0,158.0
T9M,AB,96.0,193.0
T0G,AB,92.0,72.0
T0E,AB,92.0,124.0
T7E,AB,106.0,7.5
T7E,AB,91.0,7.5
T7E,AB,92.0,21.0
T7E,AB,91.0,30.0
T7E,AB,102.0,32.0
T7E,AB,91.0,33.0
T7E,AB,91.0,36.0
T7E,AB,90.0,38.0
T7E,AB,90.0,44.0
T7E,AB,98.0,56.0
T7E,AB,100.0,57.0
T7E,AB,95.0,73.0
T7E,AB,92.0,107.0
T7E,AB,91.0,109.0
T7E,AB,80.0,161.0
T7E,AB,91.0,168.0
T7E,AB,119.0,191.0
T7E,AB,91.0,206.0
T7E,AB,93.0,282.0
T7E,AB,93.0,302.0
T7E,AB,121.0,344.0
T0A,AB,91.0,44.0
T0A,AB,91.0,102.0
T0A,AB,92.0,106.0
T0A,AB,90.0,190.0
T0G,AB,103.0,22.0
T0G,AB,91.0,170.0
T0G,AB,93.0,238.0
T0A,AB,97.0,18.0
T0A,AB,98.0,30.0
T0E,AB,93.0,42.0
T7V,AB,96.0,7.5
T7V,AB,91.0,7.5
T7V,AB,99.0,7.5
T7V,AB,93.0,7.5
T7V,AB,93.0,7.5
T7V,AB,91.0,7.5
T7V,AB,456.0,7.5
T7V,AB,92.0,21.0
T7V,AB,96.0,23.0
T7V,AB,95.0,27.0
T7V,AB,102.0,29.0
T7V,AB,127.0,30.0
T7V,AB,93.0,30.0
T7V,AB,91.0,33.0
T7V,AB,97.0,34.0
T7V,AB,91.0,35.0
T7V,AB,93.0,37.0
T7V,AB,94.0,66.0
T7V,AB,107.0,69.0
T7V,AB,91.0,99.0
T7V,AB,91.0,100.0
T7V,AB,91.0,117.0
T7V,AB,91.0,131.0
T7V,AB,91.0,187.0
T7V,AB,91.0,826.0
T0A,AB,92.0,27.0
T9S,AB,91.0,125.0
T0G,AB,94.0,104.0
T0E,AB,95.0,18.0
T0E,AB,95.0,20.0
T0E,AB,92.0,36.0
T0E,AB,90.0,62.0
T0E,AB,91.0,72.0
T0E,AB,90.0,221.0
T0E,AB,90.0,231.0
T0A,AB,90.0,27.0
T0A,AB,92.0,39.0
T0A,AB,88.0,40.0
T0A,AB,90.0,70.0
T0A,AB,100.0,80.0
T0A,AB,92.0,106.0
T0A,AB,126.0,164.0
T0A,AB,61.0,183.0
T0A,AB,87.0,189.0
T0A,AB,93.0,165.0
T0E,AB,95.0,25.0
T0E,AB,92.0,41.0
T0E,AB,91.0,41.0
T0G,AB,91.0,116.0
T0A,AB,93.0,31.0
T0E,AB,92.0,29.0
T0E,AB,93.0,33.0
T0E,AB,97.0,50.0
T0E,AB,91.0,61.0
T0E,AB,92.0,26.0
T0E,AB,91.0,40.0
T0E,AB,90.0,42.0
T0E,AB,100.0,66.0
T0E,AB,94.0,123.0
T0E,AB,92.0,135.0
T0E,AB,96.0,151.0
T0E,AB,91.0,220.0
T0E,AB,92.0,236.0
T0E,AB,74.0,244.0
T0E,AB,93.0,82.0
T0E,AB,91.0,155.0
T0E,AB,92.0,280.0
T0G,AB,93.0,21.0
T0G,AB,91.0,104.0
T0A,AB,91.0,46.0
T0A,AB,93.0,201.0
T0G,AB,91.0,16.0
T0G,AB,95.0,22.0
T0G,AB,91.0,170.0
T0E,AB,92.0,247.0
T0G,AB,98.0,17.0
T0G,AB,91.0,23.0
T0G,AB,91.0,41.0
T0G,AB,91.0,93.0
T0G,AB,96.0,132.0
T0G,AB,92.0,151.0
T0G,AB,92.0,193.0
T0G,AB,137.0,552.0
T0G,AB,75.0,33.0
T0G,AB,93.0,126.0
T0A,AB,97.0,80.0
T0A,AB,91.0,84.0
T0A,AB,98.0,89.0
T0A,AB,109.0,198.0
T0A,AB,89.0,23.0
T0A,AB,90.0,25.0
T0A,AB,91.0,29.0
T0A,AB,91.0,44.0
T0A,AB,92.0,76.0
T0A,AB,91.0,114.0
T0A,AB,91.0,143.0
T0A,AB,94.0,172.0
T0A,AB,95.0,247.0
T0G,AB,94.0,87.0
T0G,AB,101.0,96.0
T0G,AB,91.0,97.0
T0A,AB,118.0,76.0
T0A,AB,91.0,168.0
T0A,AB,91.0,35.0
T0A,AB,91.0,56.0
T0A,AB,91.0,231.0
T7P,AB,91.0,27.0
T7P,AB,91.0,31.0
T7P,AB,89.0,34.0
T7P,AB,92.0,38.0
T7P,AB,91.0,60.0
T7P,AB,112.0,77.0
T7P,AB,91.0,155.0
T7P,AB,116.0,166.0
T7S,AB,92.0,7.5
T7S,AB,91.0,62.0
T7S,AB,92.0,63.0
T7S,AB,96.0,107.0
T7S,AB,118.0,127.0
T7S,AB,92.0,174.0
T7S,AB,93.0,206.0
T0G,AB,91.0,27.0
T0H,AB,92.0,101.0
T0H,AB,91.0,21.0
T0H,AB,91.0,34.0
T0H,AB,97.0,71.0
T0H,AB,94.0,193.0
T0H,AB,97.0,77.0
T0H,AB,92.0,64.0
T0H,AB,91.0,88.0
T0H,AB,93.0,57.0
T0H,AB,91.0,77.0
T0H,AB,91.0,87.0
T0H,AB,91.0,35.0
T0H,AB,93.0,67.0
T0H,AB,92.0,94.0
T0H,AB,92.0,132.0
T0H,AB,132.0,140.0
T0H,AB,104.0,159.0
T0H,AB,92.0,188.0
T0H,AB,91.0,362.0
T0H,AB,92.0,62.0
T0H,AB,130.0,66.0
T0H,AB,91.0,189.0
T0H,AB,95.0,107.0
T0G,AB,93.0,100.0
T0H,AB,90.0,126.0
T0H,AB,94.0,31.0
T0H,AB,91.0,32.0
T0H,AB,91.0,44.0
T0H,AB,92.0,120.0
T0H,AB,95.0,121.0
T0H,AB,93.0,216.0
T0H,AB,98.0,24.0
T0H,AB,184.0,52.0
T0H,AB,140.0,83.0
T0H,AB,97.0,314.0
T0G,AB,104.0,153.0
T0H,AB,96.0,7.5
T0H,AB,104.0,19.0
T0H,AB,95.0,20.0
T0H,AB,92.0,30.0
T0H,AB,91.0,33.0
T0H,AB,86.0,37.0
T0H,AB,100.0,69.0
T0H,AB,92.0,98.0
T0H,AB,91.0,105.0
T0H,AB,103.0,128.0
T0E,AB,93.0,7.5
T0E,AB,93.0,17.0
T0E,AB,93.0,24.0
T0E,AB,99.0,26.0
T0E,AB,92.0,28.0
T0E,AB,91.0,31.0
T0E,AB,91.0,31.0
T0E,AB,90.0,31.0
T0E,AB,98.0,35.0
T0E,AB,95.0,38.0
T0E,AB,104.0,65.0
T0E,AB,91.0,65.0
T0E,AB,92.0,67.0
T0E,AB,90.0,78.0
T0E,AB,96.0,85.0
T0E,AB,96.0,223.0
T8V,AB,92.0,7.5
T8V,AB,127.0,25.0
T8V,AB,91.0,27.0
T8V,AB,94.0,31.0
T8V,AB,91.0,34.0
T8V,AB,93.0,37.0
T8V,AB,95.0,46.0
T8V,AB,115.0,53.0
T8V,AB,124.0,58.0
T8V,AB,91.0,63.0
T8V,AB,61.0,66.0
T8V,AB,95.0,68.0
T8V,AB,91.0,73.0
T8V,AB,98.0,74.0
T8V,AB,91.0,75.0
T8V,AB,117.0,76.0
T8V,AB,91.0,85.0
T8V,AB,90.0,91.0
T8V,AB,92.0,93.0
T8V,AB,90.0,94.0
T8V,AB,96.0,95.0
T8V,AB,109.0,103.0
T8V,AB,93.0,112.0
T8V,AB,161.0,119.0
T8V,AB,91.0,135.0
T8V,AB,92.0,149.0
T8V,AB,116.0,160.0
T8V,AB,159.0,208.0
T8V,AB,91.0,253.0
T8W,AB,92.0,22.0
T8W,AB,92.0,25.0
T8W,AB,91.0,29.0
T8W,AB,92.0,39.0
T8W,AB,91.0,40.0
T8W,AB,183.0,50.0
T8W,AB,116.0,58.0
T8W,AB,103.0,59.0
T8W,AB,91.0,68.0
T8W,AB,91.0,78.0
T8W,AB,95.0,80.0
T8W,AB,102.0,89.0
T8W,AB,91.0,90.0
T8W,AB,97.0,103.0
T8W,AB,126.0,128.0
T8W,AB,91.0,247.0
T8X,AB,95.0,7.5
T8X,AB,91.0,20.0
T8X,AB,93.0,35.0
T8X,AB,102.0,52.0
T8X,AB,92.0,55.0
T8X,AB,92.0,115.0
T8X,AB,99.0,122.0
T8X,AB,127.0,130.0
T0H,AB,91.0,85.0
T0H,AB,92.0,86.0
T0H,AB,92.0,108.0
T0H,AB,93.0,112.0
T0H,AB,92.0,185.0
T0H,AB,110.0,191.0
T0H,AB,108.0,27.0
T0G,AB,91.0,34.0
T0G,AB,100.0,72.0
T0G,AB,92.0,78.0
T0G,AB,91.0,87.0
T0G,AB,91.0,125.0
T0G,AB,89.0,157.0
T0G,AB,109.0,177.0
T0G,AB,105.0,196.0
T0G,AB,90.0,196.0
T0G,AB,97.0,338.0
T0G,AB,98.0,443.0
T0G,AB,92.0,686.0
T0G,AB,134.0,1391.0
T0H,AB,117.0,48.0
T0H,AB,181.0,112.0
T0G,AB,91.0,33.0
T0H,AB,99.0,56.0
T0H,AB,95.0,32.0
T0H,AB,94.0,112.0
T0H,AB,96.0,133.0
T0H,AB,120.0,353.0
T0H,AB,90.0,63.0
T0H,AB,95.0,82.0
T0H,AB,104.0,101.0
T0H,AB,90.0,117.0
T0H,AB,98.0,169.0
T0H,AB,93.0,38.0
T0H,AB,103.0,42.0
T0H,AB,94.0,71.0
T0H,AB,91.0,95.0
T0H,AB,91.0,133.0
T0H,AB,91.0,386.0
T8S,AB,99.0,23.0
T8S,AB,115.0,82.0
T8S,AB,90.0,102.0
T8S,AB,92.0,110.0
T8S,AB,91.0,169.0
T8S,AB,101.0,286.0
T8S,AB,92.0,393.0
T0H,AB,97.0,49.0
T0H,AB,95.0,19.0
T0H,AB,120.0,22.0
T0H,AB,92.0,36.0
T0H,AB,91.0,44.0
T0H,AB,91.0,71.0
T0H,AB,91.0,72.0
T0H,AB,88.0,34.0
T0H,AB,94.0,35.0
T0H,AB,91.0,41.0
T0H,AB,116.0,51.0
T0H,AB,91.0,82.0
T0H,AB,114.0,104.0
T0H,AB,91.0,127.0
T0H,AB,92.0,27.0
T0H,AB,92.0,53.0
T0H,AB,98.0,7.5
T0H,AB,92.0,7.5
T0H,AB,90.0,7.5
T0H,AB,93.0,18.0
T0H,AB,91.0,19.0
T0H,AB,96.0,20.0
T0H,AB,90.0,24.0
T0H,AB,91.0,30.0
T0H,AB,94.0,35.0
T0H,AB,92.0,36.0
T0H,AB,91.0,38.0
T0H,AB,118.0,63.0
T0H,AB,99.0,65.0
T0H,AB,126.0,82.0
T0H,AB,90.0,85.0
T0H,AB,91.0,121.0
T0H,AB,91.0,135.0
T0H,AB,95.0,195.0
T0H,AB,107.0,219.0
T0H,AB,92.0,366.0
T0H,AB,91.0,28.0
T0H,AB,92.0,29.0
T0H,AB,93.0,33.0
T0H,AB,96.0,69.0
T0H,AB,90.0,129.0
T0H,AB,137.0,212.0
T0P,AB,100.0,7.5
T0P,AB,93.0,15.0
T0P,AB,96.0,65.0
T0P,AB,96.0,7.5
T0P,AB,92.0,22.0
T0P,AB,91.0,22.0
T0P,AB,81.0,26.0
T9H,AB,108.0,18.0
T9H,AB,85.0,7.5
T9H,AB,91.0,7.5
T9H,AB,94.0,7.5
T9H,AB,91.0,20.0
T9H,AB,94.0,25.0
T9H,AB,93.0,26.0
T9H,AB,132.0,26.0
T9H,AB,124.0,27.0
T9H,AB,90.0,31.0
T9H,AB,93.0,31.0
T9H,AB,98.0,32.0
T9H,AB,93.0,38.0
T9H,AB,91.0,39.0
T9H,AB,81.0,43.0
T9H,AB,172.0,45.0
T9H,AB,96.0,56.0
T9H,AB,93.0,60.0
T9H,AB,97.0,71.0
T9H,AB,92.0,73.0
T9H,AB,100.0,75.0
T9H,AB,95.0,78.0
T9H,AB,100.0,86.0
T9H,AB,131.0,86.0
T9H,AB,91.0,87.0
T9H,AB,102.0,103.0
T9H,AB,92.0,104.0
T9H,AB,91.0,147.0
T9H,AB,103.0,168.0
T9J,AB,94.0,28.0
T9J,AB,119.0,32.0
T9J,AB,108.0,81.0
T9K,AB,107.0,7.5
T9K,AB,91.0,7.5
T9K,AB,87.0,7.5
T9K,AB,93.0,7.5
T9K,AB,110.0,7.5
T9K,AB,90.0,7.5
T9K,AB,95.0,18.0
T9K,AB,92.0,18.0
T9K,AB,63.0,19.0
T9K,AB,87.0,20.0
T9K,AB,83.0,20.0
T9K,AB,111.0,20.0
T9K,AB,94.0,21.0
T9K,AB,92.0,22.0
T9K,AB,61.0,25.0
T9K,AB,91.0,27.0
T9K,AB,91.0,27.0
T9K,AB,93.0,29.0
T9K,AB,99.0,29.0
T9K,AB,92.0,29.0
T9K,AB,90.0,29.0
T9K,AB,98.0,30.0
T9K,AB,95.0,32.0
T9K,AB,94.0,33.0
T9K,AB,91.0,38.0
T9K,AB,91.0,38.0
T9K,AB,97.0,40.0
T9K,AB,139.0,41.0
T9K,AB,95.0,55.0
T9K,AB,96.0,57.0
T9K,AB,104.0,59.0
T9K,AB,90.0,60.0
T9K,AB,149.0,69.0
T9K,AB,91.0,70.0
T9K,AB,92.0,73.0
T9K,AB,92.0,75.0
T9K,AB,100.0,78.0
T9K,AB,114.0,81.0
T9K,AB,91.0,86.0
T9K,AB,91.0,108.0
T9K,AB,99.0,151.0
T0H,AB,122.0,23.0
T0H,AB,100.0,54.0
T0H,AB,100.0,55.0
T0H,AB,92.0,63.0
T0H,AB,90.0,69.0
T0H,AB,123.0,91.0
T0H,AB,92.0,114.0
T0H,AB,101.0,115.0
T0H,AB,98.0,133.0
T0H,AB,93.0,145.0
T0H,AB,92.0,158.0
T0H,AB,94.0,159.0
T0H,AB,95.0,212.0
T0H,AB,89.0,7.5
T0H,AB,93.0,18.0
T0H,AB,112.0,20.0
T0H,AB,98.0,21.0
T0H,AB,90.0,21.0
T0H,AB,91.0,23.0
T0H,AB,111.0,25.0
T0H,AB,90.0,31.0
T0H,AB,96.0,32.0
T0H,AB,94.0,37.0
T0H,AB,93.0,37.0
T0H,AB,103.0,38.0
T0H,AB,91.0,56.0
T0H,AB,155.0,61.0
T0H,AB,97.0,69.0
T0H,AB,91.0,73.0
T0H,AB,104.0,76.0
T0H,AB,97.0,77.0
T0H,AB,95.0,79.0
T0H,AB,100.0,87.0
T0H,AB,92.0,91.0
T0H,AB,96.0,93.0
T0H,AB,105.0,98.0
T0H,AB,90.0,107.0
T0H,AB,91.0,113.0
T0H,AB,90.0,113.0
T0H,AB,91.0,119.0
T0H,AB,91.0,124.0
T0H,AB,91.0,124.0
T0H,AB,92.0,128.0
T0H,AB,92.0,129.0
T0H,AB,124.0,140.0
T0H,AB,91.0,151.0
T0H,AB,101.0,153.0
T0H,AB,103.0,177.0
T0H,AB,90.0,7.5
T0H,AB,90.0,27.0
T0H,AB,100.0,28.0
T0H,AB,102.0,29.0
T0H,AB,84.0,30.0
T0H,AB,106.0,71.0
T0H,AB,93.0,84.0
T0H,AB,91.0,89.0
T0H,AB,91.0,90.0
T0H,AB,99.0,96.0
T0H,AB,109.0,98.0
T0H,AB,102.0,105.0
T0H,AB,97.0,148.0
T0H,AB,120.0,164.0
T0H,AB,100.0,174.0
T0H,AB,92.0,25.0
V0A,BC,90.0,21.0
V0A,BC,98.0,72.0
V0B,BC,96.0,86.0
V0B,BC,90.0,106.0
V0A,BC,96.0,30.0
V0B,BC,95.0,171.0
V0B,BC,92.0,7.5
V0B,BC,93.0,71.0
V0B,BC,91.0,87.0
V1C,BC,92.0,7.5
V1C,BC,99.0,7.5
V1C,BC,120.0,7.5
V1C,BC,91.0,18.0
V1C,BC,91.0,20.0
V1C,BC,91.0,21.0
V1C,BC,79.0,31.0
V1C,BC,91.0,32.0
V1C,BC,91.0,41.0
V1C,BC,93.0,45.0
V1C,BC,90.0,53.0
V1C,BC,92.0,55.0
V1C,BC,91.0,63.0
V1C,BC,103.0,64.0
V1C,BC,102.0,76.0
V1C,BC,91.0,89.0
V1C,BC,91.0,96.0
V1C,BC,92.0,99.0
V1C,BC,91.0,115.0
V1C,BC,91.0,118.0
V1C,BC,91.0,138.0
V1C,BC,98.0,150.0
V1C,BC,91.0,151.0
V1C,BC,95.0,231.0
V0B,BC,90.0,76.0
V0B,BC,131.0,16.0
V0B,BC,97.0,22.0
V0B,BC,121.0,28.0
V0B,BC,95.0,36.0
V0B,BC,92.0,52.0
V0B,BC,99.0,60.0
V0B,BC,91.0,62.0
V0B,BC,91.0,68.0
V0B,BC,92.0,78.0
V0B,BC,121.0,105.0
V0B,BC,92.0,107.0
V0B,BC,95.0,118.0
V0B,BC,91.0,158.0
V0B,BC,91.0,246.0
V0B,BC,92.0,332.0
V0B,BC,92.0,367.0
V0B,BC,90.0,395.0
V0G,BC,91.0,96.0
V0B,BC,90.0,89.0
V0B,BC,90.0,257.0
V0B,BC,93.0,369.0
V0B,BC,123.0,80.0
V0B,BC,90.0,139.0
V0B,BC,92.0,118.0
V0G,BC,91.0,1323.0
V0B,BC,95.0,109.0
V0B,BC,89.0,288.0
V0B,BC,91.0,373.0
V0B,BC,90.0,425.0
V0B,BC,92.0,483.0
V0A,BC,102.0,7.5
V0A,BC,93.0,68.0
V0A,BC,92.0,74.0
V0A,BC,92.0,75.0
V0A,BC,93.0,168.0
V0A,BC,91.0,601.0
V0A,BC,91.0,31.0
V0A,BC,93.0,36.0
V0A,BC,97.0,93.0
V0A,BC,100.0,121.0
V0B,BC,91.0,7.5
V0B,BC,91.0,22.0
V1A,BC,91.0,18.0
V1A,BC,91.0,62.0
V1A,BC,92.0,81.0
V1A,BC,97.0,93.0
V1A,BC,93.0,97.0
V1A,BC,95.0,107.0
V1A,BC,90.0,114.0
V1A,BC,90.0,245.0
V1A,BC,91.0,393.0
V0B,BC,100.0,594.0
V1A,BC,99.0,106.0
V1A,BC,92.0,384.0
V0B,BC,90.0,7.5
V0A,BC,91.0,7.5
V0A,BC,91.0,233.0
V0B,BC,96.0,126.0
V0B,BC,83.0,22.0
V0B,BC,100.0,32.0
V0B,BC,101.0,33.0
V0B,BC,96.0,50.0
V0B,BC,115.0,61.0
V0B,BC,92.0,66.0
V0B,BC,101.0,145.0
V0B,BC,92.0,256.0
V0B,BC,92.0,2941.0
V0B,BC,90.0,169.0
V0B,BC,91.0,170.0
V0B,BC,80.0,7.5
V0B,BC,132.0,83.0
V0H,BC,97.0,17.0
V1N,BC,98.0,73.0
V1N,BC,91.0,74.0
V1N,BC,91.0,80.0
V1N,BC,91.0,105.0
V1N,BC,94.0,147.0
V1N,BC,94.0,212.0
V1N,BC,91.0,235.0
V1N,BC,99.0,273.0
V1N,BC,93.0,359.0
V1N,BC,90.0,378.0
V1N,BC,91.0,668.0
V1N,BC,91.0,784.0
V0H,BC,88.0,51.0
V0H,BC,96.0,171.0
V0H,BC,92.0,232.0
V0H,BC,92.0,1772.0
V0G,BC,92.0,260.0
V0G,BC,113.0,387.0
V0G,BC,97.0,7.5
V0G,BC,120.0,16.0
V0G,BC,91.0,22.0
V0G,BC,92.0,28.0
V0G,BC,91.0,86.0
V0G,BC,92.0,94.0
V0G,BC,117.0,99.0
V0G,BC,100.0,165.0
V0G,BC,89.0,207.0
V0G,BC,91.0,135.0
V0G,BC,92.0,743.0
V0H,BC,91.0,18.0
V0H,BC,92.0,19.0
V0H,BC,89.0,61.0
V0H,BC,133.0,227.0
V0H,BC,90.0,242.0
V0H,BC,85.0,255.0
V0H,BC,91.0,353.0
V0H,BC,91.0,486.0
V0H,BC,91.0,992.0
V0H,BC,91.0,118.0
V0G,BC,91.0,20.0
V0H,BC,91.0,179.0
V0G,BC,91.0,20.0
V0G,BC,91.0,116.0
V0G,BC,91.0,7.5
V0G,BC,91.0,16.0
V0G,BC,91.0,20.0
V0G,BC,91.0,28.0
V0G,BC,91.0,30.0
V0G,BC,95.0,42.0
V0G,BC,164.0,52.0
V1L,BC,110.0,7.5
V1L,BC,91.0,73.0
V1L,BC,92.0,77.0
V1L,BC,91.0,85.0
V1L,BC,103.0,87.0
V1L,BC,92.0,96.0
V1L,BC,92.0,114.0
V1L,BC,101.0,120.0
V1L,BC,93.0,137.0
V1L,BC,91.0,152.0
V1L,BC,90.0,152.0
V1L,BC,94.0,215.0
V1L,BC,92.0,357.0
V0G,BC,90.0,379.0
V0H,BC,92.0,36.0
V0H,BC,91.0,77.0
V0H,BC,122.0,95.0
V0H,BC,97.0,148.0
V0H,BC,93.0,164.0
V0H,BC,91.0,780.0
V0H,BC,91.0,697.0
V0G,BC,111.0,21.0
V0G,BC,118.0,25.0
V0G,BC,95.0,32.0
V0G,BC,95.0,39.0
V0G,BC,90.0,80.0
V0G,BC,97.0,96.0
V0G,BC,95.0,202.0
V0G,BC,91.0,7.5
V0G,BC,91.0,7.5
V0G,BC,93.0,86.0
V0G,BC,91.0,182.0
V0G,BC,91.0,96.0
V0G,BC,102.0,120.0
V0G,BC,107.0,505.0
V1R,BC,99.0,22.0
V1R,BC,92.0,25.0
V1R,BC,122.0,27.0
V1R,BC,103.0,29.0
V1R,BC,92.0,33.0
V1R,BC,93.0,37.0
V1R,BC,92.0,61.0
V1R,BC,90.0,70.0
V1R,BC,91.0,72.0
V1R,BC,92.0,95.0
V1R,BC,92.0,105.0
V1R,BC,91.0,125.0
V1R,BC,91.0,169.0
V1R,BC,90.0,224.0
V1R,BC,91.0,249.0
V1R,BC,91.0,315.0
V1R,BC,92.0,722.0
V0H,BC,91.0,93.0
V0G,BC,91.0,41.0
V0G,BC,96.0,56.0
V0G,BC,91.0,251.0
V0G,BC,128.0,322.0
V0G,BC,91.0,22.0
V0E,BC,94.0,62.0
V0E,BC,95.0,68.0
V0E,BC,92.0,108.0
V0E,BC,91.0,133.0
V0E,BC,92.0,135.0
V0E,BC,94.0,136.0
V0X,BC,97.0,73.0
V1B,BC,100.0,25.0
V1B,BC,92.0,39.0
V1B,BC,92.0,59.0
V1B,BC,138.0,114.0
V1B,BC,91.0,224.0
V0E,BC,98.0,7.5
V0E,BC,97.0,20.0
V0E,BC,91.0,47.0
V0H,BC,92.0,29.0
V0H,BC,95.0,389.0
V0H,BC,100.0,466.0
*,BC,96.0,39.0
V1V,BC,91.0,83.0
V1V,BC,91.0,168.0
V1W,BC,94.0,26.0
V1W,BC,64.0,47.0
V1W,BC,92.0,76.0
V1W,BC,93.0,139.0
V1W,BC,91.0,262.0
V1X,BC,95.0,90.0
V1X,BC,101.0,116.0
V1X,BC,94.0,145.0
V1X,BC,91.0,183.0
V1X,BC,92.0,275.0
V1X,BC,92.0,313.0
V1X,BC,90.0,418.0
V1Y,BC,91.0,18.0
V1Y,BC,89.0,21.0
V1Y,BC,91.0,24.0
V1Y,BC,90.0,28.0
V1Y,BC,90.0,31.0
V1Y,BC,91.0,48.0
V1Y,BC,94.0,90.0
V1Z,BC,95.0,65.0
V0X,BC,92.0,84.0
V0E,BC,90.0,23.0
V0E,BC,92.0,26.0
V0E,BC,97.0,49.0
V0E,BC,117.0,67.0
V0E,BC,151.0,114.0
V0E,BC,91.0,162.0
V0H,BC,91.0,7.5
V0H,BC,92.0,7.5
V0H,BC,91.0,22.0
V0H,BC,91.0,26.0
V0H,BC,90.0,100.0
V4V,BC,94.0,456.0
V0H,BC,99.0,633.0
V2A,BC,88.0,7.5
V2A,BC,92.0,15.0
V2A,BC,104.0,21.0
V2A,BC,91.0,25.0
V2A,BC,91.0,26.0
V2A,BC,93.0,27.0
V2A,BC,94.0,32.0
V2A,BC,91.0,35.0
V2A,BC,106.0,37.0
V2A,BC,91.0,64.0
V2A,BC,93.0,78.0
V2A,BC,90.0,80.0
V2A,BC,93.0,125.0
V2A,BC,91.0,143.0
V2A,BC,91.0,177.0
V2A,BC,91.0,244.0
V0X,BC,94.0,31.0
V0X,BC,91.0,171.0
V1E,BC,103.0,37.0
V1E,BC,100.0,97.0
V0H,BC,90.0,112.0
V1B,BC,91.0,38.0
V1B,BC,92.0,90.0
V1B,BC,93.0,105.0
V1B,BC,112.0,111.0
V1B,BC,91.0,126.0
V1B,BC,90.0,131.0
V1B,BC,93.0,133.0
V1B,BC,92.0,140.0
V1B,BC,95.0,172.0
V1B,BC,91.0,256.0
V1B,BC,124.0,284.0
V1H,BC,91.0,18.0
V1H,BC,91.0,70.0
V1H,BC,163.0,88.0
V1H,BC,93.0,194.0
V1H,BC,106.0,245.0
V1H,BC,101.0,532.0
V1H,BC,94.0,1019.0
V1H,BC,91.0,1410.0
V1T,BC,97.0,24.0
V1T,BC,92.0,29.0
V1T,BC,92.0,35.0
V1T,BC,104.0,43.0
V1T,BC,95.0,80.0
V1T,BC,112.0,90.0
V1T,BC,93.0,92.0
V1T,BC,103.0,94.0
V1T,BC,90.0,133.0
V1T,BC,91.0,371.0
V1Z,BC,91.0,190.0
V4T,BC,90.0,216.0
V4T,BC,93.0,166.0
V4V,BC,92.0,203.0
V0K,BC,91.0,16.0
V0K,BC,90.0,16.0
V0K,BC,94.0,17.0
V0K,BC,81.0,83.0
V0K,BC,92.0,7.5
V0K,BC,111.0,18.0
V0K,BC,91.0,74.0
V0K,BC,92.0,88.0
V0K,BC,92.0,26.0
V0K,BC,90.0,90.0
V0L,BC,94.0,83.0
V0E,BC,92.0,15.0
V0E,BC,92.0,65.0
V0E,BC,91.0,84.0
V0K,BC,100.0,99.0
V0K,BC,92.0,55.0
V0E,BC,91.0,60.0
V0E,BC,90.0,70.0
V0E,BC,105.0,35.0
V0E,BC,91.0,57.0
V0E,BC,91.0,58.0
V0K,BC,139.0,7.5
V0K,BC,91.0,19.0
V0E,BC,91.0,90.0
V0E,BC,95.0,326.0
V0L,BC,106.0,20.0
V0L,BC,98.0,49.0
*,BC,91.0,27.0
V2B,BC,92.0,7.5
V2B,BC,95.0,7.5
V2B,BC,93.0,35.0
V2B,BC,101.0,54.0
V2B,BC,90.0,61.0
V2B,BC,91.0,86.0
V2B,BC,91.0,136.0
V2C,BC,92.0,29.0
V2C,BC,91.0,33.0
V2E,BC,97.0,7.5
V2E,BC,92.0,22.0
V2E,BC,91.0,51.0
V2E,BC,90.0,58.0
V2E,BC,92.0,82.0
V2E,BC,91.0,94.0
V2H,BC,96.0,43.0
V2H,BC,91.0,70.0
V0E,BC,92.0,99.0
V0K,BC,92.0,16.0
V0K,BC,93.0,7.5
V0K,BC,111.0,28.0
V0K,BC,90.0,36.0
V0K,BC,92.0,90.0
V0K,BC,91.0,140.0
V0K,BC,90.0,216.0
V0K,BC,101.0,7.5
V0K,BC,93.0,15.0
V0K,BC,100.0,17.0
V0K,BC,94.0,283.0
V0E,BC,92.0,36.0
V1K,BC,90.0,7.5
V1K,BC,97.0,21.0
V1K,BC,91.0,29.0
V1K,BC,91.0,48.0
V1K,BC,91.0,58.0
V1K,BC,95.0,93.0
V0E,BC,105.0,391.0
V0E,BC,99.0,32.0
V0E,BC,109.0,89.0
V0E,BC,92.0,376.0
V1E,BC,150.0,7.5
V1E,BC,103.0,7.5
V1E,BC,92.0,7.5
V1E,BC,131.0,16.0
V1E,BC,91.0,22.0
V1E,BC,90.0,23.0
V1E,BC,95.0,26.0
V1E,BC,92.0,30.0
V1E,BC,91.0,31.0
V1E,BC,92.0,39.0
V1E,BC,91.0,41.0
V1E,BC,91.0,46.0
V1E,BC,91.0,48.0
V1E,BC,104.0,48.0
V1E,BC,90.0,52.0
V1E,BC,91.0,53.0
V1E,BC,91.0,57.0
V1E,BC,91.0,97.0
V1E,BC,89.0,102.0
V1E,BC,93.0,106.0
V1E,BC,91.0,181.0
V1E,BC,92.0,251.0
V1E,BC,91.0,263.0
V0E,BC,92.0,20.0
V0E,BC,96.0,39.0
V0E,BC,93.0,7.5
V0E,BC,93.0,55.0
V0E,BC,92.0,69.0
V0E,BC,91.0,80.0
V0E,BC,91.0,29.0
V0E,BC,91.0,85.0
V0E,BC,97.0,112.0
V2G,BC,92.0,7.5
V2G,BC,88.0,16.0
V2G,BC,62.0,22.0
V2G,BC,91.0,23.0
V2G,BC,93.0,29.0
V2G,BC,91.0,39.0
V2G,BC,91.0,41.0
V2G,BC,91.0,59.0
V2G,BC,91.0,91.0
V2S,BC,92.0,7.5
V2S,BC,116.0,7.5
V2S,BC,91.0,7.5
V2S,BC,92.0,7.5
V2S,BC,91.0,7.5
V2S,BC,91.0,16.0
V2S,BC,92.0,18.0
V2S,BC,93.0,22.0
V2S,BC,101.0,23.0
V2S,BC,91.0,23.0
V2S,BC,122.0,25.0
V2S,BC,95.0,27.0
V2S,BC,91.0,49.0
V2S,BC,102.0,70.0
V2S,BC,91.0,76.0
V2S,BC,150.0,90.0
V2S,BC,89.0,532.0
V2T,BC,90.0,7.5
V2T,BC,90.0,7.5
V2T,BC,100.0,7.5
V2T,BC,91.0,17.0
V2T,BC,91.0,18.0
V2T,BC,101.0,19.0
V2T,BC,91.0,20.0
V2T,BC,89.0,26.0
V2T,BC,91.0,28.0
V2T,BC,90.0,29.0
V2T,BC,91.0,31.0
V2T,BC,90.0,33.0
V2T,BC,98.0,105.0
V3G,BC,92.0,7.5
V3G,BC,92.0,7.5
V3G,BC,101.0,7.5
V3G,BC,62.0,7.5
V3G,BC,98.0,7.5
V3G,BC,91.0,15.0
V3G,BC,91.0,17.0
V3G,BC,91.0,20.0
V3G,BC,91.0,70.0
V3G,BC,104.0,109.0
V4X,BC,89.0,7.5
V4X,BC,91.0,21.0
V4X,BC,103.0,397.0
V0M,BC,90.0,7.5
V0M,BC,98.0,18.0
V0M,BC,100.0,23.0
V0M,BC,107.0,55.0
V0M,BC,90.0,89.0
V2P,BC,95.0,7.5
V2P,BC,102.0,7.5
V2P,BC,100.0,7.5
V2P,BC,90.0,17.0
V2P,BC,96.0,20.0
V2P,BC,92.0,29.0
V2P,BC,90.0,31.0
V2P,BC,92.0,37.0
V2P,BC,91.0,38.0
V2R,BC,91.0,7.5
V2R,BC,93.0,7.5
V2R,BC,94.0,7.5
V2R,BC,92.0,7.5
V2R,BC,91.0,7.5
V2R,BC,93.0,17.0
V2R,BC,93.0,20.0
V2R,BC,104.0,24.0
V2R,BC,94.0,26.0
V2R,BC,97.0,26.0
V2R,BC,97.0,31.0
V2R,BC,90.0,35.0
V2R,BC,93.0,40.0
V2R,BC,91.0,114.0
*,BC,91.0,7.5
V2R,BC,86.0,105.0
V0X,BC,91.0,7.5
V0X,BC,92.0,23.0
V0X,BC,100.0,36.0
V0X,BC,113.0,47.0
V0X,BC,90.0,119.0
V0X,BC,116.0,197.0
V0X,BC,98.0,349.0
V0M,BC,90.0,7.5
V2V,BC,92.0,7.5
V2V,BC,93.0,7.5
V2V,BC,93.0,7.5
V2V,BC,94.0,7.5
V2V,BC,105.0,7.5
V2V,BC,91.0,7.5
V2V,BC,93.0,7.5
V2V,BC,100.0,7.5
V2V,BC,99.0,7.5
V2V,BC,91.0,15.0
V2V,BC,104.0,18.0
V2V,BC,91.0,18.0
V2V,BC,104.0,21.0
V2V,BC,94.0,23.0
V4S,BC,92.0,16.0
V4S,BC,95.0,20.0
V4S,BC,92.0,32.0
V0X,BC,103.0,49.0
V0X,BC,108.0,64.0
V3J,BC,90.0,7.5
V3N,BC,91.0,7.5
V3N,BC,92.0,7.5
V3N,BC,94.0,7.5
V3N,BC,85.0,26.0
V5A,BC,91.0,7.5
V5A,BC,101.0,7.5
V5A,BC,91.0,7.5
V5A,BC,94.0,7.5
V5A,BC,91.0,25.0
V5B,BC,102.0,7.5
V5B,BC,97.0,7.5
V5B,BC,90.0,7.5
V5B,BC,91.0,17.0
V5B,BC,91.0,23.0
V5B,BC,90.0,31.0
V5C,BC,94.0,7.5
V5C,BC,91.0,7.5
V5C,BC,95.0,7.5
V5C,BC,91.0,19.0
V5G,BC,99.0,7.5
V5G,BC,90.0,7.5
V5G,BC,91.0,7.5
V5G,BC,85.0,7.5
V5G,BC,89.0,7.5
V5G,BC,91.0,16.0
V5G,BC,92.0,18.0
V5G,BC,100.0,18.0
*,BC,103.0,7.5
*,BC,91.0,7.5
V3B,BC,90.0,7.5
V3B,BC,92.0,7.5
V3B,BC,91.0,7.5
V3C,BC,91.0,16.0
V3E,BC,101.0,7.5
V3E,BC,142.0,7.5
V3E,BC,97.0,7.5
V3E,BC,114.0,7.5
V3E,BC,97.0,15.0
V3E,BC,130.0,23.0
V3H,BC,90.0,7.5
V3J,BC,94.0,7.5
V3J,BC,91.0,7.5
V3J,BC,98.0,7.5
V3J,BC,98.0,7.5
V3J,BC,90.0,44.0
V3K,BC,91.0,7.5
V3K,BC,91.0,7.5
V3K,BC,98.0,7.5
V3K,BC,92.0,7.5
V3K,BC,91.0,7.5
V3K,BC,92.0,7.5
V3K,BC,91.0,7.5
V3K,BC,98.0,7.5
V3K,BC,90.0,7.5
V3K,BC,80.0,20.0
V3K,BC,92.0,21.0
V2W,BC,102.0,7.5
V2W,BC,91.0,7.5
V2W,BC,106.0,7.5
V2W,BC,109.0,21.0
V2W,BC,62.0,45.0
V2X,BC,92.0,7.5
V2X,BC,93.0,7.5
V2X,BC,91.0,7.5
V2X,BC,92.0,7.5
V2X,BC,91.0,7.5
V2X,BC,103.0,7.5
V2X,BC,89.0,7.5
V2X,BC,92.0,7.5
V2X,BC,91.0,16.0
V2X,BC,91.0,19.0
V2X,BC,91.0,21.0
V2X,BC,91.0,24.0
V2X,BC,90.0,27.0
V2X,BC,102.0,37.0
V4R,BC,92.0,7.5
V4R,BC,101.0,7.5
V4R,BC,96.0,7.5
V3L,BC,104.0,7.5
V3L,BC,100.0,7.5
V3L,BC,92.0,7.5
V3L,BC,91.0,15.0
V3Y,BC,90.0,7.5
V3Y,BC,92.0,7.5
V3Y,BC,98.0,7.5
V3Y,BC,91.0,18.0
V3B,BC,96.0,7.5
V3B,BC,106.0,7.5
V3B,BC,91.0,7.5
V3C,BC,93.0,7.5
V3C,BC,152.0,7.5
V3C,BC,98.0,7.5
V3C,BC,93.0,7.5
V3C,BC,91.0,7.5
V3C,BC,93.0,7.5
V3C,BC,91.0,15.0
V3C,BC,94.0,16.0
V3C,BC,117.0,20.0
V3H,BC,91.0,7.5
V3H,BC,105.0,7.5
V3H,BC,92.0,7.5
V3H,BC,97.0,7.5
V3H,BC,90.0,7.5
V3H,BC,91.0,7.5
V3H,BC,90.0,7.5
V3H,BC,94.0,7.5
V2W,BC,91.0,7.5
V4W,BC,91.0,7.5
V4W,BC,94.0,15.0
V4W,BC,91.0,24.0
V4C,BC,95.0,7.5
V4C,BC,127.0,7.5
V4C,BC,91.0,7.5
V4C,BC,91.0,7.5
V4C,BC,91.0,7.5
V4C,BC,91.0,7.5
V4C,BC,94.0,15.0
V4C,BC,90.0,17.0
V4E,BC,92.0,7.5
V4E,BC,93.0,26.0
V4K,BC,93.0,7.5
V4K,BC,91.0,7.5
V4K,BC,90.0,7.5
V4K,BC,92.0,7.5
V4K,BC,94.0,7.5
V4K,BC,232.0,7.5
V4K,BC,95.0,7.5
V4K,BC,60.0,17.0
*,BC,93.0,7.5
V1M,BC,92.0,7.5
V1M,BC,91.0,7.5
V1M,BC,90.0,22.0
V1M,BC,91.0,25.0
*,BC,91.0,7.5
V2Z,BC,91.0,7.5
V2Z,BC,102.0,7.5
V2Z,BC,93.0,32.0
V2Z,BC,95.0,80.0
V3A,BC,93.0,7.5
V3A,BC,91.0,7.5
V3A,BC,98.0,15.0
V3A,BC,93.0,19.0
V4W,BC,90.0,16.0
V4W,BC,91.0,23.0
V4C,BC,84.0,15.0
V3S,BC,112.0,7.5
V3R,BC,90.0,7.5
V3R,BC,91.0,7.5
V3R,BC,91.0,17.0
V3R,BC,91.0,22.0
V3S,BC,93.0,7.5
V3S,BC,92.0,7.5
V3S,BC,91.0,7.5
V3S,BC,91.0,7.5
V3S,BC,92.0,7.5
V3S,BC,131.0,7.5
V3S,BC,92.0,7.5
V3S,BC,90.0,15.0
V3S,BC,89.0,20.0
V3S,BC,93.0,22.0
V3S,BC,96.0,27.0
V3S,BC,92.0,35.0
V3S,BC,91.0,94.0
*,BC,91.0,7.5
V3W,BC,122.0,7.5
V3W,BC,95.0,7.5
V3W,BC,94.0,7.5
*,BC,92.0,7.5
V4A,BC,98.0,7.5
V4A,BC,99.0,7.5
V4A,BC,93.0,41.0
V4N,BC,91.0,7.5
V4N,BC,97.0,7.5
V4N,BC,92.0,7.5
V4B,BC,91.0,7.5
V4B,BC,94.0,7.5
V4B,BC,91.0,19.0
V6X,BC,232.0,7.5
V6X,BC,103.0,32.0
V6Y,BC,95.0,7.5
V6Y,BC,104.0,7.5
V6Y,BC,92.0,7.5
V6Y,BC,118.0,7.5
V6Y,BC,91.0,7.5
V7A,BC,92.0,7.5
V7A,BC,91.0,7.5
V7A,BC,92.0,7.5
V7A,BC,92.0,7.5
V7A,BC,119.0,7.5
V7A,BC,91.0,7.5
V7A,BC,91.0,7.5
V7A,BC,96.0,7.5
V7A,BC,89.0,7.5
V7A,BC,95.0,7.5
V7C,BC,92.0,7.5
V7C,BC,91.0,7.5
V7C,BC,91.0,7.5
V7C,BC,91.0,7.5
V7C,BC,93.0,7.5
V7C,BC,105.0,7.5
V7C,BC,91.0,7.5
V7C,BC,91.0,7.5
V7C,BC,98.0,7.5
V7C,BC,92.0,7.5
V7C,BC,111.0,7.5
V7C,BC,92.0,7.5
V7C,BC,95.0,7.5
V7C,BC,91.0,7.5
V7C,BC,90.0,7.5
V7C,BC,93.0,7.5
V7C,BC,97.0,7.5
V7C,BC,91.0,7.5
V7E,BC,93.0,7.5
V7E,BC,90.0,7.5
V7E,BC,91.0,7.5
V7E,BC,91.0,7.5
V7E,BC,95.0,7.5
V7E,BC,92.0,7.5
V7E,BC,92.0,7.5
V7E,BC,105.0,7.5
V7E,BC,90.0,7.5
V7E,BC,92.0,7.5
V7E,BC,99.0,7.5
V7E,BC,104.0,7.5
V7E,BC,92.0,7.5
V7E,BC,94.0,7.5
V7E,BC,98.0,7.5
V7E,BC,94.0,7.5
V7E,BC,91.0,7.5
V7E,BC,96.0,17.0
V7E,BC,90.0,18.0
V5K,BC,95.0,7.5
V5K,BC,96.0,7.5
V5L,BC,135.0,7.5
V5L,BC,102.0,7.5
V5L,BC,91.0,7.5
V5L,BC,99.0,7.5
V5L,BC,92.0,7.5
V5M,BC,91.0,7.5
V5M,BC,90.0,7.5
V5M,BC,96.0,18.0
V5N,BC,95.0,7.5
V5N,BC,91.0,7.5
V5N,BC,93.0,7.5
V5N,BC,102.0,7.5
V5N,BC,91.0,7.5
V5N,BC,104.0,7.5
V5N,BC,91.0,7.5
V5N,BC,91.0,22.0
V5R,BC,106.0,7.5
V5R,BC,102.0,7.5
V5R,BC,114.0,7.5
V5S,BC,91.0,7.5
V5S,BC,94.0,7.5
V5S,BC,92.0,7.5
*,BC,91.0,7.5
V5V,BC,91.0,7.5
V5V,BC,96.0,7.5
V5V,BC,90.0,7.5
V5V,BC,91.0,7.5
V5V,BC,96.0,20.0
V5V,BC,95.0,22.0
V5W,BC,91.0,7.5
V5W,BC,101.0,7.5
V5W,BC,99.0,7.5
V5W,BC,96.0,7.5
V5X,BC,91.0,7.5
V5X,BC,91.0,7.5
V5X,BC,92.0,7.5
V5X,BC,106.0,7.5
V5X,BC,91.0,16.0
V5X,BC,94.0,17.0
*,BC,99.0,17.0
*,BC,120.0,7.5
*,BC,91.0,18.0
*,BC,91.0,7.5
V6J,BC,91.0,7.5
V6J,BC,101.0,35.0
V6K,BC,91.0,7.5
V6K,BC,90.0,7.5
V6K,BC,91.0,7.5
V6L,BC,84.0,7.5
V6L,BC,119.0,7.5
V6M,BC,91.0,7.5
V6M,BC,94.0,7.5
V6M,BC,96.0,7.5
V6M,BC,91.0,7.5
V6M,BC,94.0,7.5
V6M,BC,91.0,7.5
V6N,BC,92.0,7.5
V6N,BC,91.0,7.5
V6N,BC,99.0,7.5
V6N,BC,159.0,7.5
V6N,BC,91.0,20.0
V6N,BC,91.0,30.0
V6N,BC,102.0,268.0
V6P,BC,91.0,7.5
V6P,BC,91.0,7.5
V6P,BC,91.0,7.5
V6P,BC,104.0,7.5
V6R,BC,94.0,7.5
V6R,BC,95.0,7.5
V6R,BC,98.0,7.5
V6R,BC,91.0,7.5
V6R,BC,116.0,7.5
V6R,BC,91.0,7.5
V6R,BC,103.0,15.0
V6R,BC,92.0,18.0
V6S,BC,89.0,7.5
V6S,BC,92.0,7.5
V6S,BC,92.0,7.5
V6S,BC,91.0,16.0
V6T,BC,93.0,7.5
V6T,BC,92.0,7.5
V0N,BC,95.0,7.5
V0N,BC,93.0,7.5
V0N,BC,91.0,7.5
V0N,BC,105.0,22.0
V0N,BC,94.0,7.5
V0N,BC,92.0,7.5
V0N,BC,100.0,18.0
V0N,BC,92.0,7.5
V0N,BC,89.0,7.5
V0N,BC,91.0,7.5
V0N,BC,91.0,7.5
V0N,BC,93.0,7.5
V0N,BC,81.0,16.0
V0N,BC,94.0,20.0
V0N,BC,96.0,31.0
V0N,BC,91.0,40.0
V0N,BC,92.0,56.0
V0N,BC,91.0,7.5
V0N,BC,92.0,18.0
V0N,BC,94.0,33.0
V0N,BC,91.0,7.5
*,BC,120.0,7.5
*,BC,96.0,19.0
V7N,BC,94.0,7.5
V7N,BC,173.0,7.5
V7N,BC,85.0,7.5
*,BC,90.0,70.0
V7R,BC,91.0,7.5
V7R,BC,97.0,19.0
V0N,BC,101.0,7.5
V0N,BC,101.0,17.0
V8A,BC,112.0,7.5
V8A,BC,91.0,7.5
V8A,BC,91.0,7.5
V8A,BC,91.0,7.5
V8A,BC,91.0,7.5
V8A,BC,92.0,7.5
V8A,BC,91.0,7.5
V8A,BC,94.0,7.5
V8A,BC,90.0,7.5
V8A,BC,91.0,7.5
V8A,BC,92.0,7.5
V8A,BC,90.0,19.0
V8A,BC,104.0,19.0
V8A,BC,92.0,25.0
V8A,BC,94.0,29.0
V8A,BC,91.0,30.0
V8A,BC,91.0,75.0
V8A,BC,92.0,112.0
V8A,BC,94.0,124.0
V8A,BC,97.0,143.0
V0N,BC,91.0,7.5
V0N,BC,91.0,7.5
V0N,BC,94.0,36.0
V0N,BC,98.0,89.0
V0N,BC,92.0,112.0
V0N,BC,92.0,7.5
V0N,BC,94.0,7.5
V0N,BC,91.0,16.0
V0N,BC,91.0,22.0
V0N,BC,93.0,23.0
V0N,BC,88.0,218.0
V8B,BC,102.0,7.5
V8B,BC,93.0,7.5
V8B,BC,90.0,7.5
V8B,BC,98.0,7.5
V8B,BC,92.0,26.0
V8B,BC,112.0,30.0
V8B,BC,89.0,36.0
*,BC,96.0,7.5
*,BC,91.0,20.0
*,BC,91.0,150.0
V0N,BC,95.0,7.5
V0N,BC,91.0,7.5
V0N,BC,94.0,7.5
V0N,BC,93.0,7.5
V0N,BC,91.0,17.0
V0N,BC,100.0,20.0
V0N,BC,92.0,22.0
V0N,BC,118.0,77.0
V0N,BC,94.0,265.0
V0N,BC,93.0,72.0
V0N,BC,92.0,60.0
V8L,BC,91.0,7.5
V8L,BC,91.0,7.5
V8L,BC,99.0,7.5
V8L,BC,92.0,7.5
V8L,BC,96.0,35.0
V8L,BC,97.0,77.0
V0N,BC,90.0,90.0
V8M,BC,96.0,7.5
V8M,BC,96.0,7.5
V8M,BC,95.0,24.0
V8K,BC,100.0,7.5
V8K,BC,109.0,7.5
V8K,BC,102.0,7.5
V8K,BC,91.0,16.0
V8K,BC,98.0,17.0
V8K,BC,96.0,20.0
V8K,BC,98.0,39.0
V0N,BC,124.0,218.0
V9Z,BC,64.0,7.5
V8L,BC,115.0,7.5
V8L,BC,112.0,7.5
V8L,BC,91.0,7.5
V8L,BC,59.0,16.0
V9Z,BC,94.0,7.5
V9Z,BC,90.0,7.5
V9Z,BC,100.0,15.0
V9Z,BC,95.0,16.0
V9Z,BC,91.0,27.0
V8N,BC,94.0,20.0
V8N,BC,90.0,61.0
*,BC,93.0,25.0
V8R,BC,91.0,7.5
V8R,BC,91.0,19.0
*,BC,98.0,7.5
V8X,BC,93.0,21.0
V8X,BC,92.0,24.0
*,BC,90.0,17.0
V8Z,BC,91.0,7.5
V8Z,BC,126.0,18.0
V8Z,BC,92.0,29.0
V8Z,BC,61.0,36.0
V8Z,BC,92.0,37.0
*,BC,103.0,7.5
V9B,BC,91.0,7.5
V9B,BC,92.0,7.5
V9B,BC,92.0,18.0
V9B,BC,70.0,47.0
V9B,BC,92.0,71.0
V9C,BC,92.0,7.5
V9C,BC,92.0,7.5
V9C,BC,95.0,26.0
V9C,BC,100.0,27.0
*,BC,91.0,7.5
V0R,BC,102.0,7.5
V0R,BC,91.0,26.0
V0R,BC,100.0,7.5
V0R,BC,101.0,21.0
V0R,BC,92.0,7.5
V0R,BC,92.0,16.0
V0R,BC,92.0,17.0
V0R,BC,90.0,20.0
V0R,BC,95.0,7.5
V0R,BC,92.0,7.5
V0R,BC,95.0,21.0
V0R,BC,91.0,33.0
V0R,BC,92.0,7.5
V9L,BC,96.0,7.5
V9L,BC,98.0,7.5
V9L,BC,94.0,7.5
V9L,BC,92.0,7.5
V9L,BC,89.0,7.5
V9L,BC,90.0,7.5
V9L,BC,91.0,19.0
V9L,BC,92.0,26.0
V9L,BC,101.0,26.0
V9L,BC,93.0,35.0
V9L,BC,90.0,73.0
V9L,BC,92.0,86.0
V9L,BC,91.0,242.0
V9G,BC,91.0,7.5
V9G,BC,91.0,7.5
V9G,BC,91.0,7.5
V9G,BC,92.0,16.0
V9G,BC,91.0,23.0
V9G,BC,92.0,28.0
V9G,BC,92.0,29.0
V9G,BC,94.0,41.0
V9G,BC,95.0,59.0
V9G,BC,91.0,140.0
V0R,BC,95.0,16.0
V0R,BC,89.0,44.0
V0R,BC,96.0,7.5
V0R,BC,92.0,7.5
V0R,BC,91.0,7.5
V0R,BC,100.0,7.5
V0R,BC,92.0,49.0
V0R,BC,103.0,112.0
V9T,BC,92.0,17.0
V9R,BC,96.0,7.5
V9R,BC,120.0,7.5
V9R,BC,92.0,120.0
V9S,BC,90.0,7.5
V9S,BC,94.0,7.5
V9T,BC,96.0,7.5
V9T,BC,91.0,7.5
V9T,BC,93.0,7.5
V9T,BC,92.0,7.5
V9T,BC,91.0,7.5
V9T,BC,94.0,7.5
V9T,BC,91.0,19.0
V9T,BC,91.0,21.0
V9T,BC,91.0,22.0
V9V,BC,92.0,7.5
V9V,BC,110.0,7.5
V9V,BC,91.0,17.0
V9V,BC,90.0,19.0
V9V,BC,91.0,20.0
V9X,BC,92.0,7.5
V9X,BC,92.0,7.5
V9X,BC,210.0,7.5
V9X,BC,110.0,18.0
V9X,BC,92.0,33.0
V9X,BC,90.0,82.0
V9P,BC,91.0,7.5
V9P,BC,58.0,33.0
V9P,BC,92.0,55.0
V9P,BC,91.0,89.0
V9P,BC,93.0,7.5
V9P,BC,92.0,7.5
V9P,BC,110.0,28.0
V9P,BC,91.0,157.0
V9Y,BC,98.0,7.5
V9Y,BC,101.0,7.5
V9Y,BC,102.0,7.5
V9Y,BC,99.0,7.5
V9Y,BC,98.0,7.5
V9Y,BC,91.0,7.5
V9Y,BC,91.0,7.5
V9Y,BC,93.0,7.5
V9Y,BC,91.0,7.5
V9Y,BC,94.0,7.5
V9Y,BC,90.0,7.5
V9Y,BC,96.0,7.5
V9Y,BC,74.0,7.5
V9Y,BC,91.0,7.5
V9Y,BC,101.0,15.0
V9Y,BC,93.0,15.0
V9Y,BC,101.0,17.0
V9Y,BC,93.0,25.0
V9Y,BC,92.0,31.0
V9Y,BC,114.0,38.0
V9Y,BC,93.0,43.0
V9Y,BC,90.0,61.0
V9K,BC,92.0,7.5
V9K,BC,82.0,7.5
V9K,BC,91.0,23.0
V9K,BC,90.0,30.0
V0R,BC,116.0,7.5
V0R,BC,90.0,19.0
V0R,BC,91.0,22.0
V0R,BC,94.0,85.0
V0R,BC,92.0,7.5
V0N,BC,103.0,7.5
V0N,BC,94.0,7.5
V0N,BC,93.0,7.5
V0N,BC,89.0,7.5
V9J,BC,92.0,7.5
V9J,BC,92.0,7.5
V9J,BC,91.0,7.5
V9J,BC,91.0,34.0
V9H,BC,105.0,7.5
V9H,BC,95.0,7.5
V9H,BC,91.0,7.5
V9H,BC,101.0,7.5
V9H,BC,90.0,7.5
V9H,BC,107.0,16.0
V9W,BC,92.0,7.5
V9W,BC,88.0,7.5
V9W,BC,91.0,7.5
V9W,BC,92.0,7.5
V9W,BC,102.0,7.5
V9W,BC,91.0,7.5
V9W,BC,95.0,7.5
V9W,BC,91.0,7.5
V9W,BC,91.0,7.5
V9W,BC,91.0,7.5
V9W,BC,93.0,7.5
V9W,BC,90.0,7.5
V9W,BC,92.0,7.5
V9W,BC,91.0,7.5
V9W,BC,98.0,7.5
V9W,BC,105.0,7.5
V9W,BC,89.0,7.5
V9W,BC,91.0,16.0
V9W,BC,90.0,17.0
V9W,BC,96.0,18.0
V9W,BC,93.0,22.0
V9W,BC,91.0,24.0
V9M,BC,91.0,7.5
V9M,BC,101.0,7.5
V9M,BC,83.0,7.5
V9M,BC,93.0,7.5
V9M,BC,96.0,7.5
V9M,BC,92.0,7.5
V9M,BC,91.0,7.5
V9M,BC,95.0,17.0
V9M,BC,91.0,17.0
V9M,BC,91.0,17.0
V9M,BC,92.0,26.0
V9N,BC,90.0,7.5
V9J,BC,91.0,7.5
V9J,BC,91.0,7.5
V9N,BC,91.0,7.5
V9N,BC,104.0,7.5
V9N,BC,91.0,7.5
V9N,BC,91.0,7.5
V9N,BC,91.0,7.5
V9N,BC,91.0,7.5
V9N,BC,97.0,7.5
V9N,BC,95.0,7.5
V9N,BC,98.0,7.5
V9N,BC,93.0,7.5
V9N,BC,108.0,7.5
V9N,BC,96.0,16.0
V9N,BC,91.0,21.0
V9N,BC,92.0,23.0
V9N,BC,98.0,23.0
V9N,BC,91.0,34.0
V0R,BC,91.0,7.5
V0R,BC,91.0,7.5
V0R,BC,107.0,112.0
V0R,BC,91.0,292.0
V0R,BC,93.0,7.5
V0R,BC,99.0,24.0
V0R,BC,88.0,81.0
V0P,BC,106.0,7.5
V0P,BC,92.0,7.5
V0R,BC,90.0,7.5
V0N,BC,90.0,7.5
V0N,BC,90.0,7.5
V0N,BC,91.0,18.0
V0N,BC,90.0,86.0
V0N,BC,95.0,7.5
V0N,BC,93.0,7.5
V0N,BC,93.0,7.5
V0N,BC,92.0,7.5
V0N,BC,91.0,7.5
V0N,BC,89.0,7.5
V0N,BC,87.0,7.5
V0N,BC,62.0,7.5
V0N,BC,123.0,7.5
V0N,BC,98.0,7.5
V0N,BC,96.0,7.5
V0N,BC,95.0,7.5
V0N,BC,93.0,7.5
V0N,BC,92.0,7.5
V0N,BC,91.0,7.5
V0N,BC,91.0,7.5
V0N,BC,91.0,7.5
V0N,BC,89.0,7.5
V0N,BC,90.0,17.0
V0P,BC,91.0,7.5
V0N,BC,99.0,7.5
V0N,BC,90.0,16.0
V0N,BC,98.0,7.5
V0R,BC,91.0,7.5
V0R,BC,91.0,22.0
V0P,BC,94.0,17.0
*,BC,141.0,21.0
*,BC,91.0,53.0
V0C,BC,91.0,7.5
V0C,BC,94.0,130.0
V0J,BC,111.0,69.0
V0J,BC,92.0,7.5
V0J,BC,143.0,18.0
V0J,BC,98.0,19.0
V0J,BC,93.0,54.0
V0J,BC,96.0,63.0
V0J,BC,101.0,7.5
V0J,BC,92.0,7.5
V0J,BC,91.0,18.0
V0J,BC,91.0,18.0
V0J,BC,147.0,22.0
V0J,BC,91.0,22.0
V0J,BC,90.0,22.0
V0J,BC,90.0,30.0
V0J,BC,92.0,60.0
V0J,BC,91.0,73.0
V0J,BC,98.0,84.0
V0J,BC,91.0,93.0
V0J,BC,116.0,109.0
V8C,BC,89.0,7.5
V8C,BC,92.0,7.5
V8C,BC,99.0,7.5
V8C,BC,132.0,7.5
V8C,BC,92.0,7.5
V8C,BC,93.0,7.5
V8C,BC,116.0,7.5
V8C,BC,91.0,7.5
V8C,BC,100.0,7.5
V8C,BC,91.0,7.5
V8C,BC,99.0,7.5
V8C,BC,91.0,7.5
V8C,BC,94.0,7.5
V8C,BC,90.0,7.5
V8C,BC,62.0,7.5
V8C,BC,81.0,7.5
V8C,BC,111.0,15.0
V8C,BC,92.0,15.0
V8C,BC,93.0,15.0
V8C,BC,91.0,16.0
V8C,BC,91.0,17.0
V8C,BC,91.0,18.0
V8C,BC,89.0,22.0
V8C,BC,77.0,22.0
V8C,BC,102.0,25.0
V8C,BC,95.0,31.0
V8C,BC,69.0,34.0
V8C,BC,96.0,35.0
V8C,BC,104.0,38.0
V8C,BC,102.0,91.0
V0T,BC,121.0,7.5
V0T,BC,105.0,7.5
V0T,BC,93.0,7.5
V0T,BC,92.0,7.5
V0T,BC,92.0,7.5
V0T,BC,90.0,7.5
V0T,BC,98.0,17.0
V0J,BC,106.0,7.5
V0J,BC,91.0,7.5
V0J,BC,99.0,24.0
V0J,BC,91.0,25.0
V0J,BC,93.0,27.0
V0J,BC,93.0,31.0
V0T,BC,94.0,7.5
*,BC,97.0,36.0
V8J,BC,122.0,7.5
V8J,BC,91.0,7.5
V8J,BC,91.0,7.5
V8J,BC,92.0,7.5
V8J,BC,93.0,7.5
V8J,BC,90.0,7.5
V8J,BC,101.0,7.5
V8J,BC,90.0,7.5
V8J,BC,106.0,7.5
V8J,BC,98.0,7.5
V8J,BC,91.0,7.5
V8J,BC,91.0,7.5
V8J,BC,91.0,7.5
V8J,BC,101.0,7.5
V8J,BC,92.0,7.5
V8J,BC,167.0,7.5
V8J,BC,92.0,7.5
V8J,BC,91.0,7.5
V8J,BC,90.0,7.5
V8J,BC,104.0,7.5
V8J,BC,92.0,7.5
V8J,BC,125.0,7.5
V8J,BC,91.0,7.5
V8J,BC,101.0,7.5
V8J,BC,109.0,7.5
V8J,BC,90.0,7.5
V8J,BC,105.0,7.5
V8J,BC,92.0,7.5
V8J,BC,93.0,7.5
V8J,BC,90.0,7.5
V8J,BC,91.0,7.5
V8J,BC,100.0,7.5
V8J,BC,102.0,7.5
V8J,BC,90.0,7.5
V8J,BC,96.0,15.0
V8J,BC,93.0,19.0
V0T,BC,151.0,7.5
V0T,BC,98.0,7.5
V0T,BC,97.0,7.5
V0T,BC,97.0,7.5
V0T,BC,91.0,7.5
V0T,BC,91.0,7.5
V0T,BC,90.0,22.0
V0T,BC,95.0,91.0
V0T,BC,90.0,26.0
V0T,BC,97.0,81.0
V0J,BC,98.0,7.5
V0J,BC,91.0,7.5
V0J,BC,95.0,7.5
V0J,BC,90.0,7.5
V0J,BC,97.0,26.0
V0J,BC,91.0,27.0
V0J,BC,91.0,28.0
V0J,BC,91.0,29.0
V0J,BC,90.0,32.0
V0J,BC,91.0,41.0
V0J,BC,93.0,86.0
V0J,BC,92.0,169.0
V0J,BC,91.0,197.0
V0J,BC,93.0,217.0
V0J,BC,93.0,7.5
V0T,BC,91.0,7.5
V0T,BC,90.0,7.5
V0J,BC,106.0,7.5
V0J,BC,96.0,7.5
V0J,BC,91.0,7.5
V0J,BC,100.0,7.5
V0J,BC,92.0,7.5
V0J,BC,90.0,17.0
V0J,BC,96.0,23.0
V0J,BC,91.0,130.0
V8G,BC,95.0,109.0
V8G,BC,91.0,7.5
V8G,BC,91.0,7.5
V8G,BC,97.0,7.5
V8G,BC,91.0,7.5
V8G,BC,103.0,7.5
V8G,BC,93.0,7.5
V8G,BC,92.0,7.5
V8G,BC,121.0,7.5
V8G,BC,91.0,7.5
V8G,BC,94.0,7.5
V8G,BC,104.0,16.0
V8G,BC,91.0,20.0
V8G,BC,109.0,21.0
V8G,BC,90.0,21.0
V8G,BC,93.0,22.0
V8G,BC,106.0,23.0
V8G,BC,92.0,24.0
V8G,BC,91.0,25.0
V8G,BC,94.0,25.0
V8G,BC,96.0,25.0
V8G,BC,95.0,27.0
V8G,BC,113.0,29.0
V8G,BC,92.0,33.0
V8G,BC,93.0,36.0
V8G,BC,91.0,41.0
V8G,BC,138.0,41.0
V8G,BC,132.0,51.0
V8G,BC,124.0,51.0
V8G,BC,110.0,58.0
V8G,BC,92.0,62.0
V8G,BC,92.0,70.0
V8G,BC,97.0,72.0
V8G,BC,91.0,75.0
V8G,BC,90.0,75.0
V8G,BC,91.0,76.0
V8G,BC,126.0,84.0
V8G,BC,124.0,84.0
V8G,BC,91.0,92.0
V8G,BC,93.0,92.0
V8G,BC,91.0,101.0
V8G,BC,119.0,110.0
V8G,BC,93.0,115.0
V8G,BC,91.0,134.0
V8G,BC,130.0,134.0
V8G,BC,95.0,138.0
V8G,BC,91.0,139.0
V8G,BC,90.0,152.0
V8G,BC,92.0,163.0
V8G,BC,93.0,165.0
V8G,BC,90.0,196.0
V8G,BC,91.0,226.0
V8G,BC,91.0,228.0
V8G,BC,109.0,242.0
V8G,BC,92.0,297.0
V8G,BC,90.0,300.0
V8G,BC,93.0,427.0
V8G,BC,91.0,621.0
V8G,BC,104.0,886.0
V8G,BC,100.0,27.0
V8G,BC,91.0,80.0
V8G,BC,91.0,123.0
V8G,BC,83.0,142.0
V8G,BC,91.0,157.0
V8G,BC,91.0,176.0
V8G,BC,92.0,847.0
V0T,BC,106.0,7.5
V0T,BC,99.0,7.5
V0T,BC,91.0,7.5
V0J,BC,107.0,7.5
V0J,BC,91.0,16.0
V0J,BC,90.0,219.0
V0L,BC,93.0,7.5
V0L,BC,91.0,21.0
V0C,BC,91.0,138.0
V0J,BC,102.0,7.5
V0J,BC,114.0,7.5
V0J,BC,107.0,7.5
V0J,BC,93.0,7.5
V0J,BC,90.0,7.5
V0J,BC,91.0,15.0
V0J,BC,99.0,25.0
V0J,BC,90.0,25.0
V0J,BC,94.0,26.0
V0J,BC,90.0,27.0
V0J,BC,97.0,28.0
V0J,BC,91.0,29.0
V0J,BC,90.0,30.0
V0J,BC,91.0,32.0
V0J,BC,92.0,37.0
V0J,BC,91.0,38.0
V0J,BC,91.0,62.0
V0J,BC,93.0,75.0
V0J,BC,95.0,109.0
V0J,BC,92.0,133.0
V0C,BC,107.0,41.0
V0C,BC,111.0,67.0
V0C,BC,91.0,211.0
V0J,BC,91.0,87.0
V0J,BC,92.0,300.0
V0J,BC,153.0,7.5
V0J,BC,91.0,7.5
V0J,BC,90.0,36.0
V0J,BC,91.0,54.0
V0J,BC,92.0,83.0
V0J,BC,94.0,94.0
V0J,BC,93.0,177.0
V0J,BC,91.0,27.0
V0J,BC,109.0,63.0
V0J,BC,92.0,124.0
V0J,BC,91.0,37.0
V0J,BC,91.0,41.0
V0J,BC,93.0,61.0
V0J,BC,91.0,89.0
V0J,BC,92.0,96.0
V0C,BC,91.0,26.0
V0J,BC,92.0,7.5
V0J,BC,91.0,15.0
V0J,BC,91.0,99.0
V2N,BC,88.0,22.0
V2K,BC,89.0,7.5
V2K,BC,99.0,16.0
V2K,BC,135.0,17.0
V2K,BC,91.0,18.0
V2K,BC,103.0,19.0
V2K,BC,92.0,20.0
V2K,BC,92.0,20.0
V2K,BC,92.0,23.0
V2K,BC,109.0,24.0
V2K,BC,95.0,25.0
V2K,BC,91.0,26.0
V2K,BC,92.0,27.0
V2K,BC,92.0,29.0
V2K,BC,91.0,29.0
V2K,BC,117.0,30.0
V2K,BC,90.0,30.0
V2K,BC,102.0,31.0
V2K,BC,94.0,41.0
V2K,BC,91.0,44.0
V2K,BC,94.0,47.0
V2K,BC,98.0,76.0
V2K,BC,91.0,77.0
V2K,BC,91.0,81.0
V2K,BC,92.0,85.0
V2K,BC,91.0,88.0
V2K,BC,89.0,96.0
V2K,BC,94.0,121.0
V2K,BC,91.0,142.0
V2K,BC,92.0,174.0
V2K,BC,94.0,181.0
V2K,BC,91.0,187.0
V2K,BC,94.0,385.0
V2K,BC,125.0,490.0
V2K,BC,91.0,762.0
V2L,BC,177.0,7.5
V2L,BC,91.0,27.0
V2L,BC,90.0,38.0
V2L,BC,95.0,86.0
V2L,BC,93.0,120.0
V2L,BC,91.0,133.0
V2M,BC,97.0,27.0
V2M,BC,91.0,33.0
V2M,BC,97.0,91.0
V2M,BC,114.0,93.0
V2M,BC,91.0,128.0
V2M,BC,90.0,248.0
V2M,BC,107.0,283.0
V2M,BC,90.0,316.0
V2M,BC,98.0,366.0
V2M,BC,92.0,448.0
V2M,BC,92.0,496.0
V2M,BC,99.0,558.0
V2M,BC,94.0,729.0
V2M,BC,95.0,845.0
V2N,BC,105.0,7.5
V2N,BC,94.0,7.5
V2N,BC,108.0,7.5
V2N,BC,92.0,7.5
V2N,BC,93.0,7.5
V2N,BC,92.0,7.5
V2N,BC,92.0,7.5
V2N,BC,61.0,17.0
V2N,BC,91.0,21.0
V2N,BC,91.0,23.0
V2N,BC,91.0,28.0
V2N,BC,101.0,33.0
V2N,BC,62.0,34.0
V2N,BC,92.0,36.0
V2N,BC,77.0,37.0
V2N,BC,92.0,37.0
V2N,BC,92.0,38.0
V2N,BC,91.0,47.0
V2N,BC,97.0,55.0
V2N,BC,91.0,65.0
V2N,BC,90.0,66.0
V2N,BC,96.0,81.0
V2N,BC,92.0,87.0
V2N,BC,92.0,95.0
V2N,BC,102.0,100.0
V2N,BC,91.0,115.0
V2N,BC,91.0,148.0
V2N,BC,91.0,157.0
V2N,BC,157.0,168.0
V2N,BC,91.0,175.0
V2N,BC,113.0,219.0
V2N,BC,92.0,251.0
V2N,BC,94.0,263.0
V2N,BC,108.0,345.0
V2N,BC,92.0,353.0
V2N,BC,91.0,509.0
V2N,BC,91.0,816.0
V2J,BC,91.0,7.5
V2J,BC,91.0,7.5
V2J,BC,97.0,7.5
V2J,BC,90.0,7.5
V2J,BC,91.0,16.0
V2J,BC,99.0,20.0
V2J,BC,98.0,20.0
V2J,BC,107.0,21.0
V2J,BC,109.0,22.0
V2J,BC,91.0,22.0
V2J,BC,92.0,23.0
V2J,BC,93.0,26.0
V2J,BC,91.0,27.0
V2J,BC,91.0,30.0
V2J,BC,107.0,38.0
V2J,BC,91.0,42.0
V2J,BC,93.0,57.0
V2J,BC,91.0,59.0
V2J,BC,94.0,61.0
V2J,BC,90.0,61.0
V2J,BC,92.0,69.0
V2J,BC,92.0,70.0
V2J,BC,91.0,82.0
V2J,BC,95.0,86.0
V2J,BC,91.0,90.0
V2J,BC,90.0,90.0
V2J,BC,91.0,105.0
V2J,BC,92.0,113.0
V2J,BC,91.0,170.0
V2J,BC,92.0,188.0
V2J,BC,86.0,226.0
V2J,BC,91.0,296.0
V0J,BC,94.0,7.5
V0J,BC,93.0,7.5
V0J,BC,93.0,7.5
V0J,BC,92.0,7.5
V0J,BC,91.0,7.5
V0J,BC,90.0,7.5
V0J,BC,35.0,7.5
V0J,BC,91.0,18.0
V0J,BC,99.0,19.0
V0J,BC,92.0,19.0
V0J,BC,91.0,21.0
V0J,BC,91.0,24.0
V0J,BC,94.0,25.0
V0J,BC,90.0,28.0
V0J,BC,93.0,31.0
V0J,BC,90.0,36.0
V0J,BC,97.0,38.0
V0J,BC,90.0,39.0
V0J,BC,92.0,61.0
V0J,BC,91.0,91.0
V0J,BC,91.0,127.0
V0J,BC,95.0,175.0
V0J,BC,97.0,253.0
V0J,BC,92.0,36.0
V0J,BC,93.0,38.0
V0J,BC,91.0,38.0
V0J,BC,89.0,63.0
V0J,BC,95.0,69.0
V0J,BC,95.0,70.0
V0J,BC,92.0,73.0
V0J,BC,92.0,76.0
V0J,BC,98.0,85.0
V0J,BC,93.0,105.0
V0J,BC,94.0,135.0
V0J,BC,99.0,143.0
V0J,BC,91.0,214.0
V0C,BC,91.0,180.0
V0C,BC,90.0,364.0
V0C,BC,90.0,165.0
V0C,BC,95.0,211.0
V0C,BC,98.0,47.0
V0C,BC,72.0,27.0
V0C,BC,91.0,42.0
V0C,BC,91.0,80.0
V0C,BC,91.0,81.0
V0C,BC,62.0,90.0
V0C,BC,102.0,177.0
V0C,BC,93.0,232.0
V0C,BC,91.0,316.0
V0C,BC,91.0,319.0
V0C,BC,126.0,7.5
V0C,BC,90.0,19.0
V0C,BC,103.0,27.0
V0C,BC,102.0,33.0
V0C,BC,117.0,50.0
V0C,BC,90.0,59.0
V0C,BC,125.0,82.0
V0C,BC,90.0,86.0
V0C,BC,92.0,111.0
V0C,BC,109.0,124.0
V0C,BC,90.0,176.0
V0C,BC,101.0,231.0
V1G,BC,94.0,29.0
V1G,BC,91.0,17.0
V1G,BC,91.0,7.5
V1G,BC,96.0,7.5
V1G,BC,91.0,7.5
V1G,BC,91.0,16.0
V1G,BC,100.0,16.0
V1G,BC,94.0,20.0
V1G,BC,96.0,20.0
V1G,BC,138.0,21.0
V1G,BC,96.0,21.0
V1G,BC,91.0,21.0
V1G,BC,91.0,24.0
V1G,BC,112.0,24.0
V1G,BC,92.0,25.0
V1G,BC,91.0,27.0
V1G,BC,97.0,33.0
V1G,BC,91.0,37.0
V1G,BC,91.0,38.0
V1G,BC,95.0,41.0
V1G,BC,131.0,42.0
V1G,BC,106.0,42.0
V1G,BC,59.0,42.0
V1G,BC,98.0,48.0
V1G,BC,91.0,61.0
V1G,BC,92.0,64.0
V1G,BC,101.0,69.0
V1G,BC,91.0,74.0
V1G,BC,91.0,75.0
V1G,BC,103.0,79.0
V1G,BC,90.0,79.0
V1G,BC,101.0,81.0
V1G,BC,92.0,86.0
V1G,BC,91.0,90.0
V1G,BC,92.0,92.0
V1G,BC,90.0,94.0
V1G,BC,91.0,100.0
V1G,BC,93.0,106.0
V1G,BC,92.0,108.0
V1G,BC,92.0,110.0
V1G,BC,91.0,117.0
V1G,BC,90.0,117.0
V1G,BC,97.0,118.0
V1G,BC,102.0,124.0
V1G,BC,117.0,155.0
V1G,BC,92.0,189.0
V1G,BC,92.0,235.0
V1G,BC,90.0,255.0
V0C,BC,97.0,23.0
V0C,BC,112.0,7.5
V0C,BC,98.0,7.5
V0C,BC,91.0,7.5
V0C,BC,91.0,7.5
V0C,BC,91.0,7.5
V0C,BC,90.0,7.5
V0C,BC,114.0,18.0
V0C,BC,92.0,20.0
V0C,BC,92.0,21.0
V0C,BC,91.0,24.0
V0C,BC,93.0,29.0
V0C,BC,90.0,33.0
V0C,BC,96.0,34.0
V0C,BC,95.0,35.0
V0C,BC,91.0,61.0
V0C,BC,95.0,64.0
V0C,BC,90.0,72.0
V0C,BC,91.0,78.0
V0C,BC,98.0,79.0
V0C,BC,94.0,85.0
V0C,BC,92.0,89.0
V0C,BC,92.0,100.0
V0C,BC,95.0,112.0
V0C,BC,93.0,120.0
V0C,BC,99.0,126.0
V0C,BC,95.0,156.0
V0C,BC,93.0,172.0
V0C,BC,91.0,259.0
V1J,BC,93.0,7.5
V1J,BC,116.0,7.5
V1J,BC,92.0,7.5
V1J,BC,91.0,7.5
V1J,BC,113.0,7.5
V1J,BC,137.0,7.5
V1J,BC,92.0,7.5
V1J,BC,90.0,18.0
V1J,BC,90.0,20.0
V1J,BC,106.0,21.0
V1J,BC,91.0,23.0
V1J,BC,92.0,24.0
V1J,BC,91.0,24.0
V1J,BC,92.0,24.0
V1J,BC,103.0,25.0
V1J,BC,93.0,26.0
V1J,BC,101.0,27.0
V1J,BC,101.0,28.0
V1J,BC,90.0,28.0
V1J,BC,119.0,29.0
V1J,BC,90.0,32.0
V1J,BC,95.0,34.0
V1J,BC,91.0,36.0
V1J,BC,93.0,37.0
V1J,BC,91.0,37.0
V1J,BC,113.0,51.0
V1J,BC,111.0,52.0
V1J,BC,92.0,60.0
V1J,BC,89.0,60.0
V1J,BC,93.0,62.0
V1J,BC,113.0,63.0
V1J,BC,91.0,64.0
V1J,BC,82.0,66.0
V1J,BC,135.0,70.0
V1J,BC,91.0,78.0
V1J,BC,90.0,82.0
V1J,BC,114.0,85.0
V1J,BC,91.0,87.0
V1J,BC,93.0,90.0
V1J,BC,118.0,91.0
V1J,BC,91.0,98.0
V1J,BC,96.0,100.0
V1J,BC,101.0,102.0
V1J,BC,89.0,104.0
V1J,BC,97.0,104.0
V1J,BC,90.0,105.0
V1J,BC,92.0,105.0
V1J,BC,91.0,106.0
V1J,BC,94.0,110.0
V1J,BC,95.0,115.0
V1J,BC,91.0,120.0
V1J,BC,90.0,126.0
V1J,BC,93.0,135.0
V1J,BC,93.0,136.0
V1J,BC,120.0,216.0
V1J,BC,92.0,230.0
V1J,BC,91.0,235.0
V1J,BC,103.0,240.0
V0C,BC,95.0,31.0
V0C,BC,138.0,21.0
V0C,BC,101.0,60.0
V0C,BC,90.0,72.0
V0C,BC,93.0,73.0
V0C,BC,369.0,78.0
V0C,BC,91.0,161.0
V0C,BC,93.0,163.0
V0C,BC,95.0,894.0
V0C,BC,93.0,56.0
V0C,BC,91.0,7.5
V0C,BC,91.0,21.0
V0C,BC,95.0,54.0
V0C,BC,106.0,90.0
V0C,BC,87.0,124.0
V0C,BC,77.0,189.0
V0C,BC,91.0,27.0
V0C,BC,91.0,7.5
V0C,BC,99.0,7.5
V0C,BC,92.0,24.0
V0C,BC,90.0,30.0
V0C,BC,91.0,45.0
V0C,BC,94.0,73.0
V0C,BC,92.0,121.0
V0C,BC,94.0,222.0
V0C,BC,91.0,226.0
V0C,BC,91.0,258.0
V0C,BC,94.0,377.0
V0C,BC,106.0,62.0
V0C,BC,96.0,73.0
V0C,BC,91.0,108.0
V0C,BC,93.0,41.0
V0C,BC,91.0,45.0
V0C,BC,91.0,63.0
V0C,BC,120.0,64.0
V0C,BC,94.0,65.0
V0C,BC,91.0,75.0
V0C,BC,91.0,148.0
V0C,BC,97.0,243.0
V0C,BC,115.0,246.0
Y0B,YT,92.0,24.0
Y0B,YT,98.0,45.0
Y0B,YT,92.0,53.0
Y0B,YT,92.0,18.0
Y0B,YT,91.0,20.0
Y0B,YT,91.0,21.0
Y0B,YT,103.0,71.0
Y0B,YT,91.0,125.0
Y0B,YT,92.0,152.0
Y0B,YT,90.0,22.0
Y0B,YT,92.0,23.0
Y0B,YT,90.0,80.0
Y0B,YT,90.0,114.0
Y0B,YT,98.0,147.0
Y0B,YT,91.0,415.0
Y0B,YT,91.0,28.0
Y0B,YT,98.0,80.0
Y0B,YT,92.0,94.0
Y0B,YT,91.0,96.0
Y0B,YT,91.0,103.0
Y0B,YT,97.0,107.0
Y0B,YT,91.0,116.0
Y0B,YT,92.0,126.0
Y0B,YT,91.0,134.0
Y0B,YT,91.0,141.0
Y0B,YT,90.0,156.0
Y0B,YT,93.0,164.0
Y0B,YT,91.0,21.0
Y0B,YT,91.0,45.0
Y0B,YT,91.0,88.0
Y0B,YT,94.0,102.0
Y0B,YT,97.0,169.0
Y0B,YT,92.0,210.0
Y0B,YT,92.0,59.0
Y0B,YT,94.0,193.0
Y0B,YT,90.0,349.0
Y0B,YT,90.0,7.5
Y0B,YT,84.0,23.0
Y0B,YT,91.0,70.0
Y0B,YT,72.0,95.0
Y0A,YT,93.0,73.0
Y0A,YT,94.0,17.0
Y0A,YT,87.0,41.0
Y0A,YT,93.0,56.0
Y0A,YT,92.0,90.0
Y0A,YT,93.0,154.0
Y1A,YT,91.0,7.5
Y1A,YT,92.0,7.5
Y1A,YT,92.0,7.5
Y1A,YT,90.0,7.5
Y1A,YT,97.0,7.5
Y1A,YT,92.0,7.5
Y1A,YT,80.0,7.5
Y1A,YT,61.0,7.5
Y1A,YT,91.0,15.0
Y1A,YT,92.0,15.0
Y1A,YT,91.0,16.0
Y1A,YT,97.0,17.0
Y1A,YT,92.0,19.0
Y1A,YT,96.0,20.0
Y1A,YT,91.0,21.0
Y1A,YT,115.0,21.0
Y1A,YT,90.0,21.0
Y1A,YT,98.0,22.0
Y1A,YT,91.0,22.0
Y1A,YT,95.0,25.0
Y1A,YT,93.0,25.0
Y1A,YT,92.0,26.0
Y1A,YT,114.0,27.0
Y1A,YT,90.0,28.0
Y1A,YT,95.0,28.0
Y1A,YT,93.0,30.0
Y1A,YT,91.0,30.0
Y1A,YT,132.0,31.0
Y1A,YT,97.0,31.0
Y1A,YT,93.0,31.0
Y1A,YT,91.0,32.0
Y1A,YT,98.0,32.0
Y1A,YT,93.0,32.0
Y1A,YT,93.0,32.0
Y1A,YT,96.0,33.0
Y1A,YT,91.0,35.0
Y1A,YT,91.0,36.0
Y1A,YT,90.0,36.0
Y1A,YT,91.0,37.0
Y1A,YT,99.0,37.0
Y1A,YT,91.0,37.0
Y1A,YT,93.0,38.0
Y1A,YT,94.0,38.0
Y1A,YT,32.0,39.0
Y1A,YT,91.0,40.0
Y1A,YT,100.0,40.0
Y1A,YT,97.0,41.0
Y1A,YT,91.0,42.0
Y1A,YT,93.0,43.0
Y1A,YT,91.0,43.0
Y1A,YT,100.0,43.0
Y1A,YT,93.0,44.0
Y1A,YT,134.0,49.0
Y1A,YT,95.0,49.0
Y1A,YT,112.0,49.0
Y1A,YT,92.0,53.0
Y1A,YT,92.0,54.0
Y1A,YT,92.0,55.0
Y1A,YT,99.0,56.0
Y1A,YT,93.0,58.0
Y1A,YT,95.0,63.0
Y1A,YT,92.0,63.0
Y1A,YT,91.0,64.0
Y1A,YT,93.0,65.0
Y1A,YT,103.0,67.0
Y1A,YT,111.0,67.0
Y1A,YT,91.0,68.0
Y1A,YT,92.0,70.0
Y1A,YT,92.0,70.0
Y1A,YT,91.0,71.0
Y1A,YT,93.0,72.0
Y1A,YT,91.0,72.0
Y1A,YT,91.0,73.0
Y1A,YT,95.0,73.0
Y1A,YT,94.0,75.0
Y1A,YT,92.0,75.0
Y1A,YT,92.0,76.0
Y1A,YT,92.0,77.0
Y1A,YT,90.0,77.0
Y1A,YT,92.0,80.0
Y1A,YT,91.0,82.0
Y1A,YT,91.0,82.0
Y1A,YT,100.0,84.0
Y1A,YT,91.0,86.0
Y1A,YT,108.0,87.0
Y1A,YT,91.0,87.0
Y1A,YT,90.0,87.0
Y1A,YT,97.0,89.0
Y1A,YT,92.0,89.0
Y1A,YT,116.0,90.0
Y1A,YT,113.0,90.0
Y1A,YT,93.0,91.0
Y1A,YT,95.0,91.0
Y1A,YT,87.0,94.0
Y1A,YT,105.0,96.0
Y1A,YT,91.0,96.0
Y1A,YT,91.0,98.0
Y1A,YT,91.0,98.0
Y1A,YT,119.0,100.0
Y1A,YT,91.0,101.0
Y1A,YT,92.0,101.0
Y1A,YT,100.0,105.0
Y1A,YT,94.0,105.0
Y1A,YT,91.0,106.0
Y1A,YT,93.0,106.0
Y1A,YT,93.0,107.0
Y1A,YT,215.0,108.0
Y1A,YT,93.0,111.0
Y1A,YT,92.0,112.0
Y1A,YT,92.0,112.0
Y1A,YT,99.0,114.0
Y1A,YT,91.0,114.0
Y1A,YT,91.0,120.0
Y1A,YT,92.0,120.0
Y1A,YT,91.0,124.0
Y1A,YT,99.0,127.0
Y1A,YT,91.0,127.0
Y1A,YT,90.0,127.0
Y1A,YT,90.0,130.0
Y1A,YT,92.0,131.0
Y1A,YT,94.0,132.0
Y1A,YT,93.0,135.0
Y1A,YT,90.0,141.0
Y1A,YT,91.0,142.0
Y1A,YT,92.0,145.0
Y1A,YT,92.0,145.0
Y1A,YT,98.0,148.0
Y1A,YT,93.0,157.0
Y1A,YT,91.0,157.0
Y1A,YT,101.0,165.0
Y1A,YT,91.0,168.0
Y1A,YT,94.0,173.0
Y1A,YT,103.0,176.0
Y1A,YT,98.0,179.0
Y1A,YT,95.0,187.0
Y1A,YT,91.0,188.0
Y1A,YT,95.0,194.0
Y1A,YT,92.0,194.0
Y1A,YT,92.0,205.0
Y1A,YT,91.0,207.0
Y1A,YT,109.0,212.0
Y1A,YT,92.0,216.0
Y1A,YT,92.0,221.0
Y1A,YT,111.0,222.0
Y1A,YT,127.0,225.0
Y1A,YT,91.0,238.0
Y1A,YT,91.0,244.0
Y1A,YT,92.0,246.0
Y1A,YT,91.0,248.0
Y1A,YT,90.0,255.0
Y1A,YT,91.0,263.0
Y1A,YT,100.0,273.0
Y1A,YT,92.0,274.0
Y1A,YT,91.0,276.0
Y1A,YT,92.0,279.0
Y1A,YT,91.0,293.0
Y1A,YT,93.0,327.0
Y1A,YT,93.0,349.0
Y1A,YT,91.0,384.0
Y1A,YT,91.0,395.0
Y1A,YT,91.0,401.0
Y1A,YT,91.0,417.0
Y1A,YT,94.0,418.0
Y1A,YT,91.0,422.0
Y1A,YT,91.0,508.0
Y1A,YT,93.0,573.0
Y1A,YT,91.0,640.0
Y1A,YT,91.0,695.0
Y1A,YT,93.0,747.0
Y1A,YT,91.0,825.0
Y1A,YT,175.0,846.0
Y1A,YT,92.0,854.0
Y1A,YT,91.0,1009.0
Y1A,YT,92.0,1172.0
Y1A,YT,101.0,1375.0
Y1A,YT,91.0,1530.0
Y1A,YT,93.0,1623.0
Y1A,YT,110.0,2281.0
Y1A,YT,91.0,2357.0
X0E,NT,90.0,7.5
*,NT,127.0,123.0
X0E,NT,97.0,7.5
X0E,NT,101.0,29.0
X0E,NT,113.0,7.5
X0E,NT,112.0,29.0
X0E,NT,111.0,26.0
X0E,NT,95.0,41.0
X0E,NT,94.0,41.0
X0E,NT,99.0,51.0
X0E,NT,66.0,67.0
X0E,NT,92.0,71.0
X0E,NT,103.0,80.0
X0E,NT,92.0,92.0
X0E,NT,92.0,116.0
X0E,NT,93.0,136.0
X0E,NT,104.0,142.0
X0E,NT,91.0,7.5
X0E,NT,90.0,18.0
X0E,NT,93.0,27.0
X0E,NT,92.0,30.0
X0E,NT,98.0,36.0
X0E,NT,91.0,38.0
X0E,NT,91.0,40.0
X0E,NT,93.0,43.0
X0E,NT,99.0,60.0
X0E,NT,90.0,63.0
X0E,NT,91.0,66.0
X0E,NT,95.0,67.0
X0E,NT,90.0,84.0
X0E,NT,91.0,99.0
X0E,NT,63.0,112.0
X0E,NT,95.0,7.5
X0E,NT,91.0,7.5
X0E,NT,91.0,7.5
X0E,NT,91.0,7.5
X0E,NT,91.0,15.0
X0E,NT,92.0,21.0
X0E,NT,92.0,24.0
X0E,NT,96.0,30.0
X0E,NT,91.0,31.0
X0E,NT,94.0,68.0
X0E,NT,92.0,68.0
X0E,NT,93.0,86.0
X0E,NT,91.0,87.0
X0E,NT,92.0,89.0
X0E,NT,102.0,100.0
X0E,NT,93.0,103.0
X0E,NT,89.0,109.0
X0E,NT,91.0,110.0
X0E,NT,99.0,113.0
X0E,NT,97.0,115.0
X0E,NT,117.0,122.0
X0E,NT,91.0,131.0
X0E,NT,92.0,155.0
X0E,NT,99.0,184.0
X0E,NT,105.0,212.0
X0E,NT,91.0,228.0
X0E,NT,98.0,244.0
X0E,NT,93.0,251.0
X0E,NT,96.0,282.0
X0E,NT,92.0,376.0
X0E,NT,99.0,7.5
X0E,NT,96.0,7.5
X0E,NT,94.0,7.5
X0E,NT,94.0,7.5
X0E,NT,63.0,7.5
X0E,NT,91.0,7.5
X0E,NT,91.0,7.5
X0E,NT,91.0,30.0
X0E,NT,103.0,7.5
X1A,NT,92.0,7.5
X1A,NT,92.0,7.5
X1A,NT,93.0,7.5
X1A,NT,90.0,7.5
X1A,NT,104.0,7.5
X1A,NT,92.0,7.5
X1A,NT,123.0,7.5
X1A,NT,105.0,7.5
X1A,NT,91.0,7.5
X1A,NT,85.0,7.5
X1A,NT,92.0,7.5
X1A,NT,94.0,7.5
X1A,NT,115.0,7.5
X1A,NT,93.0,7.5
X1A,NT,90.0,7.5
X1A,NT,92.0,7.5
X1A,NT,95.0,7.5
X1A,NT,91.0,7.5
X1A,NT,84.0,7.5
X1A,NT,153.0,7.5
X1A,NT,93.0,7.5
X1A,NT,92.0,7.5
X1A,NT,94.0,7.5
X1A,NT,98.0,15.0
X1A,NT,94.0,15.0
X1A,NT,96.0,17.0
X1A,NT,93.0,17.0
X1A,NT,91.0,17.0
X1A,NT,93.0,18.0
X1A,NT,93.0,18.0
X1A,NT,101.0,18.0
X1A,NT,93.0,18.0
X1A,NT,96.0,18.0
X1A,NT,96.0,20.0
X1A,NT,93.0,20.0
X1A,NT,91.0,21.0
X1A,NT,99.0,21.0
X1A,NT,91.0,21.0
X1A,NT,93.0,23.0
X1A,NT,95.0,24.0
X1A,NT,94.0,24.0
X1A,NT,93.0,24.0
X1A,NT,91.0,25.0
X1A,NT,96.0,25.0
X1A,NT,91.0,26.0
X1A,NT,139.0,26.0
X1A,NT,101.0,26.0
X1A,NT,91.0,27.0
X1A,NT,101.0,27.0
X1A,NT,113.0,28.0
X1A,NT,91.0,28.0
X1A,NT,91.0,28.0
X1A,NT,92.0,28.0
X1A,NT,91.0,29.0
X1A,NT,91.0,30.0
X1A,NT,120.0,33.0
X1A,NT,92.0,33.0
X1A,NT,92.0,34.0
X1A,NT,122.0,34.0
X1A,NT,92.0,35.0
X1A,NT,91.0,37.0
X1A,NT,92.0,37.0
X1A,NT,91.0,37.0
X1A,NT,116.0,37.0
X1A,NT,91.0,37.0
X1A,NT,91.0,38.0
X1A,NT,98.0,39.0
X1A,NT,98.0,39.0
X1A,NT,91.0,43.0
X1A,NT,90.0,46.0
X1A,NT,93.0,46.0
X1A,NT,92.0,53.0
X1A,NT,91.0,54.0
X1A,NT,94.0,55.0
X1A,NT,92.0,56.0
X1A,NT,136.0,56.0
X1A,NT,101.0,57.0
X1A,NT,57.0,59.0
X1A,NT,93.0,60.0
X1A,NT,91.0,63.0
X1A,NT,92.0,68.0
X1A,NT,92.0,73.0
X1A,NT,93.0,79.0
X1A,NT,98.0,80.0
X1A,NT,91.0,82.0
X1A,NT,91.0,83.0
X1A,NT,96.0,83.0
X1A,NT,90.0,85.0
X1A,NT,101.0,89.0
X1A,NT,80.0,89.0
X1A,NT,93.0,90.0
X1A,NT,92.0,93.0
X1A,NT,93.0,94.0
X1A,NT,91.0,107.0
X1A,NT,93.0,107.0
X1A,NT,91.0,113.0
X1A,NT,91.0,122.0
X1A,NT,94.0,125.0
X1A,NT,90.0,138.0
X1A,NT,94.0,141.0
X1A,NT,101.0,143.0
X1A,NT,101.0,146.0
X1A,NT,91.0,146.0
X1A,NT,90.0,146.0
X1A,NT,92.0,153.0
X1A,NT,92.0,154.0
X1A,NT,96.0,158.0
X1A,NT,91.0,174.0
X1A,NT,91.0,181.0
X1A,NT,97.0,195.0
X1A,NT,91.0,218.0
X1A,NT,93.0,285.0
X1A,NT,94.0,528.0
X1A,NT,113.0,924.0
X0A,NU,90.0,7.5
X0C,NU,94.0,7.5
X0C,NU,93.0,7.5
X0C,NU,90.0,7.5
X0C,NU,89.0,7.5
X0C,NU,68.0,7.5
X0C,NU,99.0,7.5
X0C,NU,91.0,7.5
X0C,NU,91.0,7.5
X0C,NU,92.0,17.0
X0C,NU,92.0,19.0
X0C,NU,98.0,36.0
X0C,NU,95.0,41.0
X0B,NU,109.0,7.5
X0B,NU,92.0,7.5
X0B,NU,91.0,7.5
X0B,NU,91.0,7.5
X0B,NU,90.0,7.5
X0B,NU,90.0,7.5
X0B,NU,90.0,7.5
X0B,NU,40.0,7.5
X0B,NU,92.0,21.0
X0B,NU,112.0,24.0
X0A,NU,97.0,7.5
X0C,NU,110.0,7.5
X0C,NU,110.0,7.5
X0C,NU,87.0,7.5
X0B,NU,112.0,7.5
X0B,NU,105.0,7.5
X0B,NU,97.0,7.5
X0B,NU,94.0,7.5
X0B,NU,90.0,7.5
X0A,NU,177.0,7.5
X0A,NU,152.0,7.5
X0A,NU,118.0,7.5
X0A,NU,116.0,7.5
X0A,NU,114.0,7.5
X0A,NU,106.0,7.5
X0A,NU,104.0,7.5
X0A,NU,102.0,7.5
X0A,NU,99.0,7.5
X0A,NU,95.0,7.5
X0A,NU,93.0,7.5
X0A,NU,93.0,7.5
X0A,NU,91.0,7.5
X0A,NU,91.0,7.5
X0A,NU,91.0,7.5
X0A,NU,90.0,7.5
X0A,NU,93.0,7.5
X0A,NU,91.0,7.5
X0A,NU,90.0,7.5
X0A,NU,96.0,7.5
X0B,NU,92.0,22.0
X0B,NU,145.0,7.5
X0B,NU,133.0,7.5
X0B,NU,128.0,7.5
X0B,NU,109.0,7.5
X0B,NU,95.0,7.5
X0B,NU,90.0,7.5
X0A,NU,143.0,7.5
X0A,NU,102.0,7.5
X0A,NU,100.0,7.5
X0A,NU,97.0,7.5
X0A,NU,92.0,7.5
X0A,NU,88.0,7.5
X0A,NU,105.0,7.5
X0C,NU,168.0,7.5
X0C,NU,99.0,7.5
X0C,NU,95.0,7.5
X0C,NU,93.0,7.5
X0C,NU,91.0,7.5
X0C,NU,91.0,7.5
X0C,NU,86.0,7.5
X0C,NU,91.0,23.0
X0C,NU,93.0,25.0
X0C,NU,92.0,27.0
X0A,NU,104.0,7.5
X0A,NU,91.0,15.0
